UsageData,BillingAmount,PaymentHistory,CustomerServiceInteractions,Complaints,PromotionsReceived,ContractType,ContractDuration,Age,Gender,Income,HouseholdSize,is_churned,Month
880.9229703211414,,1,2,0,0,1,16,18,0,57732,2,0,1
,176.1447251913149,1,1,0,2,1,12,51,0,84085,3,0,1
311.7631909760996,145.69017110784873,1,2,0,0,0,15,21,1,51898,5,0,1
414.4127729841056,105.30521695441196,1,4,1,3,1,13,23,0,72227,3,0,1
244.6970276783871,52.3083189956826,1,5,2,3,0,17,41,1,37707,1,0,1
549.6249695472181,70.5079065132207,1,5,1,0,1,24,49,1,110765,5,0,1
,93.18395864541247,0,1,1,3,0,8,64,1,67488,4,0,1
935.2181080142898,2.2234358768333795,1,5,0,1,1,17,54,0,107210,4,0,1
361.973971988064,121.02464273881044,1,2,0,2,0,22,45,1,65815,5,0,1
493.6517678915359,10.565750562776577,1,4,0,0,1,1,27,0,82109,2,0,1
887.4937841436865,86.75063197517836,1,5,1,2,1,12,31,0,35579,3,0,1
776.9929816212058,133.48998650822082,1,5,1,2,0,7,40,0,93890,4,0,1
524.5409425155657,,1,1,0,1,1,19,56,0,65090,4,0,1
,,1,5,2,2,1,13,55,1,107029,5,0,1
77.12142565598367,45.33296294915827,1,5,0,3,0,13,45,0,77692,4,0,1
696.1029556321032,10.859954581343525,1,3,1,1,1,12,58,0,56073,1,0,1
261.6634144805647,,1,4,1,0,1,10,58,1,90962,5,1,1
776.1413201417856,113.640804098706,1,3,1,0,0,8,64,1,73818,1,0,1
,,1,1,1,3,1,8,62,0,118185,5,0,1
164.4172140847896,143.47528186514737,1,4,2,2,1,18,18,0,27573,1,0,1
661.6548769193256,84.67106647399574,1,5,0,0,1,23,53,1,70806,3,0,1
238.3269386604392,86.06959151305537,1,4,0,1,0,12,47,0,62946,3,0,1
994.9406209329244,61.32349810617039,0,5,2,2,1,1,45,1,111918,5,0,1
761.8442766928965,150.8759393953841,1,2,2,2,0,18,32,0,40806,3,0,1
,68.94605018759317,1,3,1,3,1,17,65,0,113964,3,0,1
,66.081175213236,1,3,2,1,0,4,46,0,69097,5,0,1
,,1,4,1,3,1,15,56,1,106384,5,0,1
510.1225994331677,,1,4,0,2,0,16,56,0,53062,4,0,1
537.5805189395847,0.9534646108739776,0,0,0,1,0,10,38,0,31715,1,0,1
522.986695032889,96.75451885817378,1,2,1,0,0,22,50,0,48102,4,0,1
,25.119406220785436,0,3,0,3,1,1,34,1,110037,4,0,1
562.547357981396,,1,3,1,2,0,1,59,0,108968,4,0,1
728.1988801497511,188.47952027214097,1,4,0,3,1,20,44,0,109515,5,0,1
492.041824046585,179.3328313338706,1,3,2,0,0,18,42,0,53103,2,0,1
,174.95330893170654,1,5,1,3,1,22,65,1,114768,4,0,1
395.51701881117486,180.53394696740932,1,1,1,0,1,20,62,0,95019,2,0,1
,142.64510230850706,1,4,0,0,1,13,49,0,92376,2,0,1
,,1,3,1,1,1,2,59,1,93355,2,0,1
463.84991432368696,,0,5,0,3,1,24,32,0,74836,4,0,1
550.5472241486176,30.70396343629731,0,1,1,3,0,7,64,1,60140,1,0,1
997.7779129801723,47.893368326339456,1,4,1,1,0,3,19,1,100520,1,0,1
788.9406997611549,167.80524848235282,1,5,0,1,0,17,28,0,38565,4,0,1
394.00205697602354,125.18522658289064,1,0,1,2,1,23,20,1,56107,5,0,1
821.5885015732397,81.28180748976128,1,3,0,0,1,21,34,0,102016,3,0,1
811.1713983911096,163.11122855202618,1,3,0,3,0,7,42,0,109653,5,0,1
371.73916688944286,69.14218201586564,1,0,0,1,0,19,59,0,101120,1,0,1
,82.85408149550553,0,4,0,3,1,17,42,1,99177,1,1,1
455.17975932360577,,1,3,2,1,0,4,53,0,110505,2,0,1
944.554239386496,150.99985392389078,1,5,0,1,0,12,32,0,50926,4,0,1
362.1519505040196,,1,3,2,0,1,20,58,1,73835,4,1,1
916.4504987985268,36.167691742638986,1,3,1,0,1,9,68,0,72518,2,1,1
15.816765310421754,11.219586891637622,1,0,1,1,1,1,68,1,77713,1,0,1
371.42874554628327,124.99033564291646,1,5,1,3,0,19,48,1,39273,1,0,1
544.3801946332228,58.561585104297585,1,3,2,3,1,8,59,1,105779,3,0,1
962.5863135415632,,1,2,1,1,0,2,40,1,71422,5,0,1
264.8302551768411,64.99113967414783,0,2,0,0,1,9,42,1,84703,5,0,1
524.3106505206708,,0,0,2,3,0,1,36,0,96112,4,0,1
,190.4228060986702,0,0,0,1,1,4,53,0,102894,1,0,1
339.6887112061511,,1,1,1,3,1,15,62,0,100494,4,0,1
114.9917144221666,5.490979811621677,0,3,1,0,1,18,18,1,80835,2,0,1
798.1709227678148,,1,3,2,0,1,20,33,1,87135,5,0,1
666.0444073691618,78.13774485234278,1,4,1,0,0,14,25,1,43689,2,0,1
181.4385065722448,1.1186884504377217,1,5,1,2,0,10,45,0,66853,2,0,1
,187.01531874791465,1,1,2,2,0,23,41,0,66518,3,0,1
193.08561524495823,97.69161359639628,1,0,2,1,0,2,21,0,83490,5,1,1
250.93665902168027,116.0096007168172,0,5,0,3,0,4,40,0,32046,1,0,1
,35.137860712969186,1,4,1,0,0,17,35,1,102614,2,0,1
430.56703499432115,66.05803702815993,1,0,2,2,1,4,32,0,75824,5,0,1
913.7186613044468,147.1550416218371,1,2,1,0,0,7,63,0,93593,1,0,1
409.13207385408754,1.823855079301828,1,5,0,2,0,19,35,1,38107,5,0,1
,29.92104710852159,1,2,2,1,1,4,51,1,73899,3,0,1
988.9811336793906,8.364069950920916,0,0,2,0,0,10,60,0,106371,5,0,1
56.46258771600743,88.82823209350666,1,2,1,2,1,10,65,0,106654,5,0,1
251.23840212426344,35.380347811194014,1,2,1,1,0,3,59,0,73111,3,0,1
898.911901090533,,0,4,2,2,1,6,25,0,98171,2,0,1
129.06673036839263,,1,0,2,2,0,22,29,1,94531,2,1,1
546.3738677884044,,0,4,0,1,1,15,57,1,107473,4,1,1
568.2896245694204,75.77950335533214,1,5,2,0,1,14,30,1,45635,4,0,1
885.1842730190116,16.535758089099573,1,1,2,0,1,24,41,1,90042,4,1,1
936.2635491051576,141.35116060324265,1,2,1,1,1,4,18,1,57595,2,0,1
524.2703791637103,89.12307350915773,1,0,2,1,1,13,28,0,71848,1,0,1
615.4695822869044,107.3259751490966,1,4,1,1,0,3,29,1,35625,6,0,1
405.7042397556515,,1,5,2,3,1,7,33,1,89828,4,0,1
116.2824015452928,77.89702963705795,0,2,2,1,0,8,51,1,72782,4,1,1
933.1312394529364,,1,1,2,1,1,17,62,0,76913,1,0,1
191.02621341071543,7.069624250111306,1,3,0,3,1,23,33,1,43761,1,0,1
479.824160375532,125.13130547140452,1,1,0,2,0,18,38,0,79820,3,0,1
554.5778725520169,10.99014814506598,1,1,0,0,1,3,55,0,45404,5,0,1
338.58632589507573,107.283783201009,1,2,0,3,1,18,44,0,58497,5,0,1
755.6803367713911,10.119507709322797,1,3,2,3,0,11,32,1,58429,2,0,1
701.5097722511391,148.75475618026488,1,2,0,3,0,8,33,0,48563,2,0,1
221.20904359550295,11.506569024619594,1,0,1,3,1,21,66,0,67947,3,0,1
455.9922070692461,190.30913600952184,0,2,0,1,1,5,40,0,44665,4,0,1
886.5348742808432,91.2558391148735,1,0,2,0,0,10,52,0,109675,1,0,1
,,1,4,1,0,0,3,42,0,51657,2,0,1
233.06186359066984,32.18097548124179,1,2,2,3,0,20,45,0,57345,3,0,1
255.62262137414749,98.65815340062886,1,1,2,0,0,22,61,0,69101,4,0,1
487.89705632142653,118.33436881695587,1,2,2,0,0,9,41,0,48842,2,0,1
839.9992901619358,9.92768341896384,1,2,2,2,1,15,21,1,35356,1,0,1
224.96079317664075,,0,1,2,3,1,20,59,0,105457,3,0,1
167.3226119579282,78.40145893899854,1,1,2,3,1,10,23,0,104024,3,0,1
344.2632367588189,,0,1,1,3,1,5,31,1,41797,3,0,1
59.270449706428586,71.59225533978932,1,5,1,3,1,15,20,1,62535,1,1,1
893.6655637411507,82.45848915631844,0,0,1,3,1,12,38,0,60130,3,0,1
481.5735394270737,11.952538697025728,1,0,2,0,1,18,51,0,39117,1,0,1
894.202176603888,74.68961949783863,0,3,0,0,0,23,55,0,111221,4,0,1
601.9069409818293,,1,5,1,1,0,22,19,0,72633,1,0,1
750.7847329555898,156.87920436976944,1,2,0,3,1,19,61,0,91937,2,0,1
214.0496725975032,42.95987452313448,1,5,0,2,1,5,24,1,41151,1,1,1
,192.75566786094677,1,1,2,3,1,14,52,1,68612,3,0,1
479.8264086801571,,0,0,2,2,1,22,40,1,82282,4,0,1
651.3238992837752,114.58311234659767,1,3,1,3,1,23,37,0,92383,5,0,1
161.49932289683332,,0,3,1,0,0,1,50,1,63555,4,0,1
117.64807183872396,129.01839007582072,0,1,1,2,0,15,42,1,40118,1,1,1
702.1096410811219,191.6860743614475,1,5,1,2,1,1,54,1,104132,3,0,1
109.24523718762836,197.26074568873472,1,0,2,3,0,14,61,0,112876,1,0,1
486.7521930621336,6.16666145684186,1,3,2,0,1,6,21,0,85870,5,0,1
58.8547596676583,106.2359953286872,1,4,0,2,1,1,53,1,77123,3,0,1
71.95668198793493,97.59096488350735,1,1,0,0,1,14,24,0,85860,2,0,1
833.4612663184184,169.8131493737745,1,2,2,2,0,2,35,0,109997,2,0,1
636.8868824317962,,1,4,1,3,1,17,33,1,84922,3,0,1
154.6900191742966,128.90418206096012,1,1,2,1,0,4,28,0,65109,5,0,1
41.40616241837891,108.0435865390988,1,3,2,0,0,9,30,0,82639,3,0,1
,9.576133094729112,1,3,1,1,1,20,19,1,102565,5,0,1
,166.71762170949123,1,2,2,2,0,19,62,1,116661,5,0,1
517.8711420425337,20.754448437234178,1,0,2,1,1,16,69,0,86401,3,0,1
677.8613363644093,151.2770052211342,1,5,0,3,1,11,67,0,82739,3,0,1
271.8280162509711,80.47518764862369,0,5,0,1,0,22,41,1,97184,1,0,1
948.9175627989804,,1,2,0,2,0,17,57,1,53431,2,0,1
935.088148781398,,0,0,0,3,0,1,53,0,93976,2,0,1
30.8306973357626,12.93697150768558,1,4,1,3,1,15,23,0,93796,3,0,1
535.2143048228306,174.30822226643946,1,5,2,2,1,2,57,0,97794,1,0,1
564.6255809312516,,1,4,2,0,1,2,45,1,82277,4,0,1
286.0025859911093,39.79133323116755,1,3,0,1,1,6,42,0,38397,1,0,1
264.1905178892867,6.618160292551223,0,2,2,2,0,9,38,0,58067,1,0,1
347.8206214099082,63.89356590528719,1,1,2,3,1,18,29,0,30769,2,0,1
467.9233326644869,,0,5,0,0,1,5,65,0,89479,1,0,1
,81.59843509447077,1,1,1,0,1,23,57,1,109706,1,0,1
606.5474073447574,,1,5,2,1,1,22,60,1,104690,5,0,1
909.0623730588673,164.39075052137645,1,1,1,2,0,8,31,1,73447,5,0,1
729.3743906881258,117.99821498840586,1,1,2,3,1,15,61,0,64221,4,0,1
,136.65446094207928,1,5,2,2,0,14,38,0,46036,1,0,1
,114.3005183378895,1,3,0,2,1,3,38,1,65856,3,0,1
644.082030542834,165.1698106386845,1,5,2,2,1,21,44,1,59215,1,0,1
653.7837143796404,87.70829899740727,1,1,0,1,1,17,68,1,52584,5,1,1
636.1674925525505,64.92342846088202,1,3,0,1,1,23,66,1,60922,2,0,1
103.43278837957324,116.09929290795776,0,1,1,3,1,15,55,0,106321,4,0,1
351.7449792464549,81.87204619940691,1,3,1,0,0,22,42,0,89499,4,0,1
172.88481022494085,92.65956512704004,1,2,0,0,0,15,24,0,28626,2,0,1
475.21057985991854,100.85893231293338,0,3,2,1,1,5,28,1,33330,1,0,1
492.6576736086932,93.76628473467127,1,3,2,0,1,23,28,1,30956,4,1,1
19.403345868138523,53.69823799184381,1,5,2,1,1,1,43,0,90355,1,0,1
767.5442922105505,79.53239106271484,0,5,0,3,1,13,42,1,67984,3,0,1
227.52786700786,190.7018393722895,1,5,2,2,1,4,25,1,66287,2,0,1
932.47439332737,82.91267763369785,0,3,2,2,0,11,43,1,76936,1,0,1
,38.88530062054085,1,4,2,2,1,16,59,1,112567,3,0,1
907.1782069338044,8.051837159426146,1,3,1,1,0,17,25,0,103178,5,0,1
822.7448932617523,107.03765573035602,1,2,2,0,0,1,31,0,99617,3,0,1
547.4684445773191,,0,0,1,2,0,11,41,1,98158,3,0,1
600.1829073455115,101.87057544628033,1,4,1,1,0,13,68,0,106124,4,0,1
419.2444875102533,128.80529960457628,1,3,0,1,0,5,27,1,52956,1,0,1
396.0933911798651,70.70525073437419,0,5,2,1,1,2,61,1,67029,3,0,1
263.40450662656747,13.67822985673075,1,2,2,1,1,5,67,1,107884,1,0,1
135.26359026508993,83.95187075242076,1,1,2,3,1,16,65,1,45147,4,1,1
,103.31876524322558,1,5,2,3,0,7,39,0,74426,4,0,1
608.5656116063337,151.90680194756675,1,4,2,1,0,17,32,0,86378,3,0,1
,184.41868675807115,0,1,2,2,1,1,67,0,117794,2,1,1
263.2404943710138,144.66124028109596,1,2,2,1,1,14,20,1,85468,5,0,1
317.86545292510004,119.20723965159208,1,5,2,3,0,9,52,1,45266,5,0,1
459.1934190711999,30.40765297195671,1,4,2,3,1,5,54,0,89227,1,0,1
261.06750026008854,,1,5,2,2,0,18,46,1,62478,3,0,1
602.0735993538042,57.12550023693619,0,3,1,0,0,8,22,0,47856,1,0,1
617.7900334751774,30.37185349890428,0,0,1,1,0,5,44,1,36362,2,0,1
267.26086838691344,,0,0,1,1,0,15,61,1,113761,1,0,1
,173.70949634914655,1,3,1,3,1,5,19,1,104329,5,0,1
337.03701099245467,181.1947884024116,1,2,0,0,0,21,39,0,45683,4,0,1
304.42465518646844,190.83206532373453,1,1,0,0,0,2,38,0,92981,3,0,1
629.8087672063002,17.31282026109926,0,2,2,3,0,1,27,0,37846,4,0,1
283.1101525350641,20.835143874596305,1,4,2,3,1,24,33,0,106996,3,0,1
,,1,0,2,3,1,23,23,0,91999,5,0,1
884.6891154508415,191.79883783316927,1,5,2,0,1,19,67,0,60641,4,0,1
336.83663143859167,38.136360651235314,1,0,0,1,0,6,55,1,67751,2,0,1
504.6760974712746,138.44566188776614,1,3,0,2,1,1,56,1,96548,1,0,1
892.8878105959037,45.18784661746415,0,3,2,3,0,13,25,0,100680,4,0,1
,157.30480691785527,1,4,0,0,1,11,63,1,88848,1,0,1
825.0865451925569,,1,0,2,0,0,23,48,1,55578,3,0,1
,111.31876956518312,1,1,1,1,1,21,18,1,94957,1,0,1
587.7515493671217,117.52207596755224,0,4,0,0,1,3,43,1,108528,3,0,1
427.3215155224703,196.2328315218195,1,4,1,2,1,10,50,1,84992,1,1,1
939.3538174180276,51.92178974254331,1,2,2,0,1,23,68,1,82373,4,1,1
,108.62487408433034,0,3,0,2,1,2,43,1,36070,2,1,1
,113.58535909686498,1,2,1,3,0,21,25,0,60269,1,0,1
,,1,4,1,0,1,4,29,0,86670,1,0,1
,,1,3,0,3,1,22,23,0,59592,1,0,1
860.9204625548246,,1,0,2,0,0,21,35,1,51549,6,0,1
46.09847118503918,82.98199467464231,1,2,0,0,1,24,37,0,80476,2,0,1
,196.10554633087207,1,2,0,1,0,20,52,1,44644,2,0,1
298.5345049108677,42.72464594661574,1,2,0,3,0,18,62,0,84316,5,0,1
692.2684520823021,91.10318278300042,0,6,0,2,1,21,44,1,75050,4,0,1
511.81518700935135,15.65690041387242,1,2,1,0,0,7,56,0,42731,8,0,1
933.1391599093024,24.674497909377855,1,3,2,2,0,18,31,1,78887,5,0,1
336.358098702205,105.00909490433747,1,1,2,2,0,4,49,1,45864,5,0,1
695.0984556046648,99.90426256362043,1,3,1,3,1,9,47,0,65913,2,0,1
38.73038642266291,152.96016124699003,0,4,0,1,1,23,68,0,97809,1,0,1
680.9897566373764,47.050516997704776,0,1,0,0,1,21,54,0,38906,5,0,1
419.22730986200094,,1,2,1,1,1,15,61,1,79323,1,0,1
851.7454663542967,48.27482825108606,1,0,2,0,0,7,62,1,68297,4,1,1
616.566281310022,135.88731672347438,1,0,1,1,1,12,41,1,111119,4,1,1
690.9602299457383,138.59508535806552,1,0,1,0,0,8,34,0,95942,1,0,1
838.8548655626387,73.92004601378244,1,3,1,1,0,18,42,1,41873,1,0,1
,93.62722584512564,0,4,0,3,0,14,20,0,98881,4,0,1
987.2001006170142,,1,4,0,3,0,20,55,0,107863,5,1,1
212.06876977680557,176.60189349013186,1,1,0,0,0,13,68,0,84410,5,0,1
187.8371790567336,113.97569691387704,1,0,2,2,1,17,33,1,44919,3,0,1
800.2715461386325,63.39179754332156,1,0,0,0,1,2,59,1,106657,3,0,1
423.28843281441544,171.65483352513743,0,1,0,0,1,2,22,1,88416,2,0,1
199.46333150578477,119.52698448034016,1,2,0,3,0,10,55,0,82355,1,0,1
182.65851635396723,171.1824179073594,1,0,2,2,0,19,63,0,93461,5,0,1
149.62387878390737,137.17468306936215,1,5,0,1,1,10,22,1,75940,1,0,1
440.3859729681646,68.37120235941505,1,2,1,0,0,2,18,1,104966,2,0,1
58.16517782004071,156.4655840293902,1,3,1,3,1,20,42,0,88232,5,0,1
10.0131256539302,90.0513658634523,1,2,1,1,0,6,50,0,67670,4,0,1
811.6652645619876,,1,1,0,2,0,6,20,0,68345,4,0,1
558.3295121564806,136.1878566513371,0,2,0,1,1,24,24,1,57547,5,0,1
257.3815735574375,118.0661117960576,0,3,0,3,1,17,22,0,81928,5,0,1
84.82078486589894,,1,1,2,2,1,7,54,0,58805,4,0,1
690.2954537908028,,1,0,0,3,1,1,57,0,116513,1,0,1
804.7004519661423,87.6323051062563,0,5,1,2,1,22,65,0,75603,5,0,1
473.21567900062746,185.94575023518644,1,0,1,0,0,18,45,1,69810,4,0,1
813.4756917452307,197.3275039906103,1,5,0,1,1,2,62,1,97659,2,0,1
898.6249884406709,162.75729840553424,1,4,1,3,1,20,42,0,51995,3,0,1
438.0874681089708,126.07858338322436,1,4,0,3,1,20,32,1,87295,1,0,1
933.1737264870036,154.01325948878656,1,0,1,2,1,9,48,1,102021,1,0,1
156.21137106515047,164.8791690784738,1,3,2,3,1,18,52,1,112337,5,0,1
651.1501738782521,47.21620670473297,1,5,1,3,1,10,69,0,112787,5,1,1
434.5748300255688,80.03138672194746,1,3,0,0,0,5,30,0,101366,1,1,1
95.7318984771357,184.44062597001093,0,0,1,3,0,23,36,1,106862,4,0,1
930.6427618932016,54.617783631723405,0,3,2,2,1,14,31,0,71983,2,0,1
788.2347764549595,171.57660850576954,1,1,1,0,0,17,57,0,91590,5,0,1
546.6913693519733,114.57701614259564,1,2,0,1,1,5,37,0,97744,3,0,1
,135.88522665833185,1,5,2,0,1,22,69,0,71664,2,0,1
479.7834723931915,161.7160011835025,1,1,1,1,1,5,55,1,64536,2,1,1
585.5991219239785,181.07705819445783,1,1,1,2,1,16,69,0,52013,3,0,1
202.57109268184203,126.37081006534692,1,3,0,1,0,20,38,1,32441,5,0,1
488.8652790614552,124.58155496317968,0,0,1,3,0,5,32,0,55526,1,0,1
,146.1030130539825,1,0,1,0,0,13,46,0,71018,1,0,1
,35.753768248695536,1,0,0,1,0,2,44,0,60843,2,0,1
440.3229129658809,125.53874600165597,1,2,1,1,0,18,44,1,45550,2,0,1
424.4258631853715,153.64321778164305,1,5,2,1,0,8,65,1,105349,2,0,1
968.1898608427072,26.936370831275823,1,0,0,2,0,1,58,0,70010,2,0,1
947.2985698473346,37.954734712789914,0,0,2,0,0,4,24,0,60482,3,0,1
736.2758288565891,127.20102931760418,1,4,2,3,0,20,58,0,73613,5,0,1
743.5799971658219,68.11421888308529,1,4,2,2,1,19,62,1,111895,1,1,1
894.6090338908473,123.9073608934512,1,4,0,1,0,16,54,1,93872,1,0,1
965.6243289055382,92.96806611821584,0,3,1,2,0,17,64,1,57991,3,0,1
,90.16423555845388,1,0,1,2,1,18,49,0,61283,4,0,1
23.735775658753177,89.3315496592494,1,4,0,2,0,18,53,1,63018,1,0,1
675.8098111624289,67.9561471174026,1,0,0,0,0,22,52,1,78636,3,0,1
956.4530631981283,83.54768162492961,0,1,2,2,0,23,36,0,46296,2,0,1
,7.159929040158164,1,5,1,1,0,24,58,1,43221,1,0,1
548.18777682159,63.304349653157786,1,2,1,0,1,4,45,1,56248,4,0,1
996.5446218999311,,0,0,2,2,0,3,24,0,50201,3,0,1
558.1866302872864,115.38878189016836,1,3,1,1,1,5,37,1,94896,3,0,1
326.1372808411013,127.4714033619058,1,4,0,0,1,9,63,1,66894,1,0,1
753.496016543145,,1,3,2,3,1,14,66,0,100057,2,0,1
,,1,1,2,3,0,1,57,1,96403,5,0,1
,172.9171906117837,1,5,0,2,0,1,67,1,119537,1,0,1
,162.70213648720463,1,0,0,0,1,11,41,0,54378,1,0,1
584.4129744721184,114.6551979301946,1,4,0,1,0,23,46,1,104437,4,0,1
761.1810365732555,91.23574939951398,1,5,0,2,1,20,31,1,101770,5,0,1
764.3103600440731,166.36041667901358,1,1,2,1,1,15,44,1,104351,2,0,1
,156.47327475692788,1,0,0,1,1,2,52,1,89164,3,0,1
967.2333065566614,,1,2,1,1,0,19,55,0,81081,3,0,1
,67.60562612443195,1,0,0,0,0,3,22,1,56692,3,0,1
,122.82464964509026,1,5,0,3,0,20,34,1,52209,1,0,1
566.9947962978886,13.33901187845006,1,1,0,0,0,8,55,0,113719,4,0,1
808.5090309577369,37.19041765280937,1,2,2,1,0,14,29,1,60747,5,0,1
901.9226888185332,186.24322544385157,1,4,2,3,0,8,21,1,95459,5,0,1
830.0024318615276,184.38830785217425,1,0,0,1,0,17,30,0,42438,1,0,1
591.4332261343604,75.13456118323619,0,2,2,1,0,10,24,0,75333,2,0,1
69.5348575812338,,1,0,1,1,0,6,69,1,120525,2,0,1
729.2359499335364,172.79709279906012,1,2,1,0,1,8,54,1,45835,5,0,1
760.1157896707358,,1,1,1,2,1,13,61,0,110772,5,0,1
,195.90179392820613,0,3,1,2,0,24,54,0,42265,1,0,1
314.8310733314628,77.94632570325616,1,5,2,2,1,22,61,0,46219,5,0,1
84.45587389612041,154.9084842608885,1,0,1,0,1,24,50,1,89679,4,0,1
406.6688520297084,124.58154026926182,0,2,2,2,0,8,32,0,34848,2,0,1
,19.7054941224744,1,2,2,3,0,7,36,0,88756,4,0,1
170.00591832743638,149.250895619782,1,2,0,1,1,20,42,1,97266,1,1,1
601.2205949055062,42.40213381340716,0,1,0,2,0,14,35,1,59460,3,0,1
,50.24857171428434,1,3,1,0,1,21,35,1,75678,1,0,1
879.6442803596321,181.64265624722412,1,0,0,0,0,18,62,0,117246,1,0,1
865.7484253947971,77.75759512190248,1,2,1,2,0,15,48,0,87111,3,0,1
661.7117400540117,165.73279134286403,1,4,1,0,0,5,68,0,117969,5,1,1
688.7955847846073,75.16522519521473,1,0,0,2,0,19,58,0,98242,4,0,1
114.92192880917318,41.3949526675414,1,0,0,2,1,1,50,1,57938,5,0,1
220.04795049235472,39.3084621129284,1,2,1,0,1,15,62,0,68524,2,0,1
964.7294645765264,84.21900158715209,1,4,2,2,0,22,66,0,109182,4,1,1
999.14187894545,75.43875110987742,1,3,0,1,0,10,20,1,54854,2,0,1
,53.66196250427926,1,2,2,3,0,24,20,1,72101,2,0,1
762.8006150254155,72.42659252214514,1,1,2,2,1,15,19,1,45979,2,0,1
631.1369379524929,28.410146425767245,1,0,0,0,1,13,68,1,80567,2,0,1
31.665991308545415,2.9839597936011764,0,0,1,2,0,15,21,0,92582,5,0,1
578.6489268256641,,1,0,2,0,0,14,62,0,107372,3,0,1
591.5830172780554,197.542771897852,1,1,1,2,1,10,29,1,44230,2,0,1
337.0819998504264,53.61958717354885,1,2,0,2,0,1,24,0,51957,2,0,1
920.911831923698,54.788722611002385,1,5,0,1,0,13,44,1,110124,1,0,1
994.686420570658,195.8742069488998,1,3,0,2,1,17,62,0,102292,1,0,1
925.344926527975,141.78357894950938,1,2,2,1,0,16,52,0,58820,1,0,1
5.084995806590054,190.45087003901403,0,4,2,1,1,17,64,1,88402,2,0,1
239.56121940141085,33.4823001295226,1,1,1,2,1,11,27,0,86834,2,0,1
,15.961087993761902,1,3,0,1,0,16,18,0,61161,5,0,1
784.2050571429197,40.985011874042954,1,3,0,0,0,12,48,0,107920,2,0,1
114.06021277371448,138.66771714671975,1,4,0,2,0,24,62,0,80473,5,0,1
561.4023079162052,,1,4,1,2,1,14,26,0,97447,1,0,1
225.03980342089625,4.730917532857815,1,1,1,3,0,16,42,0,34742,4,0,1
405.9586156509703,108.07472331193226,1,2,0,0,0,23,46,0,91236,1,0,1
937.8824742888936,7.685133531729171,1,0,2,0,0,16,51,0,59525,3,0,1
358.97743254008776,188.53242318340975,1,0,2,0,1,11,69,1,91914,3,0,1
618.6009772039582,66.91437652719137,0,3,0,3,1,2,69,1,104828,2,0,1
189.0273983194698,158.85174401028775,1,4,2,2,0,3,21,1,83440,5,0,1
76.67084675081992,40.549776461790785,0,3,0,0,1,5,56,1,46123,2,0,1
,80.3353120695284,1,0,0,0,1,16,44,0,42203,1,0,1
991.8910088786682,138.5086057819956,1,5,0,2,0,23,57,1,38174,4,0,1
25.87605489838374,,0,3,0,2,1,17,51,1,90070,3,0,1
479.08642179537753,176.5666893856338,1,2,0,2,1,16,61,1,47356,3,0,1
53.63057485196687,149.1564132790926,1,2,1,1,1,10,38,0,52524,4,0,1
,69.72189510875111,0,0,1,3,0,22,18,1,65613,2,0,1
774.4504946102451,79.5062919891166,1,1,2,0,0,12,38,1,78159,4,1,1
457.02431554336664,,1,4,0,1,1,23,52,1,78824,3,0,1
210.3859728500128,99.48916353165616,1,0,0,1,1,3,50,0,85682,3,0,1
571.4602038595775,44.19221704920098,1,3,2,3,0,19,25,1,90640,2,0,1
,,1,4,2,3,1,2,57,1,105837,2,0,1
848.2960917501947,,1,2,2,2,0,2,51,1,96773,2,0,1
780.3616503811716,,1,5,1,0,1,20,49,1,79011,2,0,1
580.4464591363943,,1,3,2,1,0,9,67,0,70239,4,0,1
419.7892986842928,58.12787359727205,0,4,1,2,1,9,41,0,106460,5,0,1
845.8820219843321,192.77992901680153,1,2,1,3,1,3,44,1,96401,2,1,1
677.6639685854434,185.27998865694252,1,0,1,1,1,22,63,0,86891,3,0,1
677.0676475797036,,1,4,1,0,1,4,20,1,71532,2,1,1
687.2761562436539,102.1817241855987,1,2,1,2,0,13,49,0,113333,4,1,1
120.72291736714593,46.83037378219945,1,5,1,1,0,10,59,1,73718,4,0,1
584.0273257134238,166.71813184595382,1,2,0,3,1,17,66,0,51842,3,0,1
356.17495146672053,114.7313958241332,0,5,1,2,0,22,22,0,36563,3,0,1
400.3069295252476,167.96367749534144,0,3,2,3,0,2,54,0,98523,4,0,1
550.7447589466888,79.60239997638993,1,5,1,0,1,19,22,1,100989,2,0,1
996.2512710753374,,0,5,2,3,0,1,43,1,72453,3,0,1
905.247110784191,88.83525422944729,0,0,0,1,1,4,60,1,74995,4,0,1
995.595998235189,95.7600563738272,1,1,2,0,0,19,68,0,50288,2,1,1
,,1,2,0,2,0,22,41,0,110874,3,0,1
121.59031127646593,,1,5,1,3,0,5,63,0,117090,8,0,1
,102.86232446802636,1,4,1,2,1,14,38,0,99572,5,0,1
228.71808962930697,179.87034730597557,1,3,0,3,1,15,37,1,33734,4,0,1
998.377202988598,,0,5,2,3,0,23,26,0,77906,5,0,1
505.1400204419347,,1,3,2,2,1,21,32,1,34548,4,0,1
776.3760529446192,25.60698994420647,1,5,0,0,1,14,67,0,109467,1,0,1
,,0,0,0,2,0,23,20,0,64752,3,0,1
971.4213539590166,61.75362323785534,1,4,1,2,1,1,44,0,103386,5,0,1
92.2629053193822,78.80126034985011,1,5,0,2,1,3,21,0,44477,3,0,1
89.13951721962698,89.26251950012237,1,3,1,1,0,15,35,1,41305,1,0,1
760.8330954757553,123.42023041316884,1,4,2,3,0,4,62,1,96429,1,0,1
14.472295753924724,175.32425572427186,1,3,2,1,1,13,48,0,53743,1,1,1
873.8236781355154,33.21182355806273,1,1,1,0,1,20,66,1,94772,2,0,1
510.82455770204496,3.360449312748348,0,4,2,1,0,17,61,0,87230,3,0,1
257.9958346037867,165.9707279664913,1,4,1,0,1,16,43,0,75069,1,1,1
,,1,2,1,0,0,20,38,0,91758,1,0,1
739.8380014342366,2.9429159870343113,1,4,0,0,1,9,57,0,39699,2,0,1
,12.025955829443523,1,5,0,1,1,17,38,1,64092,3,0,1
740.5467430848354,148.35555109818384,0,5,0,0,0,7,59,1,52327,7,0,1
303.4895249003553,,0,3,1,0,0,8,59,0,44852,2,0,1
,42.47027206849874,1,2,1,0,0,8,52,1,66846,3,0,1
,60.67404808833658,1,2,0,3,1,5,43,0,70623,5,1,1
424.1798329698187,98.09043561644457,1,4,0,3,0,11,66,1,93526,1,0,1
813.1798260505537,52.14761715913126,1,2,1,2,1,20,61,0,96230,2,0,1
158.30224292701843,,0,4,0,2,0,23,49,1,49765,4,0,1
,57.20540122935696,1,5,1,1,1,2,66,0,84243,2,0,1
29.95313333176053,,1,2,2,3,1,20,32,0,97203,3,0,1
980.3218800488344,,1,3,1,1,0,7,45,0,80403,3,0,1
176.38633363262556,89.54672482881006,1,2,2,2,0,7,26,0,84342,2,0,1
163.46118583405422,9.5214037523087,1,0,2,3,1,18,22,1,48344,2,1,1
,,1,5,1,2,0,8,24,1,56059,1,0,1
66.3214330868187,0.2033763488362705,1,4,2,1,0,16,63,1,80630,5,0,1
872.073696568087,4.269587178780521,1,5,0,2,0,11,39,0,106440,4,1,1
193.30301826234685,106.9828708839778,1,1,0,0,0,8,38,1,80607,4,0,1
631.10184782412,,1,1,0,1,0,3,36,1,95228,1,1,1
788.4450153838119,,1,5,2,0,1,11,34,1,107183,3,1,1
499.02330368072825,,1,5,1,0,0,6,28,1,80660,5,0,1
36.17955376928339,,0,1,1,3,0,17,67,1,77808,1,0,1
316.72168081209975,101.81099997071236,1,5,1,0,0,21,48,0,78594,5,0,1
608.7021508110918,156.64110643207147,1,1,0,0,1,1,25,1,101929,3,1,1
370.3376018343314,178.0516545551899,1,4,1,0,0,17,51,0,99470,2,0,1
,155.52114399095282,1,4,0,2,0,8,20,1,70475,5,1,1
512.4087231200758,115.8681554350782,1,5,0,3,1,5,57,0,56994,4,0,1
478.60228047636787,,1,2,0,2,0,20,64,1,42545,1,0,1
243.95619070285613,89.67264097738237,0,2,0,0,0,24,35,1,31221,2,0,1
950.5256107713182,136.67731975757656,1,1,1,1,1,19,53,0,38343,4,0,1
562.9503288440931,,1,4,0,3,0,6,56,0,58158,4,0,1
,82.72761266362352,1,5,0,2,1,14,38,0,88801,2,0,1
366.76037071218224,84.2607309502061,0,2,2,0,1,23,21,0,50738,1,0,1
,4.832459437428782,1,2,1,1,1,2,45,0,99014,3,0,1
793.3501855540758,48.98521782620553,1,2,1,2,1,7,53,1,106113,4,0,1
594.2107015032789,82.52366185862768,1,5,0,1,1,14,61,1,58004,5,0,1
780.0698110231094,84.81318880722462,1,4,0,2,1,11,66,1,47315,4,0,1
,183.1132432135765,1,0,2,2,1,1,44,1,84960,4,0,1
,,1,1,0,3,1,7,26,1,107725,4,0,1
744.2893226592614,98.908890496992,0,2,0,3,0,1,67,1,91975,5,0,1
674.3840456902881,,0,5,2,2,1,15,26,0,37622,1,0,1
606.3408362560539,70.42678393083617,0,2,1,1,0,9,45,1,78714,4,0,1
,,1,1,1,1,1,14,63,0,93979,4,0,1
63.86316844475526,35.500443957145954,1,4,0,3,1,21,36,0,69040,2,0,1
770.4851152669268,,0,5,2,0,1,24,55,1,52721,4,1,1
,,1,3,0,3,0,7,23,1,70025,4,0,1
236.98326989117413,158.65874851191825,1,1,1,3,1,21,69,1,120423,3,0,1
986.8625100417664,28.42047593956856,1,1,1,3,0,19,66,0,113889,3,0,1
145.64382465765934,144.5232593508768,1,2,2,1,0,3,57,1,109840,2,0,1
449.4143366831359,97.39885053028074,1,3,2,1,1,2,39,0,58285,1,0,1
,63.367339573985035,0,1,0,3,0,6,66,1,90985,4,0,1
909.2142703918064,150.26227484095892,1,2,2,0,0,9,52,1,42151,1,1,1
201.51247508214843,,0,3,1,2,0,24,48,1,62909,4,0,1
,104.24025681546404,1,0,1,1,1,17,66,0,62930,1,0,1
102.7396914242278,,1,5,1,0,1,8,43,0,110537,5,0,1
262.71827219354515,143.17835363552024,1,0,1,2,1,16,62,1,96121,4,0,1
497.2592951480622,180.915202427462,1,5,2,3,1,2,41,0,108278,3,0,1
855.737074575636,,1,1,2,0,0,6,22,1,104918,1,1,1
30.97462207241697,58.96828840462221,1,2,1,2,1,10,38,1,37878,2,0,1
493.1150990074975,25.861602874418633,1,3,0,2,0,11,61,1,50984,5,0,1
,7.761319733804761,1,1,1,3,1,8,39,1,69121,3,1,1
644.8191578429701,17.62580451517004,1,3,0,3,1,21,41,1,98513,9,0,1
726.7311765585422,69.64018173195508,0,5,1,1,1,17,52,0,56689,5,0,1
241.87142504389735,109.9969482680911,1,4,0,0,0,18,22,1,77411,1,0,1
496.8961538374851,8.253900252245217,1,0,1,2,1,1,66,1,96328,1,0,1
493.9997999379546,65.15399982702692,0,2,2,0,0,24,32,0,41140,4,0,1
110.48236964388502,113.32133973441256,1,5,2,2,1,17,56,0,92374,5,0,1
,107.64876889947206,1,0,1,3,1,17,55,0,38074,4,0,1
637.8522066001449,191.3376433000111,1,4,1,1,1,6,23,0,66884,5,0,1
358.6295795366511,162.55129282286362,1,0,1,0,0,22,36,0,56530,5,0,1
77.85231336098309,,1,5,1,1,1,22,34,0,64387,4,0,1
424.14196691443186,71.72956105741804,1,3,1,2,1,3,19,1,71852,3,0,1
,101.4103201271596,0,5,0,0,1,24,68,1,114858,4,0,1
463.8643708485312,127.29299216635027,0,4,2,1,0,17,46,0,109339,2,0,1
277.84049307795345,166.36551161390375,1,0,1,0,0,20,42,1,59575,2,0,1
953.9382459671764,6.379439089423755,1,4,2,3,0,23,65,0,50293,2,0,1
9.281841207645636,113.71227467172284,1,0,1,2,1,19,52,0,99375,4,0,1
850.0442731925772,108.1570728540948,1,2,2,2,0,13,54,1,75229,3,0,1
566.4164702918849,49.92959262064127,1,5,2,3,0,14,62,0,77941,2,0,1
520.9599290410905,20.54698307749332,1,0,1,3,1,9,37,1,40110,5,0,1
881.95495581624,,1,0,2,2,1,11,32,1,65163,3,0,1
228.64648980893088,157.70219063792808,1,0,0,3,0,6,65,1,97562,4,0,1
163.8348444686972,,1,1,1,1,1,11,27,1,100043,1,0,1
,29.420129567132935,0,2,1,0,1,4,49,0,83919,2,1,1
998.5318831568526,82.70205948714708,1,0,1,3,0,21,25,1,95583,1,0,1
248.2786740047489,36.509778071252576,1,4,2,0,1,18,50,1,61040,2,0,1
,18.849001166770595,1,2,1,2,0,18,18,1,102687,1,0,1
816.5223283575348,40.61457914180868,1,3,1,0,1,13,65,1,96677,1,0,1
980.6045264249376,146.20860296644506,1,4,0,2,1,6,43,0,79627,3,0,1
,122.67171070178196,1,3,1,3,0,21,59,0,40637,2,1,1
,26.229163847430257,1,5,0,3,0,2,65,0,60144,2,0,1
74.6133574598521,149.52155349368635,1,0,0,1,1,21,22,0,80740,2,0,1
655.4144993834896,119.16622775294204,1,2,1,3,0,12,19,1,76189,1,0,1
397.01164194020976,151.1124571307136,1,3,0,1,0,8,35,0,90952,4,0,1
660.204000044837,40.06013407736284,1,0,0,3,1,18,50,0,60757,2,0,1
985.00248141799,,1,1,0,2,0,1,27,0,91215,5,0,1
269.9555976494131,94.1116269543366,0,5,2,1,0,15,23,0,100613,2,0,1
531.8227011198313,,1,4,1,3,1,23,66,1,65237,4,0,1
464.3406439253954,,1,3,0,2,0,20,56,1,96940,3,1,1
555.2099939159541,121.7192908925838,1,2,1,3,0,15,56,0,112013,5,0,1
525.5748330785584,42.01158459954022,1,1,0,1,1,14,30,0,74974,5,0,1
572.3188968770863,162.61809286015855,1,5,2,0,1,3,58,1,65979,4,0,1
,119.70516398503857,1,1,2,1,0,11,60,1,107427,6,0,1
,33.45747039016756,1,5,1,0,0,17,29,1,106455,5,0,1
263.02484971140706,,1,5,2,0,0,18,42,1,74691,5,0,1
160.12913943077876,119.08076047366394,1,5,2,0,0,9,19,0,85507,1,0,1
,122.91784108540276,1,0,1,2,1,7,20,1,77409,5,0,1
719.4898521132772,49.07506410522349,1,0,1,1,1,11,66,0,82402,4,0,1
956.0824686323932,67.25942473420857,1,5,0,3,0,1,22,1,61149,5,0,1
220.03684046485017,19.14687064477154,1,4,1,2,1,13,60,0,66784,3,1,1
,69.05956048130221,1,2,0,3,0,13,36,0,84542,5,0,1
580.580822818996,,1,2,1,1,0,23,59,1,56948,4,0,1
490.3943921865852,80.77941952488534,1,0,0,1,1,16,19,1,30885,2,0,1
637.803402379092,17.496440801039228,1,3,2,2,0,4,68,1,87498,4,0,1
,158.0986898330599,1,0,2,1,1,18,38,0,36372,7,0,1
53.337510404909416,93.23654319491904,1,0,0,3,1,6,30,0,99426,1,0,1
402.1547577405302,96.96779069104024,1,0,0,0,1,22,58,0,109363,1,0,1
317.96959050408367,,1,1,1,3,1,8,39,1,94932,3,0,1
464.9983565892761,193.4399949551423,1,1,2,0,0,16,34,1,82429,1,0,1
427.9259447052933,,1,1,1,1,1,16,43,1,92412,5,0,1
764.4966621609209,34.14269923316853,0,0,0,3,0,5,53,1,63868,2,0,1
569.2966532769277,172.88386716819394,1,1,0,1,1,21,62,1,78754,2,0,1
160.03844020394698,180.24468519381395,0,0,0,0,0,6,21,0,64591,1,0,1
510.72689210230106,35.95947066347107,1,5,2,2,0,10,49,0,89074,5,0,1
922.0077464640984,158.97214609052986,0,4,1,1,1,23,52,0,53817,1,1,1
223.47986864236168,7.615383018912536,1,1,2,1,0,19,52,1,108284,4,0,1
606.5262336239148,88.93357549836554,1,3,1,2,1,1,30,1,65787,3,0,1
191.2083295261251,4.8658393496562535,1,4,0,3,0,9,60,0,107395,4,0,1
436.0823469555195,,1,5,0,1,0,13,69,1,42445,2,0,1
,185.75777924273456,1,2,1,3,1,22,62,1,75501,4,0,1
,99.97803321554233,1,3,2,0,0,18,41,1,50860,2,0,1
697.8244323180616,13.276197858102323,1,3,0,2,0,17,34,1,88458,3,0,1
,92.42541203325538,1,1,2,2,0,13,30,0,59947,3,1,1
885.1078282951112,18.71031265430283,1,1,2,2,1,24,20,1,71503,2,0,1
246.08278298817177,188.11529336275692,1,0,1,2,0,20,54,1,44436,5,0,1
346.9102933114341,5.367246985307483,1,2,1,2,1,11,29,1,98632,1,0,1
,113.8935861100632,1,5,1,2,0,8,34,1,72669,3,0,1
,16.324416925648812,1,3,2,0,0,23,34,1,60076,3,0,1
786.4507854055134,67.1801499611127,1,1,0,0,0,21,25,1,95116,1,1,1
892.8145604551041,145.07042987972346,1,3,1,3,0,12,31,1,100948,3,0,1
613.0404785809744,121.8475084042019,0,3,2,1,0,4,58,1,102398,3,0,1
751.4844969100608,62.478440257689826,1,0,1,3,1,14,57,1,94329,5,0,1
274.93535210383436,16.21143986625149,0,4,1,2,1,20,31,1,81862,4,0,1
86.35639698917808,185.2399713715459,0,0,2,1,0,23,35,0,62954,6,0,1
985.5939280326608,120.27451783782044,1,5,2,2,1,16,49,0,103517,1,0,1
,180.55226145080155,1,3,1,3,0,24,39,0,87941,2,0,1
718.377659487242,145.34284938556368,1,3,1,0,1,14,32,0,94699,1,0,1
90.935641679036,79.99537582755518,1,5,1,2,1,24,33,0,50515,3,0,1
312.2689989151239,182.4496662132274,0,5,1,2,0,23,46,0,67505,4,0,1
440.7433165315057,,0,5,1,3,1,1,20,1,71082,6,0,1
144.73882383284774,38.951916721499536,1,5,0,3,0,17,63,0,104747,2,0,1
,132.35308861836273,1,2,1,0,1,17,69,0,117986,4,0,1
7.9394775343761825,187.9272176597195,0,1,0,0,1,14,37,0,71335,1,0,1
139.0607438856344,165.90843980232646,1,4,0,3,1,3,55,1,44454,2,0,1
306.80332196122515,68.72910877707248,1,4,0,0,0,3,29,0,60041,5,0,1
633.7109170934888,,1,5,0,3,0,1,52,1,71006,1,0,1
730.9085547999745,82.2985412794067,1,5,1,0,0,5,35,1,48067,4,0,1
,,1,1,2,2,0,8,44,1,90312,5,0,1
748.4762779035182,157.0836548879062,1,2,1,2,1,13,37,0,97334,4,0,1
,9.273554826019923,1,3,1,3,0,18,23,1,41843,4,0,1
796.5030697421764,86.17045718977838,1,2,0,2,1,7,64,1,74727,5,0,1
933.3350785946452,81.27601656835948,1,2,0,1,0,3,57,0,48437,5,0,1
58.24316763524629,56.198970959618656,1,4,2,0,0,10,40,1,42749,3,0,1
707.574640263717,20.47144788953268,1,1,0,0,0,18,48,0,56238,4,0,1
96.92292513909662,106.0983501843403,0,5,1,2,0,6,24,1,103727,1,0,1
167.2771836622805,97.81461763343071,0,2,1,2,1,5,66,1,47156,4,0,1
742.0505233210696,120.5418293318086,0,1,1,2,1,24,21,1,76693,2,0,1
133.15979833911186,120.11594794062457,1,3,0,0,1,16,36,0,42280,3,1,1
444.69288571625486,42.6296273092583,1,4,2,0,1,23,45,0,80058,3,0,1
,128.91066310119777,1,5,1,2,1,7,40,1,78278,4,0,1
546.4604384710046,,1,0,2,1,0,17,40,0,108275,5,1,1
867.427411358555,157.49657341740232,1,4,2,0,1,6,63,1,74069,5,0,1
704.2519438972079,137.3736587933945,1,5,1,1,0,14,21,1,48813,5,0,1
347.09146933446453,112.28351585884468,1,1,1,0,1,22,49,1,61213,3,0,1
105.69163385496894,95.58013185833327,0,4,2,2,0,5,66,1,45817,4,0,1
,79.53600660091374,1,3,1,2,1,21,27,0,36289,3,0,1
318.90605379952433,197.83394201339075,1,5,2,3,1,13,56,1,62539,3,0,1
984.0267158915094,32.889469124629244,1,2,2,3,1,2,45,0,93378,5,0,1
362.8858875109146,171.66120031592936,1,0,0,1,1,22,50,1,102907,4,0,1
368.5810661143445,,1,1,2,3,0,9,25,0,29511,5,0,1
,174.51911683549082,1,1,1,3,1,2,34,1,72894,3,0,1
,44.314597089114535,1,0,1,0,0,1,52,0,97798,3,0,1
491.8122719095617,196.9444368171634,1,4,1,0,0,19,39,0,96066,2,0,1
,,1,0,2,1,1,10,52,0,61367,4,1,1
,,0,1,1,2,0,15,61,0,108593,2,0,1
539.7536694898197,186.1687618304148,1,5,0,0,1,7,54,1,85885,3,0,1
39.90547613242368,160.5650249619668,1,4,1,1,0,9,35,1,74143,1,0,1
589.8783434049574,,1,5,1,3,0,7,41,0,76311,2,1,1
505.2758701781712,175.900490253032,1,1,2,3,1,15,66,1,83923,4,0,1
,115.12030316351203,0,1,1,2,1,10,39,1,111368,3,0,1
598.4979995562865,37.20462045814692,1,3,0,2,1,19,61,0,107534,2,1,1
,110.54599462013748,0,3,2,2,1,21,54,0,38380,4,1,1
56.888313358646634,199.3956101474196,0,2,2,2,0,13,59,1,113083,4,0,1
,,1,0,2,0,0,19,21,0,89575,6,0,1
539.4865069465933,194.201807014464,1,4,1,0,1,6,26,1,71365,4,0,1
285.16590657057804,161.8653234949517,0,1,1,1,1,22,18,0,95538,2,0,1
761.7426737425293,186.47045385918256,1,2,2,3,1,24,29,0,41917,4,0,1
947.8005777785872,,1,0,0,3,0,7,21,0,76905,1,0,1
156.37466171462478,146.5491896192854,1,4,0,0,1,18,21,1,37194,2,1,1
921.897332166523,82.67587352240744,1,5,0,1,0,1,26,1,79761,6,0,1
638.3667410850874,,0,4,1,1,0,6,35,0,69127,3,0,1
,111.9285468409109,1,4,2,0,0,10,31,1,43226,4,0,1
296.17133778485214,102.26105809145758,1,0,2,3,1,20,27,1,83750,2,0,1
493.8296147187986,138.09397332292562,1,1,1,2,1,13,35,1,40467,5,0,1
793.4543557493589,188.8855242092171,1,0,1,2,0,18,65,0,114242,2,0,1
794.607440367641,116.9077460641984,1,0,0,0,1,22,43,1,69296,4,0,1
,128.0076362302122,1,3,1,0,1,17,44,0,41410,5,0,1
670.1051674894406,32.658816524219716,1,3,1,2,0,24,36,0,61844,2,0,1
414.0506300677086,104.37476976646444,1,4,2,0,0,17,40,1,60069,1,0,1
,,0,5,0,1,0,10,31,1,86888,5,0,1
35.69113742148189,,1,3,2,0,0,14,24,1,38470,4,0,1
896.8516166572821,27.00011056642586,0,5,2,1,0,5,18,1,73824,5,0,1
732.8681688486499,0.9249710878080686,1,5,2,2,1,7,48,0,40427,5,0,1
391.9183334111953,,0,1,2,0,1,16,37,1,90030,4,0,1
,191.26251074486748,1,1,2,3,0,7,60,1,81424,1,0,1
244.9484051393953,172.253762278349,1,3,0,2,0,20,40,0,46540,4,0,1
,193.25891857921172,1,2,2,0,0,24,44,0,69300,5,0,1
,18.33579748405827,1,4,1,0,1,8,58,1,50377,4,0,1
929.887688991388,,0,5,0,2,0,17,48,1,65673,3,0,1
737.2479041243316,105.30352286335234,1,4,2,3,1,24,43,0,101191,4,0,1
654.2462188736962,,1,4,1,1,0,9,67,0,50660,1,0,1
,57.66563629776049,1,4,2,1,1,17,21,0,57434,4,0,1
350.88739559983094,,1,1,1,0,0,19,59,1,47952,3,0,1
,171.23945004972887,1,5,2,1,0,15,47,1,105999,3,1,1
737.1773547018493,17.755864666701072,1,1,0,1,0,17,36,0,32823,5,0,1
425.23267877273594,168.59918376017532,0,4,1,1,0,10,48,0,109570,4,0,1
578.276090044263,119.49590263580524,1,2,0,1,1,15,31,0,78826,4,0,1
,,1,0,0,3,0,11,60,0,42726,4,0,1
,171.5451675476098,1,5,2,3,0,13,56,1,76315,4,0,1
286.72369367042603,102.97936622010556,1,4,2,1,1,4,63,1,61372,2,0,1
314.3768694458646,23.88034943215054,1,1,0,3,0,24,65,0,82441,3,0,1
544.5631833500692,157.27206076353252,1,0,2,1,1,5,52,1,50969,1,0,1
139.25342326962652,100.53263999782902,0,5,0,1,1,23,35,1,100627,1,0,1
,95.35199414139952,1,5,2,3,1,23,22,1,51211,8,0,1
,,0,5,2,0,0,2,35,1,72651,4,0,1
984.7949729545364,45.31946967594145,0,0,2,1,1,1,39,0,90361,4,0,1
391.7434559767986,38.078400748272955,1,0,2,2,1,13,52,1,49188,4,0,1
170.27007333537358,147.53690823748138,1,2,2,0,1,14,33,0,41258,5,0,1
947.9339418712852,98.72186952253335,1,1,2,1,1,23,69,1,96845,4,0,1
,,0,0,1,1,0,24,64,0,43203,4,0,1
,,1,5,2,1,1,8,61,1,114037,3,1,1
999.4301956384148,31.71559375736861,1,5,2,1,1,15,69,1,120226,4,0,1
459.6096964401406,31.56755931770523,1,1,0,2,1,21,30,0,60667,1,0,1
445.41764354899937,85.86269314465468,0,2,2,1,0,1,63,0,41008,4,0,1
304.55975186576165,152.90303415078233,0,1,1,2,0,4,64,0,79108,2,0,1
,32.588779667322584,0,3,1,1,0,23,38,1,77409,2,0,1
791.6592719969527,,1,0,2,0,0,14,50,1,88246,2,0,1
,72.20275584448575,1,0,0,2,1,12,35,1,104529,3,0,1
707.2962044481585,164.0889860434935,1,2,1,0,1,20,46,1,105514,2,0,1
100.66720433949128,135.36039606112044,1,2,1,0,0,17,40,1,79803,2,0,1
324.1518362414901,140.0710289038537,1,2,1,0,1,7,56,0,90183,5,0,1
953.0184551555694,36.83586369495772,0,0,2,3,0,15,55,1,37494,2,0,1
437.1338779306986,63.862029407774145,1,0,1,1,0,19,67,1,112352,2,0,1
,158.6652704531519,0,3,1,1,1,19,61,0,43016,4,0,1
,192.6748723557108,1,0,1,3,1,6,55,1,98978,1,0,1
,129.76104654457495,1,1,1,1,1,8,55,1,54640,1,0,1
915.710722667793,27.842422971995173,1,5,1,0,0,8,49,1,105707,2,0,1
665.2873081740624,,1,0,0,3,1,21,37,0,62166,4,0,1
,190.4342770591823,1,0,2,1,0,18,24,1,102570,2,0,1
381.81549327174247,143.7800297166627,1,2,0,1,1,15,51,0,79113,1,0,1
933.9576761809756,153.71996035145142,1,0,2,1,0,20,62,0,115580,2,0,1
754.2400702549689,50.62144120358487,1,3,2,2,1,1,67,1,105562,2,0,1
311.30687978829974,96.91636402779672,1,1,1,1,0,12,68,1,83580,1,0,1
710.2876931561599,128.34400976932218,1,3,2,1,1,5,36,0,91796,2,0,1
,20.038106333153394,1,4,0,2,1,18,20,1,35910,5,0,1
,87.58263825099364,1,5,0,2,0,4,23,0,28338,5,0,1
486.2058056178579,39.472588013064794,1,1,0,1,1,4,52,1,104091,5,0,1
,,1,4,1,0,1,14,34,0,100255,4,0,1
,188.0207129159872,1,0,0,0,1,5,53,1,46672,1,0,1
,171.6614781732322,1,2,1,2,0,6,65,0,84658,5,0,1
,95.69406989506815,1,3,0,2,0,22,59,1,43500,4,0,1
578.0144271515643,,1,1,2,2,1,24,52,0,100682,2,0,1
,,0,1,2,0,0,2,49,1,83572,4,0,1
111.52987560174832,39.461018880361735,1,2,1,3,1,3,56,0,59913,5,0,1
,,0,3,2,1,0,19,60,0,61901,1,0,1
412.3320847365165,73.22845808079967,1,2,0,1,0,11,24,0,91206,5,0,1
633.0706725051813,174.28797056313846,1,5,1,0,0,10,54,0,72200,5,0,1
59.26294275150046,163.02650696183036,1,5,1,1,1,10,62,0,45592,2,0,1
207.63935163272785,,1,4,0,3,0,1,35,0,58665,5,0,1
268.5904256053597,,1,5,1,0,0,7,34,1,72441,3,0,1
891.6590231083082,172.3439184293602,0,0,0,1,1,12,50,1,78108,4,0,1
,,0,4,2,3,1,3,22,1,59892,1,0,1
,131.8220595636194,1,2,2,2,1,20,51,0,83187,5,0,1
154.03808027339338,66.74826030509928,0,0,0,2,0,2,57,1,66648,4,0,1
442.01179833716265,164.32318169727716,1,3,0,0,1,17,63,1,62852,2,0,1
277.04292347718916,67.99749887236979,1,1,1,0,1,2,39,0,91574,4,0,1
734.3091719214304,184.95972165516375,1,2,0,2,1,18,28,0,93482,1,0,1
45.90543015597437,165.54426658599226,0,2,1,0,0,8,34,0,39144,2,1,1
341.24570559509414,135.37151781640063,1,1,2,0,1,15,56,1,97051,1,0,1
962.1324131070772,26.87769403929199,1,1,0,0,1,9,40,1,97878,4,0,1
295.28582089755315,154.0127276645269,1,1,2,1,1,3,19,0,62673,3,0,1
734.7242564190686,153.52782477537858,1,5,1,0,1,19,49,0,53648,3,0,1
959.9463829770466,173.48335596920057,0,3,0,0,1,14,24,0,37769,2,0,1
205.0258130043715,72.47748255246323,1,0,0,2,1,8,32,1,97366,4,0,1
566.086091311213,97.78545662580038,0,0,2,3,1,9,33,0,51135,2,1,1
131.28056315356253,21.04192222036161,0,2,0,1,0,24,31,0,99664,4,1,1
631.2593508344131,,1,3,1,1,0,24,65,1,115519,5,0,1
359.07724163678955,,1,1,2,2,1,11,55,1,94019,5,0,1
411.5223551946573,,1,0,0,3,1,5,39,0,39013,5,1,1
479.32518953622895,97.0877367383212,1,2,0,3,1,2,59,0,72042,1,0,1
842.088503430268,,1,1,1,3,1,24,40,0,59270,4,0,1
567.4560574118985,,0,3,2,1,1,7,39,1,37736,3,0,1
,160.07445533593884,1,3,1,3,1,8,36,0,90827,3,1,1
,,1,4,1,3,1,13,18,1,62264,3,1,1
621.7982503725309,142.3322415467383,1,3,2,2,0,15,52,1,41245,1,0,1
,38.182138322877776,1,5,2,3,0,19,62,1,83602,1,0,1
441.2993372617738,166.90181686398995,1,5,1,0,0,21,39,1,57076,1,0,1
512.1279629432985,150.4917641703294,1,4,2,1,0,15,49,0,91516,1,0,1
934.095037022154,134.5558309207503,1,2,0,1,1,22,35,0,86613,4,0,1
819.3898550389496,59.38980554149171,1,5,0,2,1,4,52,0,53601,2,0,1
489.70719532336193,52.66473925517112,1,3,2,1,1,16,52,0,49745,1,0,1
131.7046377330612,177.00024185177023,1,5,2,1,0,9,32,0,50004,4,0,1
79.07170576454747,89.98576663523185,1,0,1,0,0,5,56,1,111424,1,0,1
586.7714374067709,127.22481786390362,1,3,0,2,0,10,50,0,65251,5,0,1
460.5810062256458,7.420301299862708,1,0,1,2,1,21,60,0,103021,3,0,1
666.6119819503466,112.16065831074118,1,1,0,2,0,6,44,0,72213,5,0,1
513.1027454673008,32.16158590751241,1,0,0,2,0,1,61,1,89853,3,0,1
504.4636673625546,105.85223278354437,0,2,2,2,0,18,22,0,32424,5,0,1
653.4971063719429,46.9431952306145,1,3,1,1,0,22,23,1,61919,1,0,1
,199.12666179364967,1,4,0,1,1,7,25,0,49834,2,0,1
74.38109516830738,,1,5,2,1,1,24,44,1,109631,3,0,1
490.62419553408296,124.73259371014298,1,3,2,3,1,4,54,0,51194,5,0,1
224.2506293803641,119.83826300283158,1,4,1,1,1,8,55,0,50357,2,0,1
869.7479213784763,72.58694065689242,1,4,2,0,1,18,69,1,114082,1,1,1
737.2536966778123,33.93721615720313,0,3,2,1,1,23,52,0,92446,2,0,1
765.7337440528668,137.315251647846,0,0,1,0,1,2,25,0,38686,1,0,1
513.8107964647043,10.491069113822316,1,1,2,0,1,7,34,0,30501,3,1,1
541.1796948918001,142.4767975799115,1,0,2,0,1,5,47,0,90511,2,0,1
217.6876823372133,114.0907485007179,1,0,1,2,0,20,39,0,35608,5,0,1
670.9202706943594,117.26814459441306,1,2,0,0,1,6,57,0,104719,4,0,1
665.3328538403645,,1,1,0,2,0,10,38,0,36358,3,0,1
544.6809712131188,145.49878403410784,1,0,1,0,0,1,43,1,34105,4,0,1
664.0771731196935,,0,5,1,0,0,14,63,1,80092,5,0,1
974.1570778794784,78.74811331634083,1,1,0,2,1,9,38,1,96900,1,0,1
959.5095372971564,139.81629480735512,1,4,2,3,0,3,35,1,33766,1,0,1
958.4508049653992,,1,5,1,2,1,9,31,1,107309,3,0,1
96.20624007708857,174.0730548109905,1,3,1,1,1,10,59,0,58186,5,0,1
801.7913391999563,136.7766569876315,1,3,2,3,1,1,59,1,67578,3,0,1
909.1292747455948,93.47745418611886,1,3,2,3,0,1,57,0,105507,1,0,1
857.3474733384303,107.97124644795288,1,5,1,2,1,4,32,0,60426,5,0,1
307.38119849479017,41.968967050912354,0,1,0,2,0,9,20,1,59158,2,0,1
,190.6235172025071,1,0,2,3,0,2,48,1,110858,4,0,1
150.07963136283377,113.47310354317048,1,1,1,3,0,8,23,1,34493,3,0,1
,1.8356143476078168,0,3,2,2,1,7,34,0,58172,4,0,1
17.225100531938597,70.64104564388605,1,5,0,3,0,23,19,0,60769,2,0,1
726.4631661861602,83.14571259938917,1,0,0,0,1,18,22,1,82089,1,0,1
,84.19483005517614,1,2,0,2,0,1,41,1,67489,5,0,1
764.2366299241138,158.32561767939458,1,3,1,2,1,11,47,0,74643,4,0,1
336.106565181962,169.74040310538228,1,0,2,0,0,20,57,1,113586,4,0,1
,137.99152790347944,1,5,2,1,1,20,52,1,51905,2,0,1
407.97703088738433,72.94026991266816,1,0,1,0,0,18,64,0,98245,1,0,1
819.1701215328816,88.02502098688696,1,4,2,3,0,20,63,0,48763,2,0,1
,131.0274855118463,1,5,2,3,1,19,51,0,98025,2,0,1
,,0,3,0,3,0,20,54,0,115151,3,0,1
701.1993617269471,170.53131415191015,1,2,0,3,1,9,32,0,72524,5,0,1
,192.90952851969635,1,5,1,1,0,4,51,0,43340,5,0,1
,63.60121182294034,1,4,1,1,1,1,36,1,69056,3,0,1
636.883788965997,122.79078225747232,1,5,1,0,1,17,66,0,59061,5,0,1
655.955850874938,,1,0,1,0,1,21,25,1,30782,1,0,1
142.41675674638765,126.09654311346424,1,2,0,3,0,23,31,1,98486,4,0,1
836.5400004800485,,0,5,0,1,0,3,55,0,46634,4,0,1
68.12706013708069,108.1886044771004,0,3,2,3,0,19,66,0,50823,2,0,1
265.31766451653306,66.96829670866664,1,1,0,1,1,5,29,1,86323,5,0,1
962.8945928874006,142.79579184287928,1,1,1,2,0,6,50,0,98555,3,0,1
718.3069185922475,191.825477167494,1,4,0,1,1,6,50,1,64862,4,1,1
913.6616779891054,12.53601457680398,0,3,1,2,1,10,36,1,95908,8,0,1
,199.43916818450452,0,4,2,0,1,9,38,1,41662,5,0,1
164.58361647421538,83.8039424542006,1,1,2,0,1,1,67,0,65986,2,0,1
978.225954087602,,1,1,2,0,0,21,32,0,104467,1,0,1
656.8582120954861,68.22183417079661,1,3,1,1,1,22,67,1,74689,3,0,1
141.3686135403752,42.76477662991076,1,0,0,1,0,24,36,0,39678,1,0,1
620.0206812065081,171.6152853614439,1,5,1,2,1,5,49,1,113562,1,0,1
,40.6362817358946,1,2,0,0,1,21,31,1,92438,4,0,1
700.5108774207848,,1,4,0,1,1,15,48,0,73917,1,0,1
872.9129930332664,,1,4,0,3,0,10,37,0,60117,3,0,1
907.5023471580243,198.99749427735688,1,3,2,0,0,24,51,0,73410,4,0,1
73.17685962153098,153.57767006842695,1,0,1,3,1,10,37,0,46817,3,0,1
86.84600306388812,3.6941420261030538,0,0,1,0,1,11,58,0,99552,2,0,1
,,1,2,1,1,1,7,27,0,102705,1,0,1
315.543413328682,162.36283844175324,0,4,1,1,0,9,24,0,85994,4,0,1
,,0,5,1,2,1,24,20,0,33422,4,0,1
901.8882311175564,,0,5,1,0,0,13,40,0,101845,3,0,1
247.2051794277693,165.85834980852562,1,3,0,3,1,20,27,0,80721,4,0,1
,170.86941281761204,1,4,0,3,0,4,52,0,92438,5,1,1
613.3994639030273,,1,5,2,0,0,24,34,1,57562,3,1,1
898.4294174676577,88.89715222437016,1,0,2,2,0,17,38,1,74844,3,0,1
974.3590177543977,174.2436335807371,1,5,0,0,0,7,47,0,44546,2,0,1
305.73083874297777,144.85164507785385,1,0,1,2,0,2,20,0,79506,5,0,1
478.5594525941639,59.28730158333937,1,2,2,3,1,18,19,1,28725,1,1,1
579.4057663483505,,0,3,1,1,0,6,42,1,88676,2,0,1
937.714536863368,95.32846294099444,1,4,0,1,0,15,22,0,58730,1,0,1
,30.111185876362217,1,2,0,0,0,12,24,0,76770,2,0,1
667.8265275764298,,1,5,1,1,0,10,18,1,53616,1,1,1
,,1,5,2,2,0,18,49,0,90191,5,0,1
946.1915553785328,124.34770225356242,1,0,2,3,0,16,50,1,48178,4,0,1
187.75219279927867,30.163497660126097,1,0,2,1,1,5,54,1,43316,1,0,1
,,0,2,1,3,1,21,29,1,39030,3,0,1
149.0044487876987,123.70599597607736,1,1,1,2,1,3,20,0,32401,3,0,1
67.65246407643455,,1,1,0,1,0,1,36,0,61854,1,0,1
,195.3800387787289,1,3,2,2,0,20,66,0,49027,1,0,1
638.5382776117827,35.133567618631936,0,0,2,2,1,11,41,1,86354,4,0,1
,150.16363908827378,1,5,1,2,1,4,40,1,108470,5,1,1
294.3625803615773,51.590086228920384,1,2,1,3,1,21,40,1,48591,3,0,1
130.87381505849615,84.64768017787219,1,5,0,0,0,2,55,1,102275,5,0,1
880.8185282809911,160.66724771037252,1,1,1,0,1,2,25,1,55467,3,0,1
422.1705128039467,126.54526217007005,1,5,2,1,0,7,41,0,46215,2,0,1
508.57451965989577,193.9766368845993,0,3,2,0,1,19,66,0,81819,4,1,1
209.55160913590876,78.95145617864952,1,0,0,1,1,2,27,1,75098,4,0,1
38.06335016218287,142.5072835556488,1,2,0,2,1,18,61,0,76633,6,0,1
514.0945105768492,98.44325374174632,1,3,0,2,1,6,21,0,81397,5,0,1
358.41363428852713,56.68178114533384,1,4,0,1,1,11,30,0,69354,1,1,1
450.49645636617,,1,4,2,1,0,1,45,1,110110,5,0,1
192.3274941931168,146.53836356571887,0,3,2,2,1,4,41,1,83605,2,0,1
185.67030558484177,,1,5,0,1,1,16,44,1,41250,1,0,1
457.2359819705691,112.5719746535812,1,1,0,1,1,7,49,1,55928,2,0,1
225.78925185166543,181.11802912734555,1,3,2,1,0,14,59,0,68011,3,0,1
,15.489433747705217,1,1,2,1,1,20,35,1,68759,5,1,1
145.4909058670546,125.63704812999748,1,1,2,1,0,2,23,0,39991,2,0,1
422.6489651037936,6.731129003253389,1,2,0,3,0,19,46,1,71806,3,0,1
605.4590203027238,153.15534007478865,1,0,0,3,1,13,64,0,93033,2,0,1
412.57824441848953,114.29659915487504,0,2,1,3,0,14,44,1,60455,5,0,1
919.4284732052832,,1,0,0,2,1,11,60,1,74887,5,1,1
652.6063613059472,64.46179338359339,1,0,2,3,0,1,44,1,44544,2,0,1
389.3457714196751,160.89525880209646,1,2,2,0,0,3,52,1,115048,4,0,1
373.01761920976526,162.24673127860115,1,0,0,0,0,20,58,0,115428,5,0,1
287.6635163161393,150.32141115232142,1,1,1,3,0,8,18,1,38685,3,0,1
,155.42822609075586,1,4,2,3,0,2,21,1,69512,2,0,1
364.5390460516739,105.52306129735292,1,1,1,0,0,13,49,0,88954,3,0,1
284.71937520815527,13.474762938529585,1,5,1,2,1,22,65,1,42903,6,0,1
101.33327326326535,14.50593449838089,0,3,1,2,1,7,48,0,66658,3,0,1
484.89142509110303,105.51883138923417,1,1,1,0,1,15,22,1,105299,5,0,1
451.9065328786551,73.41144190009021,1,5,0,2,1,12,66,1,94001,2,0,1
725.7218684497013,112.31366638310874,1,2,1,1,0,13,59,0,79084,5,0,1
915.7646807632408,37.69564088363244,1,4,2,3,0,5,20,1,80790,2,0,1
,198.04715277637297,1,2,2,0,0,20,30,1,52298,2,0,1
730.2358779880929,143.350245623409,1,0,1,1,0,9,67,1,104939,3,0,1
510.2194597578554,43.74744540605264,0,4,2,1,0,23,30,0,88535,4,0,1
404.407425355357,143.99390256106085,0,0,0,0,0,9,39,0,59128,4,0,1
49.989341807985085,51.64654701158915,1,0,1,3,0,4,65,0,39913,1,0,1
379.40770180326086,122.37878740266592,1,0,2,3,0,12,38,1,82976,1,0,1
511.8292576823384,22.76087174695305,0,3,1,1,0,15,36,1,40072,5,0,1
,53.277477963755814,1,4,0,3,1,5,32,1,74317,4,0,1
367.5464910662168,42.45420598159486,1,5,0,1,1,9,64,0,62459,3,0,1
348.0152020113415,,0,5,2,2,0,23,33,0,105899,1,0,1
548.3859247843512,189.51348566595263,1,3,1,2,1,2,23,0,104898,5,0,1
961.504791159564,22.850373706309888,1,1,0,0,1,8,39,0,97305,4,0,1
196.06337025970188,,1,3,1,2,0,6,34,0,105941,3,0,1
354.4535349467467,123.881894826824,0,1,2,3,0,13,61,0,92382,3,0,1
,72.36795203076076,1,4,1,3,1,7,62,0,93334,3,0,1
384.5754216746756,105.72275504452315,1,2,1,0,0,8,22,0,58595,4,1,1
787.2254206797675,75.89708372397858,1,4,0,1,1,5,25,0,51784,1,0,1
394.128337310692,156.3288418205668,1,1,1,2,0,2,50,1,101075,4,0,1
492.6461985440043,189.53899190004745,1,4,0,1,1,4,64,0,102884,1,0,1
772.45978276294,180.54912243722455,1,4,2,3,0,8,68,1,62081,1,1,1
551.738772884809,,1,3,2,2,0,23,19,1,59165,4,0,1
,127.62691632961604,0,0,1,1,0,10,36,0,66808,2,0,1
137.026477914721,56.76953237641846,1,0,2,3,1,22,22,0,55708,4,1,1
999.0034747690896,101.10086243830207,1,0,2,3,0,6,23,0,83554,1,0,1
,68.02312745591905,1,3,2,1,0,4,53,0,94989,5,0,1
450.62168110399034,69.27728087912874,1,3,0,2,1,24,37,1,103900,5,0,1
624.7097334887743,63.9324035241716,1,1,2,0,1,21,59,1,52207,5,0,1
52.44043481154803,,0,1,0,1,0,11,40,1,60418,4,1,1
186.7279387024223,102.3201794432644,0,5,0,3,1,17,19,0,77568,1,0,1
801.6564055360575,,1,5,2,2,1,23,38,0,44937,2,0,1
644.5883923158356,191.08066643386255,1,5,1,3,0,23,35,1,87971,1,0,1
406.1632984673837,41.29056655695885,1,0,1,0,1,20,27,0,86896,4,0,1
612.6547497117778,95.83314664433462,1,0,1,0,0,19,46,0,52494,2,0,1
443.56944596537215,,1,3,2,3,1,18,50,0,57259,4,0,1
533.8744358371283,107.93035664086416,1,4,1,1,1,19,26,1,81867,5,0,1
,148.92371781292215,1,5,1,0,0,17,40,0,92181,2,0,1
45.019634535479966,120.34804000724192,0,3,1,3,0,18,37,0,51986,2,0,1
327.3164273419538,93.95970026292588,1,2,0,0,1,13,53,1,107828,2,0,1
500.3748181038152,103.5259699222732,1,0,1,0,0,5,60,0,73931,5,0,1
,49.70408798617822,0,5,2,1,1,11,36,1,35881,2,0,1
63.16125757079239,0.1538252830253883,0,3,0,1,1,10,26,1,36435,4,0,1
780.4130065714861,10.398172510218773,1,1,1,0,0,10,61,0,41532,4,0,1
377.0649916468433,170.8070987883231,1,5,2,2,1,22,57,1,95939,1,1,1
,27.654906682400227,1,3,0,1,1,16,59,1,66126,3,0,1
408.32421797108896,,1,5,0,1,1,10,64,1,55304,5,0,1
820.6175328989676,188.22674232811056,1,5,0,3,0,19,50,1,105229,2,0,1
,178.12489047971795,1,2,2,3,1,18,21,1,63134,5,0,1
948.8679465424996,14.113497553766564,1,2,1,1,0,11,33,0,35287,5,0,1
,,1,0,2,2,1,16,33,0,32344,2,0,1
178.49590410684456,23.881117195613367,1,0,1,0,1,9,21,0,53662,3,0,1
249.44778038526184,105.852159225566,1,5,1,2,1,23,65,1,111347,4,0,1
89.64516887572805,73.45814804022474,0,2,0,3,1,3,38,0,33433,5,0,1
173.56279141302068,109.73929911995486,1,1,2,0,0,7,57,1,46493,2,0,1
90.72312244730584,77.47574843731904,1,4,2,2,0,22,48,0,71449,2,0,1
,,1,1,2,0,1,21,68,1,86387,5,0,1
141.97186138177287,162.7553537129213,1,4,2,0,0,15,42,0,95439,4,0,1
774.0049768613825,152.85108440805524,1,0,0,3,0,15,34,1,101225,4,0,1
,24.020857336839985,1,0,1,2,1,11,27,0,30430,3,0,1
295.5660252376897,99.75933591766076,1,3,0,3,1,20,53,0,85317,5,0,1
,,1,4,2,3,0,6,52,0,41976,2,0,1
768.515559521164,,0,4,1,0,1,10,24,0,69108,4,0,1
790.0132966782569,,1,1,1,3,1,18,32,1,69648,5,0,1
894.2489678839609,100.3280425381131,1,5,2,2,1,8,28,1,75307,3,0,1
480.48503783618446,154.44750637948565,1,1,0,1,1,14,51,0,113391,4,1,1
926.6324677594316,111.41074149427688,1,3,2,0,0,16,27,0,67633,2,1,1
,,1,5,1,2,0,5,21,0,67455,2,1,1
4.579527325646926,154.1721907772006,0,5,1,0,0,24,25,1,39651,4,0,1
770.2579311011706,,1,0,0,1,1,4,34,0,45783,1,1,1
985.3088283370492,36.07510775391414,1,1,2,0,1,16,66,1,52106,4,0,1
749.9916290426103,97.85370890528338,1,5,2,2,0,6,46,0,76473,3,0,1
965.4306357754552,140.89960439464795,1,3,1,3,1,7,48,1,35264,5,1,1
543.6231954539468,,1,2,1,2,0,7,50,1,81551,5,0,1
393.4910994583868,106.9661613393275,1,2,1,1,0,4,43,0,55533,2,0,1
552.4687946878183,,1,5,0,2,1,22,68,0,50940,4,0,1
,158.41098573231656,0,3,0,3,1,5,23,0,99080,3,0,1
488.1978305398786,172.2442986119183,1,2,2,1,0,7,65,0,81032,4,1,1
649.7342527735466,,1,2,0,1,0,24,38,0,61928,4,0,1
580.8809499404454,,1,5,1,2,1,23,26,1,39954,1,0,1
378.4125162629407,,0,2,0,1,1,16,34,1,86126,4,0,1
958.5970248504092,36.66457186485228,1,0,1,2,1,9,57,0,79370,4,0,1
795.1769720980124,44.10584536805886,1,3,1,0,1,23,25,1,38447,3,0,1
845.9521770357777,156.7304345745493,0,4,0,1,1,20,20,1,103149,2,0,1
,95.39978239040136,1,0,0,2,1,12,25,1,72119,5,0,1
122.83355166961007,78.05860377096114,1,1,2,0,0,8,42,1,96802,5,0,1
197.5399699706394,74.17641929779042,0,2,0,3,0,1,43,0,37399,1,0,1
437.9689430773452,152.01457972224895,1,5,1,1,0,13,50,0,108574,5,1,1
,81.33621500582062,1,2,1,3,0,11,19,0,47636,4,0,1
,90.64885713779611,1,0,2,2,1,1,51,1,39093,3,0,1
240.07197849408345,,1,2,1,1,0,13,52,0,50931,4,0,1
997.2243687895796,116.14281084644244,1,1,1,1,0,22,24,1,37770,4,0,1
,147.99293380544222,0,1,0,1,0,18,43,0,86539,4,0,1
220.49823113133417,,1,2,0,0,1,12,38,1,64167,3,0,1
770.1114794131289,,0,4,1,3,1,20,52,1,59416,1,0,1
421.1316443186596,2.7015765364428734,1,3,2,0,1,8,54,1,58113,2,0,1
118.52389322557922,4.8562367580574195,1,2,1,0,0,2,65,1,44204,2,0,1
134.3276012193061,53.780266156535795,1,0,2,3,1,3,28,0,37276,2,0,1
495.9785534203096,,1,3,1,3,1,24,24,0,46281,5,0,1
424.6442611146587,,1,3,1,2,1,3,53,0,39832,3,0,1
,15.038924514603448,1,1,1,2,0,8,31,0,50351,3,1,1
714.7107681957033,,1,5,1,0,1,10,20,1,67005,3,0,1
904.9776644140408,,1,2,1,0,0,3,48,0,43094,2,0,1
627.2105458143533,27.12823841158758,1,0,0,2,1,18,30,1,107365,4,0,1
572.9531512187518,117.8885693453577,0,0,2,3,0,9,27,1,106477,4,0,1
460.524739526902,19.427264325711334,1,3,1,1,1,21,67,1,56851,6,0,1
636.2701522638001,89.9445188607329,1,3,0,3,0,4,51,1,78219,2,0,1
900.2780821873434,,0,0,2,0,0,12,68,1,89509,3,0,1
,108.54741934650224,1,2,2,2,1,13,41,0,55973,2,0,1
934.4049347968104,93.84812928711968,1,2,2,2,1,10,53,1,50650,4,0,1
861.0107451735084,6.6153476705965275,0,2,2,1,1,14,53,1,38208,5,0,1
440.6472655809922,127.4014589740247,1,3,2,0,1,4,31,1,65124,4,0,1
47.67256975247203,,1,4,1,1,0,22,56,0,114090,7,0,1
,142.55162474595323,1,5,0,0,0,24,44,0,89203,1,0,1
,191.8108325574391,1,5,2,2,0,9,50,1,46574,2,0,1
45.785964437014435,62.79143858717868,1,4,2,2,0,7,55,1,46421,1,1,1
365.8380554645297,148.59545999672486,1,2,0,1,1,17,20,0,36047,2,0,1
857.5653583643006,,1,3,2,2,0,24,44,1,54112,3,0,1
144.68430149256184,146.8893379334273,1,3,0,2,1,9,53,0,102700,2,0,1
929.7612774446872,158.53018816865392,1,3,0,3,0,13,49,0,60108,5,1,1
,34.434600817273164,1,3,1,1,0,7,45,0,65709,1,0,1
,128.56433877258092,1,4,2,2,1,10,32,0,52227,2,0,1
88.87667215608242,,0,4,1,0,1,11,46,0,87779,3,1,1
340.3673256102333,45.84462617760803,1,5,0,0,1,7,34,1,109986,4,0,1
575.9475543489194,61.746624047132535,0,2,1,0,1,21,27,1,57685,2,0,1
902.9730098090762,44.74159474235091,1,3,1,2,1,9,61,1,117568,4,0,1
776.167725612985,,1,5,1,0,0,3,34,0,104134,1,0,1
867.3245570295779,14.977648773181173,1,5,2,0,1,13,42,0,36423,1,0,1
,23.09628499354237,1,4,1,0,1,8,57,0,81868,1,0,1
327.3076897412307,154.21738152686115,1,1,1,2,1,10,62,0,41454,4,0,1
413.2605777378146,55.03719268409824,1,5,1,3,1,22,64,0,115058,5,0,1
938.2015408516148,195.28369937010285,0,5,1,3,0,16,27,1,88438,1,0,1
,170.70592279835893,1,0,0,3,0,18,66,0,57178,3,0,1
113.77412793969332,177.2010296154391,1,5,0,2,0,23,33,1,35430,1,0,1
178.15634338458875,,1,1,2,2,0,5,22,1,54641,3,0,1
920.6139343521972,,1,1,2,0,1,18,57,0,78720,5,0,1
288.02531633718866,0.4722112819230073,1,1,0,0,1,17,47,0,90491,3,0,1
256.89138794518163,,1,1,0,2,0,13,49,0,110207,2,0,1
882.0474459136585,171.25775424817908,0,5,2,3,0,11,35,1,40067,4,0,1
562.3737215452967,,1,1,2,1,0,22,29,1,58593,5,0,1
539.0731070373008,57.16673460665855,1,4,1,2,0,12,44,1,73293,1,0,1
,114.61554759786554,0,2,2,1,1,12,62,1,88435,2,0,1
665.2720587380169,87.21800187393033,1,0,1,2,1,17,45,1,58970,3,0,1
,60.12543848711724,0,4,1,0,1,23,37,1,86718,2,0,1
983.599632674194,55.096519564964,1,5,0,3,1,15,49,0,36760,2,0,1
405.6090763841158,73.31542229291101,1,2,1,3,0,17,61,1,65581,5,0,1
202.0016922856064,140.67971308649382,1,1,0,3,0,11,40,1,106911,2,0,1
,197.5122443032668,1,1,0,0,0,21,20,1,27013,5,0,1
,,1,4,2,3,1,1,20,1,80019,1,0,1
,189.07933677638067,1,4,1,0,0,15,36,0,40610,2,0,1
400.51299011142214,,1,2,0,2,0,15,59,1,69909,1,0,1
948.8157191000385,118.87371283248648,1,1,2,2,1,16,56,0,72559,5,0,1
47.209655224363935,,1,5,1,2,1,22,34,1,99933,4,0,1
533.6901587045287,130.59477496144137,1,0,0,3,0,13,49,0,92797,1,0,1
744.5023939165417,124.64086852805217,0,4,0,2,1,24,48,0,108692,5,1,1
451.1364393546651,4.962808991252476,1,2,1,3,0,3,63,1,77099,3,0,1
642.4510978704462,121.82313127625662,1,0,2,2,0,9,26,0,49060,2,0,1
827.9019691304885,,1,0,2,0,0,14,52,0,94324,4,0,1
,,1,0,1,3,1,4,34,1,70826,3,0,1
545.205960511643,154.8054012867374,1,4,1,3,0,8,33,1,51962,2,0,1
,140.18420687218617,1,2,1,2,1,2,57,1,61693,1,0,1
998.5678380965268,94.56419812650245,1,1,1,1,0,17,33,1,107814,5,0,1
590.297467697842,179.52063681649213,1,5,1,0,1,22,39,1,73094,5,0,1
,148.9505362380104,1,5,0,0,1,2,46,0,56159,3,0,1
,89.56533430800278,1,1,1,0,1,21,28,1,93794,4,0,1
772.9762636042426,,1,2,0,0,1,24,27,0,82517,4,0,1
427.10098318474274,98.19568138087236,0,4,0,1,1,3,66,1,101426,5,0,1
620.9366084847001,13.60696381328146,1,4,2,3,1,14,52,0,103283,1,0,1
38.0911417217602,80.33599230245771,1,0,2,1,1,24,22,1,53936,3,0,1
989.399735619422,143.91492978570065,1,2,1,0,0,1,61,1,48922,3,0,1
,26.55874280286763,1,4,1,3,0,16,33,0,101100,5,0,1
776.9979899847704,105.52769041919704,0,0,0,0,1,21,30,0,61452,5,0,1
748.8963550180255,165.92601410180822,1,3,0,2,0,1,24,0,37482,1,1,1
477.1669280782318,7.854231196995864,0,1,2,1,1,4,42,1,76694,3,0,1
817.4715592390351,63.08809932555479,1,1,0,3,1,14,51,1,87192,3,0,1
333.42103239347364,188.5273797702563,0,3,1,2,0,24,68,0,59445,4,0,1
56.207645624720136,,1,3,2,3,0,15,41,0,68822,4,1,1
375.7215170820876,122.78858258904148,1,5,0,2,1,24,68,0,48841,1,0,1
587.595921569079,99.44657131196244,1,1,2,2,1,20,69,0,61909,3,0,1
49.37664903675865,91.69181642043657,0,4,0,3,1,1,67,1,40341,1,0,1
674.8978806451896,136.83100837169852,1,1,1,0,0,7,20,0,32802,5,0,1
962.3135762703862,140.6126815701558,1,5,0,3,0,7,20,0,103050,2,0,1
224.4293962499757,29.8671251551915,1,1,0,3,1,11,52,0,58147,4,0,1
49.36957168559542,20.77678641290477,0,0,0,1,1,5,53,1,98867,3,0,1
,19.526549004666816,1,4,0,3,1,16,61,0,88626,6,0,1
57.58034295947634,19.534903062521636,0,0,0,1,1,12,69,1,97708,5,0,1
901.6671897249068,129.17095371184695,1,0,2,0,1,24,38,1,66452,2,1,1
184.01924746922603,,1,0,0,1,0,10,64,0,93637,5,0,1
309.1819703349381,189.05520556992735,0,0,0,3,1,5,68,0,96170,4,0,1
,115.10328130071817,0,1,2,1,0,11,50,0,106580,3,0,1
70.93576804418844,154.02825975950822,1,5,1,2,1,2,40,1,53333,5,0,1
609.888310969033,38.2993284804047,1,3,2,2,0,16,54,1,113168,3,0,1
,172.42970380431822,1,2,2,2,1,23,36,0,84641,5,0,1
,29.68900099696348,1,0,0,2,1,10,39,1,40912,3,0,1
1.6815634015158176,17.579075022142533,1,1,0,0,0,2,68,0,83166,1,0,1
443.6843007583188,63.5603308857682,1,2,2,0,1,13,29,1,63259,3,0,1
936.553233144029,121.8832216764388,0,1,0,1,1,18,51,1,105577,2,0,1
,1.8359448608913809,1,0,2,1,1,9,62,1,44622,4,0,1
278.06191869231947,,1,1,0,1,0,4,63,0,43374,1,0,1
711.1335089496371,34.510053502673046,0,2,2,0,1,18,32,0,108373,5,0,1
,95.21778401971147,1,3,2,0,0,17,29,1,92292,5,0,1
305.67171012679785,66.60918413123991,0,5,2,1,1,12,63,0,70281,4,0,1
253.86101495505287,58.1044814588205,1,5,0,2,0,9,53,0,73306,4,0,2
391.2185931253462,95.47632730272517,0,1,1,0,0,15,32,0,61253,3,0,2
143.20711891287718,70.55707594176602,1,5,1,2,1,14,24,0,63970,3,0,2
216.81300665327777,,1,2,0,0,1,2,36,1,101185,5,0,2
423.8122399158089,72.025325724751,0,1,1,3,1,8,51,0,115287,2,0,2
,32.66913256007182,1,5,1,0,1,15,28,1,54694,3,0,2
,182.03375154114536,0,2,1,3,0,16,36,1,60254,3,0,2
,,1,4,1,3,1,14,36,0,49217,2,0,2
122.4579351195354,,1,5,1,2,1,1,62,1,81751,5,0,2
,102.83736232183875,1,4,2,1,0,24,43,1,66070,3,0,2
,73.2237651774418,1,1,2,0,1,18,39,1,43555,4,0,2
408.8222142332126,146.20644669069222,0,3,2,2,0,16,38,0,72580,2,0,2
876.4562448737026,8.075430087304735,1,2,1,3,1,22,50,0,51540,4,0,2
,90.26857422257883,1,2,0,2,1,19,38,0,75140,2,0,2
640.4488934847618,28.271507749577584,1,4,0,0,0,15,43,0,37819,3,0,2
108.66844983365198,,1,5,2,2,1,20,31,1,87564,1,0,2
753.6283267819117,168.72403083853564,1,4,0,1,0,20,60,1,55937,5,0,2
930.2867316865786,51.21199107793291,1,3,0,1,0,5,35,1,44702,5,0,2
30.83367412566196,86.36590875283147,1,4,1,1,0,13,67,1,72069,3,0,2
883.9195292325724,41.554987779975704,1,1,2,3,1,17,23,1,39842,1,0,2
,106.38191232351546,1,2,0,3,0,19,27,0,64213,2,0,2
531.992682488325,,1,1,1,2,1,16,33,0,73303,2,0,2
560.3180590998692,119.83665950049136,1,2,2,3,0,22,64,0,54547,4,0,2
917.8080312590332,127.87500199490758,1,5,2,2,1,24,50,0,76997,5,0,2
182.334955657105,49.1012685646973,1,5,1,1,0,22,59,0,101290,4,0,2
40.693577890894225,60.280022734186225,1,2,1,3,1,3,19,1,100534,1,0,2
873.867674988621,,1,1,2,0,1,1,60,1,62613,3,1,2
585.8600061919051,94.50915886036498,1,3,2,0,1,6,52,0,77135,2,0,2
155.02734490796576,82.88321830950565,0,3,1,0,0,4,40,0,90926,2,0,2
701.7523029767904,109.1296619994962,1,2,2,3,0,14,43,0,41065,1,0,2
906.7830441511192,135.55475202406797,1,1,0,0,0,7,37,0,47551,2,0,2
12.85215606623902,141.9797559714602,1,0,1,1,1,18,38,0,76929,3,0,2
650.0617428070385,,1,0,2,1,0,8,60,0,114495,1,0,2
367.5456205419767,48.153896579548274,0,3,2,1,0,14,67,0,110692,5,0,2
73.04635215170352,77.51421099392341,1,3,0,0,0,8,60,1,100451,4,0,2
343.566810938154,184.1062609400145,1,1,0,1,0,3,43,0,98954,5,0,2
933.2346136945536,97.04297796550335,0,0,1,1,1,6,42,1,94504,2,1,2
323.18355431449385,16.21059976274244,0,0,1,1,1,10,24,1,46208,4,0,2
607.3584450293705,62.55758240985807,1,5,2,0,1,9,45,1,64775,2,0,2
303.6305036461745,,0,4,2,1,0,17,29,0,97965,5,0,2
345.32664349357447,,0,5,1,0,1,3,54,0,84998,5,0,2
492.05822103624905,15.720170755133388,0,5,2,0,0,11,60,1,57662,1,0,2
924.8114520009784,104.22626227906656,1,0,0,3,0,7,40,1,59775,2,0,2
363.9081234745445,160.97993993514748,1,0,0,1,0,20,68,1,111538,4,0,2
,175.52669686664368,0,3,0,1,0,9,22,1,95889,1,0,2
886.5300737044239,165.1749035402744,1,0,2,2,1,5,31,1,86846,1,0,2
463.9874500205661,28.68642183947043,0,3,2,3,1,19,69,0,83916,5,1,2
792.8210867702485,32.827690804444075,1,0,2,3,1,15,52,0,70225,3,0,2
27.53007865866719,180.6908391974375,1,2,1,3,1,15,30,1,37187,2,0,2
,141.80495892960357,1,1,2,2,1,12,21,1,77123,5,0,2
676.3636773146729,176.86681252658457,1,4,0,3,1,21,30,1,61024,2,0,2
778.0382454932229,148.78645243774952,1,1,2,1,1,17,31,1,67242,3,0,2
772.6395210861847,3.794561876621682,1,3,1,0,1,12,64,0,76694,5,0,2
547.0186260471914,185.62254173185275,1,3,2,1,1,4,57,0,42845,3,0,2
228.0107082132859,172.91786677950364,1,4,0,3,0,9,35,0,43856,3,0,2
243.19500208655063,130.80405146558468,1,5,0,2,0,14,49,1,100740,5,0,2
198.97709342261328,52.323542566568904,1,5,0,2,1,21,42,0,78105,5,0,2
,39.86568687673848,1,0,0,2,1,19,49,1,57930,3,0,2
550.396742082763,,1,1,1,3,0,22,43,1,89882,2,0,2
8.171095581633757,37.23640751005115,1,2,0,0,1,14,36,0,35412,4,0,2
327.571944984689,172.85946221803673,1,0,2,0,0,21,54,1,61736,5,0,2
853.6673116177117,173.00651879152238,1,1,2,3,1,22,29,0,35731,1,0,2
401.49046072056814,13.448933158475352,1,1,1,1,1,15,53,0,109275,3,0,2
522.9177931242489,,1,3,0,0,0,18,39,1,106835,4,0,2
459.8030554185717,170.6960857912769,0,1,2,0,1,6,55,1,115778,4,0,2
,,1,5,2,3,0,14,24,1,80537,4,0,2
101.79729611348851,123.69671269489912,1,3,0,3,0,8,37,0,90465,3,0,2
,152.01374606172828,1,4,0,3,0,16,35,1,97324,4,0,2
659.1544056582796,,0,3,0,2,1,6,28,1,102182,4,0,2
872.7079959624493,110.65843405719212,1,1,0,2,0,5,18,1,31350,5,0,2
261.99169457748997,182.7021922199648,1,1,0,1,1,7,32,0,32294,4,0,2
332.3734015279105,141.69116286451023,0,3,2,3,0,22,38,1,43346,4,0,2
354.0334609345388,19.137234533649305,1,1,0,2,0,3,28,0,86323,2,0,2
743.718414884529,61.08557993013086,1,3,0,1,0,10,20,0,78189,2,1,2
,125.03776226573696,1,5,2,0,1,4,56,0,39190,5,1,2
519.3522707588692,164.5088426320081,1,4,0,1,0,13,55,1,65875,3,0,2
681.8861947181763,182.2992404794145,1,1,2,2,0,9,68,1,49858,4,0,2
906.455355610969,198.06509414657853,1,0,1,2,1,12,43,0,58426,5,0,2
96.225488203307,23.610321552313284,0,2,1,2,1,21,28,0,58783,4,0,2
937.4300049272322,17.120888396106505,1,2,1,1,1,1,51,0,74378,1,0,2
,1.2052905794853297,1,5,1,0,0,24,58,0,107976,5,1,2
103.31336842152648,178.81581192511868,1,0,0,1,0,5,20,1,35611,2,0,2
522.8403845021663,183.4666082196113,1,4,2,3,0,17,59,1,61214,3,0,2
459.31576621459936,,1,4,0,2,0,3,47,0,83462,1,0,2
182.31478780895335,,1,4,0,3,1,6,20,0,83923,2,0,2
,198.599307091745,0,0,1,2,1,12,60,1,40486,2,0,2
337.655270806837,122.56266806905624,1,5,2,2,0,13,43,1,87257,1,0,2
,,0,3,1,0,1,23,35,0,57884,4,0,2
820.9089974264136,64.80352990833467,1,1,1,0,1,17,31,1,36376,5,0,2
423.25851642783886,,1,2,2,3,0,20,31,0,69139,1,0,2
841.4537512726067,96.0404197273475,1,1,1,0,1,22,32,0,30464,6,0,2
414.45205784680473,150.33762853374006,1,2,2,1,0,20,65,0,55570,2,0,2
255.0349436163215,,1,0,2,2,0,8,39,0,84367,5,0,2
392.4260898977667,144.1008573435804,1,3,2,2,1,21,22,0,35344,2,0,2
36.49239980180663,78.82600290681272,1,2,2,1,1,22,49,1,66024,1,0,2
528.5281034528384,194.89887137151544,1,0,1,2,1,19,47,1,71040,1,0,2
11.441643519109924,15.04052874283952,1,0,0,0,0,4,24,1,72742,1,0,2
812.9511976193013,94.7461620822098,1,4,0,2,0,6,25,0,63911,3,0,2
546.832718143628,72.39323349306687,1,0,1,2,1,18,58,0,55732,5,0,2
781.0083465781361,161.1253589687685,1,1,1,0,1,6,64,0,103381,1,1,2
,124.4906455940426,0,4,1,1,0,7,49,0,48541,2,0,2
415.9786170779771,18.811345971076676,1,1,2,0,0,24,19,0,32261,3,0,2
150.5751575703673,102.04588279310248,1,2,1,2,0,4,62,1,85905,3,0,2
387.17715462422166,,1,0,1,1,1,13,23,1,63035,4,0,2
,,1,3,0,0,0,13,69,1,120606,1,0,2
24.580477898365817,67.90016408196442,1,0,1,1,0,24,59,1,51144,3,0,2
869.4190029692752,58.49649037478335,1,2,1,1,1,22,52,1,97385,3,0,2
768.020498155054,,1,5,2,1,1,20,68,0,84566,5,1,2
312.23932677903997,,1,5,0,2,0,19,66,0,117476,5,0,2
499.56999608132577,132.1587723160929,1,3,2,2,1,4,21,1,28469,1,0,2
305.96363445452965,198.18996198005385,1,0,0,1,1,19,37,0,56762,2,0,2
940.469243842256,34.16854824384801,1,4,1,1,0,23,44,0,75035,2,1,2
280.4169894270906,35.078974824771514,1,1,1,3,0,15,20,1,47720,3,0,2
554.0223235909433,135.0786028058633,1,3,2,1,1,21,37,0,92325,2,0,2
594.3733097272527,43.73174278787892,0,2,0,2,1,12,68,1,102590,5,0,2
885.1204157777713,12.88770932757508,1,0,2,1,1,18,46,0,35728,4,0,2
871.7025846407464,79.26368138640389,0,0,2,1,0,22,44,0,80560,5,0,2
565.3226939244976,,0,3,0,3,1,15,64,0,66752,4,0,2
985.935449801526,80.76534554076109,0,5,0,1,1,24,64,1,61981,3,0,2
739.0400013231783,178.25885323422145,1,0,2,3,1,11,18,1,59662,1,0,2
355.05217852609206,89.07650251624534,1,1,2,2,0,11,48,1,39718,1,0,2
76.77014237621749,109.69996957068986,0,5,2,1,1,12,63,0,47665,4,0,2
,82.67387448117157,1,4,0,1,0,21,20,0,82037,5,0,2
467.5401086538161,43.541598753948186,1,1,1,2,0,6,54,0,42485,3,0,2
61.860246096329455,56.2829381511772,1,1,2,2,0,22,34,1,55560,5,1,2
224.1421281885345,8.998829595789527,0,2,2,2,0,2,38,0,108046,2,1,2
164.32406183518677,196.23431859969267,1,4,1,0,0,19,39,1,73817,4,0,2
506.6919464138183,155.59178207225298,1,4,2,1,0,1,59,1,79954,1,0,2
788.1354042234776,18.91717435455169,1,0,2,2,1,23,39,0,58106,2,0,2
105.69463547483936,166.50097542664471,1,4,2,3,0,6,58,1,72955,5,0,2
234.56466017988643,42.509150651146,1,5,1,3,1,5,31,1,43033,2,0,2
150.72824299066724,57.401522841235945,1,2,1,3,1,17,60,1,62455,4,0,2
280.1129422313707,65.24112730788411,0,5,2,2,1,18,48,0,34439,3,0,2
,,1,5,2,1,1,15,29,1,48826,5,0,2
909.379464191365,,1,0,1,0,0,23,22,0,74582,1,0,2
624.5572107150897,161.77914561687635,0,0,1,1,0,5,65,1,56178,4,0,2
866.5944475251831,,0,0,1,0,0,22,58,1,96498,7,0,2
425.7543803711592,84.71031743979607,1,4,2,3,1,3,40,1,107776,2,0,2
,158.69552904750392,1,4,2,1,1,9,41,1,68706,2,0,2
432.1595353784935,25.253039857622262,1,2,2,0,0,11,26,0,67338,1,0,2
119.23409245697135,,1,4,2,3,0,18,24,0,49196,1,0,2
980.9728713701704,169.96353762792268,1,0,2,2,1,4,69,1,101386,1,0,2
908.7667179102632,162.77985664525784,1,1,2,2,1,18,24,0,57154,3,0,2
207.5880540616367,92.21097387520943,1,5,0,1,1,1,35,0,66958,1,0,2
853.113144588444,,0,3,0,3,1,8,69,0,62964,1,0,2
277.7611013048723,149.8009055889248,1,4,1,0,0,6,38,1,92985,1,0,2
394.0644344481414,9.46660099817558,0,4,2,2,1,16,54,0,73031,1,0,2
354.1010369009354,91.202881096258,0,1,1,2,1,2,18,1,70084,2,0,2
,95.9010201387805,1,3,1,2,0,15,56,0,90226,5,0,2
119.18878162950264,170.34410710840825,1,2,1,3,1,1,63,0,54343,1,0,2
638.3582277399676,39.294899147823514,1,4,1,3,0,4,19,1,29130,3,0,2
762.5599046536402,32.44344629199667,1,4,1,2,0,22,41,0,86021,2,0,2
485.6502870197124,105.73379259435262,1,1,2,3,0,18,31,0,51638,2,0,2
607.5170676613332,,1,5,2,2,0,5,66,0,87788,3,0,2
686.153547030138,13.978177108580049,1,4,0,0,1,19,56,0,93452,4,0,2
835.2356638847585,92.49378599615844,1,5,1,0,1,9,20,0,101993,5,0,2
987.9686841802358,21.81734026261932,1,5,2,2,1,4,38,0,38769,5,0,2
,,1,4,2,0,0,5,51,1,75649,1,0,2
217.554116282626,123.01813225095005,1,2,1,0,1,16,69,0,52408,1,1,2
113.7761094934523,189.3041743621209,1,4,2,1,1,19,59,0,52746,1,0,2
849.2019575674611,97.44869472817248,1,3,0,0,1,10,52,1,54569,2,0,2
715.1053238885412,49.675425197455866,0,3,0,3,1,12,37,1,110673,1,0,2
149.4236218796152,157.62665629613417,1,1,1,3,0,13,55,0,46781,2,1,2
189.05929168734536,50.14190893918935,1,3,2,3,0,16,26,0,30409,3,0,2
337.05972567176434,182.58879292720772,1,1,2,1,1,21,65,0,67756,3,0,2
524.7222998809027,,1,0,1,1,1,21,32,0,34184,2,0,2
985.4132692299686,,1,1,2,2,0,21,48,0,104585,5,0,2
323.40697017984076,73.51403658963306,1,2,2,1,1,23,58,0,38224,3,0,2
177.7142941128159,,1,0,1,1,1,4,26,0,103376,4,0,2
259.7257533984737,190.9360861294796,1,5,2,3,1,21,30,0,73840,1,0,2
,,1,3,2,0,1,20,55,1,106348,3,0,2
337.3507882882201,67.28344070096367,1,1,0,2,1,5,49,0,87283,4,0,2
918.5795972890944,124.58688521729884,0,4,0,0,1,20,37,0,54285,2,0,2
465.6788743382175,10.728227793617462,1,5,2,2,1,19,38,1,40410,4,0,2
153.04412469268547,59.02017656951377,1,2,2,1,0,16,36,1,95726,5,0,2
82.74194789048661,43.69143398311166,1,0,2,0,1,4,44,1,89839,2,0,2
,69.7790644944289,1,5,1,2,0,11,28,1,107663,5,0,2
858.6396120854881,,0,0,2,1,0,13,32,1,108349,3,0,2
590.2503784108495,,1,3,0,2,0,22,25,1,31834,5,0,2
,108.62349135192152,1,5,2,3,1,19,26,0,50193,5,0,2
636.9381451684399,163.3281215242829,1,3,2,2,0,11,56,1,81094,2,0,2
,74.59283662122122,0,4,2,2,0,18,54,0,52427,2,0,2
844.1295724671193,,1,4,2,1,1,20,68,1,40961,2,0,2
708.0555196297568,110.46611111680777,0,3,0,3,0,9,37,0,89110,4,0,2
891.6750571906744,11.665613068166447,1,3,0,0,0,3,66,1,76579,4,0,2
618.479479586533,59.71223743206709,1,4,2,2,1,21,69,0,103226,5,0,2
542.6626029940143,98.19770462668995,1,1,0,0,0,1,27,0,38544,2,0,2
,58.83561610619448,0,5,1,0,0,4,36,1,38619,5,0,2
477.8922916113201,77.42806793095278,1,4,1,0,1,17,27,1,108055,2,0,2
42.18603890657124,,1,2,0,1,1,15,39,0,62533,2,0,2
785.8337520346129,,0,3,1,1,1,17,65,0,90443,3,0,2
,50.90229348483928,1,2,0,0,1,22,42,0,98813,3,0,2
40.56425482455961,134.26401933931095,1,5,1,2,1,11,41,1,109774,2,0,2
36.96703617878472,,1,2,2,2,1,15,43,1,44636,3,0,2
406.8640958157791,49.19611137278987,1,0,0,3,0,13,32,1,81559,1,0,2
628.1292813200655,25.003902892302676,0,5,0,1,0,9,69,1,49808,4,0,2
912.3951807031568,150.3291573405395,1,0,0,2,1,20,48,0,43779,2,0,2
,31.849133198754732,1,0,1,1,1,8,52,1,73604,5,0,2
817.5702052884275,126.59540578499728,0,5,2,1,0,10,24,1,69776,1,1,2
519.0461650109231,158.28058281700902,1,4,2,3,1,11,44,1,87059,1,1,2
197.58140113447075,135.12200581023225,1,1,1,2,0,10,22,0,46363,1,0,2
891.6372679941346,101.29967546892588,0,2,1,1,0,23,30,1,76697,2,0,2
,111.016795067779,0,5,2,1,0,5,21,0,84256,1,0,2
613.6845315341639,121.52867345443548,1,5,0,2,1,7,59,0,98670,4,0,2
,,0,4,1,1,1,11,46,1,59847,3,0,2
760.0920348211034,98.94841681527625,1,5,1,2,0,9,28,1,42699,1,0,2
,146.21538626490783,1,0,2,1,0,16,46,0,57285,1,0,2
133.72543326158336,,0,4,1,3,0,15,25,1,76696,3,0,2
405.6044813262933,107.77037051712274,1,4,1,3,0,1,66,1,109421,5,0,2
179.578536869205,129.7726106924121,1,2,2,1,0,17,60,1,112391,4,0,2
,135.34482723873606,0,3,2,2,1,2,51,1,45811,5,0,2
,97.02068614346967,1,1,1,1,0,20,35,0,85468,3,0,2
912.1218961158758,,0,2,0,2,0,8,43,1,90113,5,0,2
306.21235897097046,173.76714292472414,1,5,1,0,1,16,66,1,81424,3,0,2
,139.58383224452686,1,2,0,0,1,1,35,1,67894,2,0,2
,,1,1,2,3,0,7,62,0,70894,5,0,2
55.2709239209076,33.29325279185893,0,4,2,3,0,9,60,0,56961,2,0,2
743.0940390408265,70.36248156988007,0,1,2,1,1,5,41,0,69602,4,0,2
643.0621757938919,,1,4,2,3,0,11,52,1,67254,2,0,2
,192.12520404079345,1,4,0,3,0,15,68,1,88715,5,0,2
876.7327863152798,190.13355061444355,0,2,1,3,0,17,50,0,96128,3,0,2
785.6234615804179,84.70038306641557,1,1,2,1,0,17,35,0,51173,3,0,2
846.7924394937413,49.721992193129495,1,0,2,0,0,18,48,1,104147,1,0,2
366.6109005512239,136.68015375836296,0,0,2,2,1,17,62,1,84780,4,1,2
310.0210137049194,,1,0,2,0,1,7,46,1,67279,4,0,2
430.65263093137327,3.683344157599344,1,4,0,1,0,21,18,0,36861,5,1,2
900.9127403070668,19.16263309081949,1,3,0,0,0,11,67,0,119743,5,0,2
770.758808757018,78.30136397307601,1,5,1,1,0,22,34,0,33392,2,0,2
614.2922027396032,130.53890584687502,1,5,0,0,0,11,52,1,70344,3,0,2
339.4273811759996,,1,5,1,3,1,3,41,0,106301,3,0,2
753.6637504634806,174.80372605180162,0,1,2,1,1,20,20,0,97624,3,1,2
170.38699946255065,124.46883869022784,1,4,2,0,1,12,54,1,107382,3,1,2
589.6159133337214,,1,0,1,2,1,8,39,0,103885,2,0,2
696.5775740466205,116.23985335936904,1,3,2,0,1,6,38,0,71807,2,1,2
34.7750011891641,156.06962434739106,0,4,1,0,0,3,67,1,86941,1,0,2
566.0838912497819,95.78733970245426,1,0,0,2,0,6,33,0,83878,1,1,2
983.6632384912364,,1,0,1,0,1,24,34,1,74724,1,0,2
392.99566127266536,182.0446341717284,1,2,0,0,0,9,56,0,42844,4,0,2
784.4882491256137,,1,2,2,3,1,17,19,0,72838,2,0,2
711.0878758734042,112.34571236712024,1,4,0,1,0,10,50,1,66710,1,0,2
68.46181769727622,159.10422830847585,1,4,0,1,0,5,66,1,97489,2,0,2
12.939198625622762,94.71328260172838,1,1,1,1,1,22,62,0,93599,7,0,2
776.4252188217685,29.341913991874556,1,5,2,2,0,2,48,0,48333,1,0,2
186.598261573505,124.8041329964306,1,5,1,1,1,21,60,0,103814,3,0,2
329.67164186025065,,1,4,1,3,1,9,65,1,106880,4,0,2
554.4827888148355,64.385306607743,1,0,2,3,0,6,66,0,76391,3,0,2
,22.809640825125538,1,5,0,0,0,6,29,1,64211,5,0,2
155.1095439347172,,1,5,2,3,0,17,34,1,48075,1,0,2
,,1,2,2,3,0,20,51,0,99140,3,0,2
662.2859551168013,116.11849004265802,0,4,0,1,0,3,19,1,27995,2,0,2
856.2567735727808,194.17573152617243,1,1,2,1,1,3,41,0,98505,2,0,2
984.9970938630204,62.12435168303543,1,5,1,1,1,19,50,1,68327,2,0,2
552.413963985806,,1,3,1,0,1,20,32,1,74509,4,0,2
568.1774749715229,,1,2,0,2,0,5,26,1,84200,3,0,2
,53.84702770934715,1,3,1,2,0,24,29,0,43149,3,0,2
246.4204672735937,156.91914582337114,1,5,1,0,0,10,54,1,102244,3,0,2
766.0666742058613,6.644828784904933,0,2,1,1,0,14,57,1,65352,2,0,2
150.09347263503847,50.99623384938965,1,4,1,2,1,16,61,1,113826,1,0,2
590.9240082364657,20.38131322864707,1,1,0,1,1,22,69,1,112981,2,0,2
979.0035922394482,163.6608261723641,1,1,0,3,0,23,22,0,48752,5,0,2
381.68490173239246,81.3751874258094,1,4,0,3,0,19,19,1,55081,1,0,2
,,1,3,0,3,1,9,62,0,61316,3,0,2
810.4591348997267,194.0953263919785,1,3,1,2,0,23,45,1,109004,1,0,2
,80.8425722518922,1,3,1,1,1,9,38,0,97814,2,0,2
893.3626776141448,13.807564746595125,1,4,2,3,0,15,66,1,63703,1,0,2
233.03463118940448,75.23745273805768,0,0,0,1,1,14,31,1,73206,5,0,2
752.567383270181,72.92291495458598,0,0,0,0,0,4,65,0,92021,1,0,2
,26.25160319727724,1,1,0,2,0,24,18,0,88709,3,0,2
471.2548697183766,144.2961331005277,1,3,2,0,0,10,39,1,83205,5,0,2
653.4412959041173,169.1921725193004,1,5,0,3,0,5,21,1,51406,3,0,2
558.8657896035909,164.36464604918908,1,4,1,2,0,14,25,0,32024,2,0,2
597.6637048267065,57.55426755966238,1,3,1,0,0,1,19,1,89178,1,0,2
652.5516886982883,27.4157497785384,0,4,1,0,0,22,33,1,55318,3,0,2
239.3841968077236,180.9283276436654,1,4,2,1,1,22,33,1,64172,1,0,2
271.7120362827634,73.94379688536571,1,3,0,2,0,21,61,0,85552,5,0,2
,150.10116529868728,1,0,1,0,1,7,62,0,92159,1,0,2
,53.93618854633131,0,2,0,0,1,11,53,1,45107,4,0,2
,,1,5,1,3,0,20,48,0,37428,3,1,2
,46.715063464807095,1,2,2,3,1,10,66,0,80107,4,1,2
575.5164968063029,89.3884546661254,0,0,2,3,0,13,63,0,113232,1,0,2
,6.807737347091858,1,4,1,3,1,1,29,1,101185,4,0,2
545.4503485948931,60.44876237233816,1,1,1,0,1,5,47,1,47931,5,0,2
526.6443170023493,19.28684842657349,1,0,1,0,0,18,61,1,114883,3,0,2
498.6565552730292,125.40404755100076,1,0,1,0,0,6,45,0,60155,1,0,2
585.4749966960991,,1,2,0,2,1,4,43,0,84211,4,1,2
86.09025708313234,99.3140176362935,1,4,1,2,0,2,63,0,101930,3,0,2
,,1,5,1,2,1,2,33,1,32759,3,0,2
904.543143714539,54.38008558081962,1,3,0,1,1,18,24,0,97889,1,0,2
194.59608756264817,65.57102316839057,1,0,2,3,0,13,30,0,44635,1,0,2
650.7341331504522,121.80303110135692,1,2,2,0,0,13,25,0,28573,4,0,2
680.3221991576811,,1,2,2,1,1,1,44,1,72902,3,1,2
,58.32333190011691,0,0,1,1,1,21,48,0,57300,2,0,2
91.85297450603125,173.30940795997748,1,4,1,3,0,20,25,0,62506,5,0,2
506.7268922173392,157.690969291158,1,1,1,0,1,5,32,0,42585,3,0,2
880.7402390264484,48.66461889189138,1,5,1,0,0,22,46,0,35924,2,0,2
29.51498149839371,141.50647960691688,1,3,1,1,0,14,47,0,41480,1,0,2
295.7820130272544,28.66867283506085,1,4,2,0,1,21,28,1,69622,2,0,2
891.9442007353961,85.14481792265585,1,2,0,0,0,14,54,1,82880,5,0,2
323.50413394317303,27.557904028213876,1,2,0,1,1,2,63,0,91352,1,0,2
,88.49957415828791,1,0,1,1,0,24,19,1,39040,5,1,2
363.3206292741745,12.151717721607014,1,1,1,3,0,23,45,0,105996,1,0,2
909.6867775843762,173.3067102599282,1,1,2,1,0,7,22,0,39049,5,0,2
300.0299554645456,137.05149913059526,1,1,1,2,1,19,59,0,46072,5,0,2
,73.2158519087555,1,3,2,1,0,11,67,1,65727,2,0,2
256.2801624270078,78.20586576022193,1,4,0,2,1,3,51,1,112439,1,0,2
250.5886094023868,183.1836903320904,1,5,0,2,0,18,42,0,39514,3,0,2
395.6526489014919,185.58180150249717,1,4,0,2,0,14,20,0,104743,1,0,2
,138.03808633688283,1,5,0,2,1,4,59,0,39569,4,0,2
618.1911282152279,96.87200339717236,1,2,1,2,0,9,64,1,117811,5,0,2
306.88730916496553,115.4265041193362,1,2,2,2,0,20,47,1,52795,5,0,2
617.8534214024993,,0,3,0,1,0,17,66,1,78217,6,0,2
,28.31500832634046,0,2,1,3,0,5,54,1,91128,1,1,2
896.1227549283285,,1,3,2,3,1,2,62,0,115719,4,0,2
567.6855178724704,171.3572980707076,1,1,1,0,1,14,65,1,56399,4,0,2
841.2474437363499,47.30226480985029,0,5,2,0,1,13,43,0,78618,2,0,2
716.8951423152977,94.27361463495016,1,4,2,3,0,8,49,0,73917,4,1,2
163.19476406518152,60.3737145451617,1,5,1,3,0,10,41,0,42231,3,0,2
109.3190952170282,84.52552651409273,1,0,1,2,1,20,34,0,64409,5,1,2
878.1708887456555,0.0401754851097724,1,2,0,1,0,9,52,1,71184,5,1,2
56.891854614592674,174.8175046054325,1,0,0,2,1,21,33,1,59305,4,0,2
247.25400871491908,176.17675918885115,0,3,2,2,0,9,22,0,98905,1,0,2
670.4632350226193,128.4932352251716,1,1,2,1,0,1,65,0,92526,4,0,2
633.8072489954194,,1,4,0,2,0,18,49,0,80218,3,0,2
,171.9493808440792,1,5,2,3,0,7,45,1,77554,3,1,2
259.9350208797837,166.75901492965838,1,5,0,1,1,17,20,0,37962,9,0,2
,38.698750692160466,0,0,1,0,0,3,43,0,69060,6,0,2
359.9857707407703,168.81426324884123,1,0,0,3,1,14,38,1,72898,4,0,2
990.1817093026189,152.93409551379108,0,5,1,3,0,11,28,0,73436,2,0,2
68.40008944901177,1.2500993526861848,0,1,2,1,0,23,64,0,113011,5,0,2
349.77800186692696,188.4442664966104,1,5,1,3,1,13,19,0,87555,5,0,2
107.91628542687504,,1,1,2,0,1,20,19,1,52176,2,0,2
780.7866795118363,,1,5,1,1,1,17,64,1,53796,2,0,2
251.46810628600343,178.0670099602818,1,2,2,0,1,20,21,1,66622,2,0,2
50.840538846247064,,1,4,2,3,1,11,44,1,59664,3,0,2
492.1146248591917,46.087669948690426,1,1,0,3,0,8,41,0,94332,4,0,2
639.2382652898275,151.80652122297232,1,4,2,1,1,14,20,0,81741,2,1,2
834.5677882762769,71.43679225543113,1,1,1,1,0,17,33,1,68271,5,0,2
14.072307090951083,89.16336624316867,0,2,2,3,1,24,58,0,103626,5,0,2
755.0149359034141,139.80034984762526,1,0,1,2,1,14,55,1,77558,3,0,2
141.0553991120076,164.27723501941963,1,0,2,2,1,6,46,1,104018,4,0,2
767.5872591296592,111.1163869258171,1,3,2,0,0,23,53,1,101246,1,0,2
154.2897030747141,138.61100310045387,1,2,0,2,1,2,42,0,35634,4,0,2
301.5512891481441,28.811892018549766,0,1,2,0,0,18,67,1,74462,5,0,2
52.5008613677429,98.6566150878887,1,1,0,3,1,6,58,1,110878,5,0,2
374.534548251207,164.33837354111955,1,2,2,0,0,8,50,1,39914,3,0,2
,170.45775788606946,1,2,2,0,0,21,22,0,78194,2,0,2
125.01851818847696,141.59313516707508,1,2,1,1,1,12,30,1,71920,4,0,2
290.49509652490036,31.454579168748943,1,4,2,3,1,1,67,1,118738,5,0,2
,110.79967317676412,0,2,2,0,1,10,60,1,110674,4,0,2
878.628269581213,9.843077706936842,1,2,0,2,1,1,21,0,46881,1,0,2
448.4351130699477,181.01301958827585,1,2,1,0,1,4,53,0,66036,5,0,2
444.21165555198127,36.52091174720162,1,0,1,0,1,10,34,1,98977,5,0,2
,67.24104977163805,1,2,1,3,1,10,56,1,98066,4,0,2
,,0,3,2,3,1,11,41,1,86361,3,0,2
,154.74811870194293,1,3,2,3,0,4,46,0,88528,2,0,2
94.9085569329946,90.32265998420624,1,0,1,1,1,17,37,1,55104,5,0,2
412.4034528169602,,1,2,1,1,1,8,60,1,107339,5,0,2
746.1262692223274,82.70647508878078,1,5,1,0,0,14,28,0,99934,5,0,2
418.3581183111343,,1,4,1,3,1,15,52,1,52834,5,0,2
355.70603573096093,,1,5,2,2,1,17,38,1,64983,4,0,2
614.6583507783088,153.9379777728743,1,5,0,3,1,6,67,0,100064,1,0,2
850.3133777403756,,1,4,0,3,1,23,65,0,98045,1,0,2
,,1,5,1,3,1,4,27,0,66161,2,1,2
161.1416844000454,191.4911192393972,1,6,0,0,1,19,44,1,62948,1,0,2
,95.06964179425574,1,3,2,2,0,19,28,1,29282,4,0,2
967.7844079963652,146.95595520307816,1,3,1,0,0,12,23,0,96522,2,0,2
,23.89943457819017,1,5,2,3,0,14,56,1,52480,2,1,2
,139.7739341530063,1,0,0,0,1,8,51,1,86681,2,0,2
,15.860147785379295,1,2,2,0,1,22,28,0,59348,5,0,2
63.48952138258335,153.7892523574247,1,5,1,3,1,6,40,0,90395,1,0,2
752.8196457323427,91.74905705023994,1,0,1,3,1,8,22,1,82283,4,0,2
315.1722696175767,147.8858658368043,0,3,0,0,1,23,50,0,57269,6,0,2
61.36466523253126,88.32542254682608,1,2,1,3,1,12,23,1,93647,3,0,2
696.6627217390635,,1,3,2,3,0,19,22,1,47414,4,0,2
153.4785114492322,,1,5,0,3,1,20,40,1,75751,3,1,2
138.40917087008907,86.54259019091887,0,5,0,0,1,1,56,1,84715,2,0,2
269.6010165550475,9.74849995326108,1,5,0,3,0,10,66,0,59370,3,0,2
,136.44807694678224,1,0,0,2,1,11,33,1,106455,2,0,2
455.7249842886266,191.7031487552611,1,0,1,0,0,2,33,0,86776,5,0,2
817.3787309888488,185.59815836066417,1,0,2,1,1,7,52,1,92939,4,0,2
920.7302078429976,,1,4,2,1,0,20,43,0,72809,2,0,2
23.44104788625434,114.20447771863024,1,1,1,0,0,6,66,1,87264,4,0,2
312.4157398639631,113.19795454032725,1,5,0,2,0,21,55,1,65132,1,0,2
564.4486316860731,180.43190854577537,1,0,1,2,0,18,36,1,40772,2,0,2
398.29888985818826,9.779584181181612,1,1,2,3,1,2,62,0,70886,5,0,2
848.6845674136466,,1,1,2,3,1,21,49,0,76061,5,0,2
109.070845231785,93.0747456936866,1,2,1,0,0,23,30,0,80330,5,0,2
,189.20688968564656,1,3,0,0,0,12,18,0,55492,1,0,2
591.3893086318581,51.19516395535453,1,0,2,2,1,22,32,0,66524,2,0,2
445.54913478439664,53.27212752937911,1,2,1,1,0,22,27,1,45833,3,1,2
605.4593388117961,,1,1,2,1,1,1,35,0,37624,3,0,2
972.9563962463388,85.98246804309883,1,4,0,0,0,19,44,1,41011,4,0,2
75.69562843984923,71.64355650011247,1,5,0,0,0,14,58,1,58231,5,0,2
315.9545825715352,61.00857451965784,1,1,1,3,0,5,67,0,104239,5,0,2
,30.190468681191597,1,0,0,1,1,6,48,0,41685,4,0,2
,30.221693552633756,0,5,2,1,1,6,50,0,88692,1,1,2
93.65749012753268,43.49580734347214,1,4,1,3,0,7,19,0,42464,2,1,2
179.18480583503393,144.89669424511774,1,3,2,2,1,4,23,1,99418,3,1,2
87.46954862318401,119.90614872280364,1,2,0,0,1,19,44,1,100888,4,1,2
570.6644730060698,,1,4,2,1,0,7,62,1,56410,2,1,2
888.1004108606635,110.11378622429578,1,1,2,2,1,24,60,0,38796,4,0,2
943.501785985288,148.13731926173892,1,2,2,3,0,2,32,1,56628,3,0,2
,,1,4,2,0,1,22,25,1,85732,4,0,2
276.83422337493977,166.14599388170953,0,0,2,0,1,1,53,1,61349,3,0,2
38.01982710072005,166.59808057279818,1,4,2,1,1,12,51,0,58289,3,0,2
413.9557456135915,16.96343664246833,0,2,1,1,1,23,23,1,77520,4,0,2
,41.880892540012105,1,3,1,3,0,24,42,0,51220,4,0,2
847.6909448271465,179.72326692660275,1,5,0,2,0,20,52,1,95228,5,0,2
485.433722664524,54.006206929630366,1,5,2,0,1,14,49,1,52066,3,0,2
973.7890741678062,100.5711420422528,0,4,2,3,0,8,56,1,55788,5,0,2
244.40393872376464,184.78303117649384,0,2,0,0,0,11,41,1,37180,4,0,2
498.08407474809235,158.14924198355456,1,2,0,3,0,24,43,0,69492,3,0,2
,,1,0,0,3,0,24,21,0,58316,3,1,2
220.27920552777036,51.50056954734554,1,1,2,3,1,5,54,1,55600,2,0,2
415.9651350254446,,1,5,2,1,1,20,38,1,94095,1,0,2
865.5354812718349,79.33518305976257,1,3,1,0,1,19,41,1,62642,3,0,2
,47.04115762842793,1,2,1,1,0,16,38,0,82966,4,0,2
649.5924697053508,,1,1,2,3,0,8,33,0,78414,5,0,2
,191.750515002284,1,2,1,0,0,7,22,1,51814,2,0,2
526.1353396141928,,1,3,1,2,1,10,36,1,54515,3,0,2
,188.18734825083345,1,4,2,3,1,23,60,1,105253,5,1,2
107.50724437411408,32.559553349088375,1,4,1,0,1,22,61,1,73079,2,0,2
367.01439211755104,,1,3,1,0,0,18,47,1,113970,4,0,2
494.9428623717248,108.00506849313554,0,5,0,2,0,6,65,0,68689,1,0,2
968.2834897072868,,1,1,0,0,1,16,52,0,51461,8,0,2
332.0817865785254,48.16790187668054,0,5,0,2,0,20,27,1,57025,4,0,2
214.075741378829,186.4074259045891,0,0,2,3,1,5,65,0,62964,2,0,2
25.063032298635267,91.38689450943588,1,3,0,1,0,10,20,1,58731,1,0,2
467.1714506930786,182.8574512588617,1,3,0,0,0,5,34,1,47258,3,0,2
216.67222133393273,43.326943912453864,1,1,2,2,0,8,26,0,101048,3,0,2
635.8611985319192,83.41164229275844,1,3,0,1,1,5,66,1,91620,1,0,2
559.7804662081863,,1,0,2,1,1,8,61,1,95775,1,1,2
562.5483747247181,5.8592620330836676,1,1,2,2,0,9,51,0,101206,3,0,2
453.5654269631776,123.5738954363724,1,3,2,1,0,11,28,1,84426,1,1,2
698.5368898641824,195.7851286145791,1,2,1,2,0,8,35,0,103134,3,0,2
616.8669603849434,34.2415002398315,1,0,2,0,0,12,69,0,52559,4,0,2
,193.5029817870319,1,2,0,0,1,2,20,0,32713,5,0,2
729.5455855926771,103.09808932453936,1,1,2,1,0,12,59,0,48704,1,0,2
115.14168252718548,,0,3,0,0,0,4,53,0,44190,4,0,2
973.6980431884848,35.74292802875658,1,1,0,1,1,24,56,0,44988,3,0,2
,,1,3,2,3,0,11,56,1,39246,3,0,2
750.6040058206695,,1,5,0,1,0,21,52,1,93825,1,0,2
781.0971865609828,1.3095318523031807,1,1,2,0,0,10,34,0,30606,1,0,2
,157.17046164536416,1,5,0,2,1,18,51,1,58949,5,0,2
109.6418934232899,67.13957163557693,0,0,1,1,1,12,26,0,50833,4,0,2
,164.12679793585082,0,4,2,0,0,7,25,1,43137,4,0,2
944.7688953419784,,0,2,0,0,0,11,33,1,82241,4,0,2
470.1637657211403,4.03044985573513,1,4,2,0,1,22,49,1,73876,2,0,2
,167.09662215175015,1,0,0,0,0,17,69,1,75070,5,0,2
803.6987389853792,129.67592883170352,0,1,0,3,0,9,63,0,104653,5,0,2
218.6212165720679,78.65737565042865,1,2,2,3,1,10,39,0,59360,3,0,2
539.1839403791729,116.77760731993716,1,0,1,0,1,19,55,1,97009,1,0,2
523.682099221695,191.0577292120379,0,2,1,0,1,19,20,0,31926,3,1,2
32.84954603582213,,1,4,0,3,1,16,47,0,111264,3,0,2
,23.11880764025645,0,0,1,1,1,13,56,0,47202,3,0,2
,,1,4,1,3,0,9,35,0,37339,5,0,2
686.3502748511688,172.33889346798762,1,1,0,1,1,8,25,1,49540,6,0,2
,66.02988176227358,1,3,0,0,1,1,55,0,85459,5,0,2
,31.359231969244593,1,0,1,2,0,4,51,0,70720,3,0,2
157.65703494349947,165.40048674186315,0,5,1,3,1,2,38,1,97815,5,0,2
167.56590835863506,105.53954487932928,1,4,1,0,0,23,33,1,94109,5,0,2
893.0465407159459,166.76618491525645,1,5,0,3,1,10,32,1,90134,5,0,2
61.85224729726857,133.34183153277894,0,3,1,2,0,16,30,0,53748,2,0,2
686.8194286775496,34.99030243115253,0,1,0,1,1,14,51,0,86021,5,0,2
597.6828111826616,39.652871863682535,1,5,1,2,1,14,19,0,74158,2,0,2
,182.3719577557702,1,0,2,3,0,16,20,1,79233,4,0,2
977.9854726880908,143.8940262819623,1,1,0,3,1,20,32,1,104728,2,0,2
326.57648158899457,99.3924038021022,1,5,0,0,0,2,56,1,103622,2,0,2
693.6139315310976,147.3412076761819,1,2,0,0,1,12,27,1,51637,4,0,2
889.1675867882872,189.55698074112755,1,3,0,1,0,14,31,1,98462,3,1,2
841.3179010417082,175.98644240541702,1,1,0,3,1,5,22,1,61965,3,0,2
565.6442655408418,90.3040406775351,1,4,0,0,0,19,35,1,104305,2,0,2
796.6129987971389,,1,5,1,1,1,15,25,0,38965,3,0,2
478.8406181018915,66.35288555646419,1,3,2,2,1,23,18,1,52448,4,0,2
,60.50414295454401,1,0,0,3,1,23,51,0,70552,3,0,2
141.85183407585822,68.73804177869714,0,0,1,2,0,5,29,1,29592,1,0,2
298.0835132501174,,1,1,0,1,1,4,29,1,93690,5,0,2
,50.13601079004737,0,5,2,2,1,14,45,0,67386,2,0,2
274.0452710374051,62.9528632995608,1,4,2,2,1,12,56,0,86743,1,0,2
288.17044773064396,65.68403563429924,1,4,2,0,0,10,42,0,95952,2,0,2
600.0187468479205,156.8077168259155,1,1,2,2,1,9,56,0,58611,3,0,2
846.7076399550999,123.18726167305702,1,2,1,0,1,19,56,0,102258,1,0,2
,171.64837012174974,1,5,2,0,1,7,24,0,44096,3,0,2
868.0339406575972,,1,3,0,0,0,19,44,0,81781,2,0,2
374.29849416337333,124.51177774457604,0,5,1,3,0,21,62,1,51894,1,0,2
30.42858065330045,162.18682776282006,1,1,2,0,0,16,23,0,32484,1,0,2
52.03268592722621,161.39237969312236,0,4,1,3,1,18,67,0,44489,5,0,2
943.1321855613086,72.51693468963806,1,0,2,2,0,4,28,0,40915,2,0,2
194.37218528391696,157.32356142985745,1,5,1,0,1,18,59,1,81931,5,1,2
,172.66287912983637,1,0,0,0,1,13,24,0,106905,3,0,2
73.1811164087276,27.24702294561494,1,5,2,0,1,14,45,0,56116,1,0,2
966.890893583044,69.96293134447443,0,4,0,1,1,22,53,0,85928,2,0,2
935.1823758627404,144.39609196019677,0,3,2,0,0,12,27,1,94955,3,0,2
514.6007376831179,85.89219426789556,1,3,0,0,0,16,53,1,49694,1,0,2
,,1,5,1,1,1,21,24,1,95556,4,1,2
147.26532093912436,57.74805043116904,1,3,2,1,0,22,25,1,104876,1,0,2
830.0459029251489,85.14353220730935,1,1,1,3,1,23,48,1,103244,2,0,2
467.2309084771334,,1,2,0,2,0,19,52,1,87570,8,1,2
,154.38533087388754,0,1,0,0,0,3,43,1,48740,5,0,2
,163.93418828495422,1,3,0,1,0,14,59,1,54810,2,0,2
35.601913831196484,195.7742725335428,1,3,0,0,0,2,35,1,41728,4,0,2
107.00845733727272,158.20225229996433,0,4,1,3,0,4,32,0,59409,4,0,2
,,0,0,2,0,1,3,38,1,94615,3,0,2
573.4595420061503,,1,4,1,1,0,10,38,1,80522,3,0,2
873.1259188546744,89.03264986302742,1,1,1,1,0,14,44,0,48919,1,0,2
46.913980035473536,196.11370602028225,1,1,2,0,0,22,27,1,77825,3,0,2
913.6465616880052,157.48874785839044,1,1,1,0,0,11,55,0,100121,4,0,2
491.8881379139832,74.60271939939247,0,3,2,1,1,23,52,1,36656,4,0,2
330.30755903807784,158.6799074922477,1,2,1,0,1,15,31,1,87124,5,0,2
,74.43363055474256,1,0,2,2,0,2,63,1,68269,3,1,2
826.1073002321511,127.63873909090586,1,2,2,3,1,5,46,1,69539,2,0,2
514.6307902792128,,0,3,1,1,0,19,18,0,53181,2,0,2
,,1,2,1,0,0,3,68,1,73239,4,0,2
655.6242957757299,,0,4,0,2,1,13,54,1,86643,4,0,2
266.6205075563137,103.14431506188195,1,4,0,1,1,11,19,0,50567,5,0,2
948.2329328439248,115.09602062001292,0,4,0,2,0,14,39,0,74545,2,0,2
194.4865257373707,,1,2,0,2,0,10,54,0,78307,5,0,2
975.10693585076,71.74417154671077,0,4,1,2,1,20,50,0,87033,5,0,2
662.6892813113608,,0,2,1,1,1,10,46,0,37066,4,0,2
893.0989014007364,120.76859909193811,0,1,0,0,1,17,36,0,37039,1,0,2
778.7792132578609,113.65540196223463,0,2,1,0,1,22,18,0,85423,3,1,2
286.5576484369661,43.82523933605047,0,1,0,1,0,15,60,1,109822,4,0,2
799.2028234728175,186.79446311436703,1,2,1,0,0,17,35,0,94102,3,0,2
,35.45529941439136,1,1,0,3,1,11,33,0,51239,2,0,2
100.89265748844976,13.737933312490805,1,2,0,2,0,3,63,0,52130,1,0,2
548.7549027634789,163.94871925164233,1,6,1,3,0,5,57,0,83969,4,0,2
,71.14616929752839,1,0,1,0,1,12,29,1,102828,1,0,2
665.807834471926,164.81008099828517,1,4,1,0,0,20,56,0,109962,5,0,2
144.22228953459904,186.36689129974903,1,1,1,3,1,1,31,0,60615,2,0,2
,,0,5,1,3,1,1,26,1,83470,5,1,2
680.0222930981722,27.95934980691417,1,0,0,2,1,14,41,0,70234,3,0,2
,20.434080560621748,1,5,1,2,1,24,39,0,87069,2,0,2
736.2020150216388,36.12251649422551,1,0,1,1,0,6,62,1,106651,4,0,2
61.96073528790447,,1,5,1,3,0,10,66,0,80042,4,0,2
420.0424015790343,127.28743657769522,1,0,0,1,1,13,52,1,42058,3,0,2
245.1121759281183,153.44063137128242,1,1,0,3,0,10,35,1,80341,3,0,2
351.84889222733176,90.69888462035183,1,3,1,0,0,17,42,1,39183,4,0,2
319.8017366866363,172.60316206513366,1,5,1,3,1,10,34,1,85016,4,1,2
,,1,6,2,3,1,8,40,1,92989,5,0,2
151.51102857646214,1.5745212166701217,1,3,2,2,1,15,51,0,78917,1,0,2
375.9602535944431,114.27132403488248,0,2,1,0,0,2,49,1,110701,5,0,2
923.4326109363147,81.34130376587747,1,5,0,1,1,21,67,0,92140,3,0,2
125.17563277704691,95.35375625675788,1,4,2,3,1,8,55,0,105196,3,0,2
,,1,3,2,1,0,17,19,1,63306,4,1,2
,116.7692833210954,1,3,1,1,0,16,23,1,90145,4,0,2
462.9905972772246,,1,2,2,3,0,16,61,0,108117,2,0,2
12.181611904785395,,0,2,0,0,0,24,45,0,101876,2,0,2
490.37488148134145,120.30131963177084,1,3,1,2,0,21,25,0,94290,1,0,2
,188.74542215334031,1,1,2,2,0,1,21,0,63216,5,0,2
742.0445730158273,,1,3,0,3,1,24,46,0,65506,5,0,2
,99.67192797459244,1,2,1,1,1,12,55,1,53135,8,0,2
54.5319524961303,14.27357653980339,1,2,1,2,0,3,19,0,89940,3,0,2
263.22925945966426,181.93012649090028,1,5,2,2,0,10,36,1,48927,2,0,2
982.1634472426908,,1,5,2,0,0,8,65,1,98347,1,0,2
350.0349393760622,,1,4,1,2,1,8,54,1,114376,3,0,2
696.4290625795485,142.3587743110837,0,5,0,2,1,22,20,1,39015,4,0,2
258.9300141387803,181.4042678653408,1,4,0,0,1,1,49,1,89980,1,0,2
148.51551290041965,153.47512373667766,0,4,1,3,1,13,44,1,66824,2,0,2
735.1841823243615,,1,2,2,1,1,14,61,1,60534,2,0,2
,183.19401785926223,1,3,0,0,0,10,58,0,74416,5,0,2
970.5876687084432,143.73083196114715,1,3,2,1,0,24,60,1,57639,2,0,2
,20.60422895278551,1,1,1,2,0,3,43,0,101250,2,0,2
463.967327525046,44.62021765184565,1,0,2,0,1,24,60,1,48001,1,0,2
,,1,3,2,3,0,24,67,0,112695,2,0,2
810.7565690337608,62.13234105502128,1,5,2,1,1,13,19,1,36807,6,0,2
904.1515423440698,52.02391611742385,1,1,1,2,1,14,69,1,73303,3,0,2
,53.07146612111882,1,3,0,0,1,11,52,0,82845,2,1,2
85.1955795400008,,1,5,1,3,0,4,60,0,111395,4,0,2
310.4164311226264,4.501074555377649,1,3,1,0,0,21,19,1,76270,5,1,2
544.8394500757635,,0,3,1,0,1,3,58,0,96150,2,1,2
350.55434623414203,34.218402480316534,1,0,0,1,0,6,43,1,90015,1,0,2
907.8205104520844,11.73071237226302,1,0,0,1,0,12,19,0,34827,5,0,2
,85.58340350037201,0,5,1,2,1,19,50,1,70490,2,0,2
,,1,4,2,2,1,7,32,1,50884,5,0,2
660.7243901182194,99.09971711418734,1,5,1,1,0,1,18,0,105083,2,0,2
407.8106255965737,140.7250229669558,0,4,2,3,0,14,49,0,95429,3,0,2
826.8412159571077,23.239815258018016,1,3,1,0,1,22,67,0,85269,5,0,2
856.1952269861802,88.58497801920811,1,3,2,2,0,24,36,0,91994,4,0,2
,41.97473002260899,1,4,1,0,1,13,31,0,40887,1,1,2
41.019572952866625,21.58796143452093,0,4,2,1,1,5,58,0,47043,3,0,2
167.0593806663262,,1,4,0,0,1,3,65,0,101413,2,0,2
753.3747546989262,,0,5,2,3,0,13,25,0,32799,3,0,2
484.912340191185,114.94752240123094,1,2,2,1,1,21,29,0,56198,4,0,2
760.7476910290221,45.823810503894435,1,3,0,3,0,5,32,1,59450,2,0,2
433.58102675536225,45.08533994580459,1,2,0,2,1,20,67,0,80300,2,0,2
,48.38955712533033,0,0,1,2,1,19,67,0,54601,1,0,2
153.1458318802571,158.26681852191075,0,4,0,3,1,21,61,0,42815,2,0,2
608.0742016062735,126.41981807141592,1,0,0,0,0,21,67,0,99273,5,0,2
550.7454627592191,51.63972225962645,1,2,0,1,1,22,51,0,104588,1,0,2
,76.02197799419869,1,0,1,2,0,15,23,0,60701,5,0,2
261.6771455868225,69.81143572546438,1,5,0,2,1,18,44,1,34870,3,0,2
642.0579854007639,57.26503534674203,1,5,1,0,1,2,44,0,47614,2,1,2
,,1,2,2,2,0,2,44,0,69178,2,0,2
944.8085980718624,87.0076010282437,1,0,0,3,0,11,55,1,57885,4,0,2
,,1,5,2,0,0,2,27,0,37776,1,0,2
554.7076620752837,,1,1,2,2,0,19,69,1,65258,1,0,2
107.43401930030129,118.04854439147007,1,2,0,0,0,19,65,0,54910,5,1,2
77.22493973094535,120.44610937609056,1,0,2,2,1,3,60,1,38906,2,0,2
290.3913333161854,114.1617634380179,1,2,1,0,0,17,54,0,48105,1,0,2
856.1498418511753,184.84667201707984,1,1,0,2,1,20,44,1,66797,3,0,2
,,1,3,0,2,1,19,62,1,111790,3,0,2
565.5765509104883,179.02851851671926,0,1,2,3,1,13,45,1,61837,4,0,2
729.021350518441,168.64479627127275,1,0,0,1,0,1,26,0,75836,9,0,2
992.5451599970112,188.92294186782192,1,5,1,0,0,15,45,1,51464,4,1,2
187.55999623209897,,1,0,0,1,1,3,48,0,106253,5,0,2
,159.26741006185082,1,4,1,1,1,1,58,1,50280,3,1,2
,5.060471963575219,0,4,1,0,0,11,66,1,65051,5,0,2
,168.4785765823295,0,2,1,3,1,11,21,1,73243,4,0,2
23.88036175892394,67.9457534281072,0,3,0,2,0,23,65,1,116192,2,0,2
,177.68922160628594,1,5,1,3,1,22,67,1,64763,1,0,2
127.46805801035288,79.14038552809276,1,0,0,0,1,21,39,1,105256,1,0,2
171.20422388819378,143.15421778867605,1,2,2,1,1,10,50,0,49724,1,0,2
,194.2512976573381,1,1,0,3,1,7,42,0,75010,4,0,2
187.39628135126384,146.30333807503467,1,0,0,2,1,14,37,0,47835,2,0,2
,86.41886713472337,1,5,0,3,1,7,18,1,63341,4,0,2
523.4623885338668,,1,2,0,3,0,7,33,1,32986,1,0,2
,56.80296462212677,1,5,2,3,0,13,19,0,104566,5,0,2
450.0635511584956,157.68182051456932,1,3,2,1,1,17,26,1,81761,2,0,2
418.895003986367,107.91061890036104,0,1,2,2,1,23,69,1,96902,3,1,2
985.8742123774224,36.838265775632586,1,3,0,0,0,14,30,0,35039,2,0,2
,109.7841434361626,1,3,1,0,0,18,23,1,52049,5,1,2
316.0233374970215,105.3466272558871,1,5,2,1,1,13,66,0,83032,3,0,2
223.2912710446716,29.516207984745435,1,2,0,0,0,2,29,0,42315,5,0,2
198.11913260585047,30.780401158246296,0,3,1,0,1,15,58,1,94409,1,0,2
511.1632076972428,109.28443200522705,1,1,2,0,0,10,30,1,32845,5,0,2
800.530669077911,,1,5,0,0,1,3,25,1,77964,4,0,2
494.9632139141085,130.50603667184615,1,0,2,2,0,6,58,0,86289,5,0,2
985.7237634720144,157.21302954997017,1,0,0,0,0,16,18,1,81391,3,0,2
,,0,4,2,0,0,20,27,0,63935,3,0,2
779.6124789717644,22.33864823151288,1,3,2,0,1,20,18,1,92475,5,0,2
831.1049104364624,40.69359716688163,1,3,0,3,0,14,34,0,86270,1,0,2
781.6621371271101,164.2621860540133,1,4,0,0,1,3,38,1,54480,5,0,2
842.7177635646182,,1,4,0,1,1,14,60,1,97845,3,0,2
252.96409400037177,155.95565725955203,1,5,0,3,0,9,29,1,76178,4,0,2
456.2073864730048,84.51284296587667,1,0,1,2,1,5,23,1,60830,3,0,2
200.87430084985832,96.66768915923288,1,4,1,1,1,1,19,0,48858,1,0,2
,60.11694577667943,1,0,2,0,1,12,53,1,69184,4,0,2
317.6469278625027,62.730579563683705,1,4,0,3,0,22,20,0,71643,3,0,2
733.5689772288335,32.06729005438114,1,3,0,3,1,13,61,1,98587,2,0,2
737.8576484061979,120.5482857088864,1,5,0,1,1,7,35,1,55746,5,0,2
930.6606729786936,117.02285642144808,1,5,2,0,0,10,47,0,113602,4,0,2
921.8657571812996,95.30781406911422,1,3,0,0,1,10,37,1,110384,5,1,2
151.21691329518916,175.1519725370867,1,0,0,0,0,21,49,1,105738,3,0,2
,2.6427445581351794,1,4,2,3,0,20,69,1,47133,4,0,2
,76.43153152630498,1,5,1,0,1,13,38,1,37118,3,1,2
,118.78375366802928,1,2,2,3,0,22,41,1,63621,3,0,2
,14.859865152788744,1,3,2,2,0,21,37,0,39478,3,0,2
490.27411872536743,,1,1,2,2,0,8,55,0,63722,5,0,2
979.188393175896,,1,3,2,3,1,13,27,1,93705,5,1,2
490.6284713562947,49.53423119292706,1,3,1,1,0,15,63,0,103967,3,1,2
,117.64270062969966,0,4,2,3,0,12,23,1,37413,1,0,2
788.7420680391336,126.00960814757984,0,4,2,1,0,2,34,1,81099,2,1,2
,91.78192245313532,1,5,0,1,0,24,54,1,46945,2,0,2
295.97609620954825,,0,0,0,1,0,3,19,1,78869,2,0,2
,48.906911252507435,1,3,1,2,1,19,37,1,54010,2,0,2
,72.24854383044274,1,3,1,0,1,17,32,1,51545,2,0,2
249.05149394607952,50.72560577186176,0,3,1,1,1,12,46,0,106735,3,0,2
97.1627549722588,30.111374734688656,1,5,0,1,0,10,24,0,31952,1,0,2
356.0083708233106,187.34719115007613,1,1,1,0,0,18,53,1,77682,3,1,2
741.3659024316296,29.399748857353305,1,1,0,2,1,6,64,1,59088,3,0,2
,163.06410542097453,1,2,1,3,0,14,65,1,95996,3,0,2
769.9532246734971,148.31923924574704,1,2,1,3,1,19,45,1,44567,1,0,2
933.6246533413666,136.36671235182175,0,2,2,2,0,17,42,0,71514,1,1,2
483.48091660943095,2.383244590718414,1,5,0,2,0,12,62,0,114165,1,0,2
,7.724349626609994,1,4,2,2,1,16,22,1,71105,1,1,2
,,1,3,0,1,1,7,67,0,80863,4,0,2
557.7661902927664,,1,2,2,0,1,6,63,0,67933,3,1,2
962.9116621723686,174.87946286979846,1,1,2,3,1,4,47,0,44365,1,0,2
161.18668478360198,115.84190694507244,0,0,0,2,0,15,47,0,46528,3,0,2
787.946224067005,,1,4,1,1,0,22,51,0,73182,5,0,2
,,1,2,1,2,0,10,24,1,80662,4,0,2
269.19772072803784,156.69578276513673,1,2,1,3,1,21,67,0,73579,5,0,2
15.25139873190584,,1,5,2,0,1,16,67,0,52063,5,0,2
302.5588086414741,85.43750143804625,0,0,2,2,0,5,68,0,99859,3,0,2
263.19218285468673,30.261733776675825,1,0,2,3,1,19,66,1,115654,4,0,2
419.69460567297114,,1,0,1,2,0,19,34,0,107416,4,0,2
96.1418733097673,5.402900228077434,1,4,1,0,1,3,22,1,86371,2,0,2
134.9664608209512,5.3177679339071915,0,1,0,2,0,7,56,1,113265,9,1,2
21.523745354255276,57.66724500054463,1,5,2,3,1,4,31,1,30323,3,0,2
874.268466052873,,1,3,1,1,0,8,26,1,42892,3,1,2
347.564270955396,87.85762368765381,1,1,1,2,1,24,18,1,69356,2,0,2
,180.52712418303864,1,1,0,3,1,1,36,0,75486,5,0,2
765.2990925760776,65.74340472953277,1,3,0,0,1,16,50,1,56701,3,0,2
929.6853495391864,40.73266002150764,1,2,1,3,1,19,67,1,51305,1,0,2
,53.367726899106536,0,5,0,1,0,14,66,0,110776,4,0,2
274.41299262160766,199.02834867906935,1,3,1,0,0,21,35,1,60266,5,0,2
127.54196682612418,115.09432473872656,1,2,2,3,0,18,25,0,80943,3,0,2
,96.31935660077296,1,0,0,2,1,10,19,0,35321,2,0,2
559.3886740901268,,1,1,2,2,0,18,23,0,91104,5,0,2
84.98491621784422,35.97456520602227,1,5,2,0,1,22,55,1,77294,6,0,2
158.87461632963806,3.1056991921112553,1,4,2,1,0,8,46,0,68069,2,0,2
609.8309586191924,148.3188317779687,0,0,1,3,1,4,21,0,38761,4,0,2
831.7436372912456,124.81089466939872,1,0,2,3,1,20,63,0,87294,5,1,2
249.31874169918737,103.74868058573692,1,0,1,1,1,12,24,1,34356,4,0,2
,89.54149071965585,1,1,0,1,0,16,39,0,68284,3,0,2
288.18716113526756,148.11371242928934,1,3,2,3,1,8,61,1,61484,2,1,2
151.36144429310838,140.07840422340675,1,5,2,3,0,12,18,0,28864,1,1,2
563.4117886279128,88.76302206510735,1,3,2,0,1,20,34,0,63110,4,0,2
666.4674556900675,,1,0,1,0,0,10,59,0,60042,4,1,2
300.08220011046205,,1,3,1,2,0,15,57,1,47541,2,0,2
544.1658921902364,26.144066580334325,1,4,0,2,0,6,57,1,98210,1,0,2
,140.76664072814148,1,4,2,0,0,19,41,1,111215,4,0,2
493.9180874283081,103.39401948444548,1,1,1,2,1,17,61,1,44904,4,0,2
97.70914775398808,47.191170620467474,1,5,0,2,1,16,46,1,86833,5,1,2
,,1,1,2,2,0,23,25,1,44683,3,0,2
904.4160556321488,,1,3,2,1,0,8,34,1,91641,4,0,2
106.7574481426028,8.731883574430732,1,1,2,1,0,12,67,1,65412,1,1,2
962.75898355662,178.29543977556958,1,3,1,1,0,21,34,1,93413,5,0,2
630.3026911181798,35.322489079666376,1,2,1,1,1,24,55,0,105792,3,0,2
778.7355529562795,189.0812710346949,1,0,1,0,1,18,60,1,111593,4,0,2
359.8860323145379,144.62499136093106,1,4,1,3,1,4,37,1,109821,2,0,2
771.086057361387,,1,2,2,2,0,9,49,0,35313,4,0,2
289.79190144064347,18.257535232312705,0,5,1,0,0,1,34,0,73372,2,0,2
678.5891082804997,,1,0,2,0,0,12,43,0,91279,4,0,2
197.41847810679943,133.58704883610704,1,4,2,1,0,19,68,0,48342,5,0,2
,10.292141435227164,1,2,2,0,0,12,47,0,53695,1,0,2
494.514167622669,185.79660121130337,1,3,2,3,1,21,68,1,72752,1,0,2
389.55856928108466,80.26939020193056,1,2,0,1,1,24,61,0,76751,4,0,2
967.037536041752,57.11559353439595,1,1,1,1,1,4,65,1,84553,1,0,2
406.0217869870466,162.80034074875422,1,4,1,3,1,19,38,0,73837,3,0,2
,174.62251924190306,1,2,2,2,0,11,65,0,50023,1,0,2
,,1,2,0,1,0,13,40,0,78373,4,0,2
419.0403069726038,102.2131050169136,1,4,0,2,1,6,43,1,75384,3,0,2
,6.071623801973214,1,0,2,2,0,8,30,0,77741,1,0,2
710.1015070015267,169.36993356257622,1,3,2,1,1,2,20,1,72172,1,0,2
126.44355253623884,32.823426775051765,0,1,1,1,0,5,18,0,81897,4,0,2
605.9697896530607,116.30381781317564,1,5,0,1,0,15,39,0,98167,2,0,2
533.8455322470835,71.74955869008603,1,1,0,2,0,16,62,1,38669,3,0,2
222.74158832221417,105.18525558215345,1,4,1,3,0,5,38,1,64427,4,1,2
503.58124778339464,145.04356094202197,1,4,1,1,0,6,67,1,108301,3,0,2
411.1319973713355,163.97751912688315,1,5,2,1,1,3,60,0,116445,4,1,2
206.36628497768385,117.104804177676,1,2,1,2,1,16,55,1,87903,5,0,2
231.91754412850415,66.64001175517629,1,5,2,3,0,9,37,1,95328,6,0,2
,135.16475172332687,1,4,0,2,0,22,42,1,100901,2,0,2
582.7131547243475,,1,3,2,0,0,12,35,0,105179,2,1,2
,178.1776528754692,1,3,2,2,1,19,62,0,82919,1,0,2
969.4916244506642,6.334946812801423,1,3,2,1,0,5,30,1,39156,1,0,2
670.5919405732436,,1,6,0,1,1,7,36,1,55483,1,0,2
,21.777354813711057,1,0,0,1,1,24,18,0,76107,5,1,2
264.2814494385969,183.64648765658765,0,5,2,3,1,2,56,1,111932,1,0,2
929.3190747068664,,1,1,0,3,1,14,35,0,104666,2,1,2
,,1,1,1,3,0,19,40,1,80629,3,0,2
,87.83004164712015,1,1,0,2,0,21,42,1,59724,5,0,2
411.0210382564958,,1,5,0,1,0,6,62,0,75308,2,0,2
317.83662808841973,,0,4,1,2,1,16,57,0,54798,2,0,2
379.29168444375085,192.25307777912383,1,3,1,3,1,7,60,0,56610,4,0,2
577.4245122966449,,0,3,1,0,0,20,34,0,32946,1,0,2
,147.00823530565336,0,3,1,1,1,22,59,0,91212,5,0,2
,29.117607916251977,1,5,1,0,0,4,39,0,92464,1,0,2
303.7452316557524,103.66625719554948,0,0,2,0,1,8,53,1,50386,2,0,2
,92.36598047270842,1,3,2,3,0,2,54,1,55387,3,0,2
296.6546226746457,195.02238098879903,1,1,2,1,0,2,33,0,61001,4,0,2
817.9679355007147,15.607688325750214,0,3,1,2,0,4,69,0,64653,1,0,2
227.50918978608735,52.91874550173332,1,2,0,0,1,15,43,0,97658,4,0,2
175.3239676406061,2.7199821195864615,1,0,1,3,0,18,49,0,54201,2,0,2
934.4773748337374,177.4977929372925,1,2,1,0,1,9,35,0,57162,5,0,2
151.9784706190582,69.2200437008279,1,3,0,3,1,21,67,0,115073,2,0,2
,2.019920206953141,1,3,0,3,1,22,54,0,44040,5,0,2
867.4276790724667,144.55429082486742,1,5,2,1,1,8,47,1,41081,4,0,2
752.9929541160301,15.834730361933923,1,5,1,0,1,23,38,1,87667,3,0,2
,110.97765747481654,1,0,2,2,1,12,42,1,78595,1,0,2
,,1,5,2,2,0,17,33,1,89241,1,0,2
578.377127138616,71.68017100688473,1,0,1,1,1,4,26,1,79459,5,0,2
305.98255005223774,106.76276894382646,0,3,1,1,0,7,52,1,40531,5,0,2
371.0185293854026,177.51753691525042,1,3,1,2,0,12,49,1,108080,5,0,2
62.47259767662949,28.40859246696825,1,0,0,3,1,9,55,1,108292,4,0,2
596.77556763124,152.9951448101262,1,4,1,2,1,18,27,1,58698,3,0,2
92.26620935778274,40.9957938075266,1,3,0,0,1,17,19,1,64708,2,0,2
625.8332592851233,132.94961988360197,1,0,2,1,1,18,41,1,90410,1,0,2
570.1935109210272,165.90234170304717,1,0,1,1,1,14,51,1,44677,3,0,2
,26.18606359880784,1,5,0,1,1,12,46,0,102993,5,0,2
829.8858803398239,127.24860835328744,0,4,0,0,1,9,56,1,63742,3,0,2
867.5914536022461,163.2082535801975,1,5,2,0,1,18,47,1,73471,3,0,2
,177.5033674544873,1,0,2,2,1,13,58,1,94430,2,0,2
,46.521668596029045,1,5,0,2,0,7,48,1,76591,5,0,2
630.942971434423,44.37103891081298,0,4,1,0,0,22,63,1,99948,3,0,2
533.6174472840861,79.1449535258188,1,0,2,3,0,1,57,1,88810,4,0,2
513.3847026775857,169.11572765838608,1,4,1,0,1,16,65,0,87312,2,0,2
,184.29677423356387,1,2,0,3,1,12,33,0,49266,4,0,2
395.3706469550853,117.04039146139968,1,3,1,2,0,9,47,0,43819,4,1,2
815.5749563242937,176.48731839366818,1,3,2,0,1,12,52,1,51499,1,0,2
556.3772499145441,11.804568996458254,1,2,2,3,1,14,55,0,106939,3,0,2
756.9228717485224,20.408428318395288,1,3,1,3,0,12,28,1,107945,4,0,2
318.39730666466437,36.7440242216623,0,5,0,0,0,11,60,1,65559,3,0,2
312.02371938168517,122.61998130180145,0,2,2,2,1,1,23,1,53658,4,0,2
796.5162930770338,,1,4,1,3,0,6,35,1,53402,5,0,2
30.39514783155617,41.32541313423954,1,4,2,2,0,5,62,1,101468,5,0,2
46.87453028862865,138.98189361801977,1,2,1,2,0,19,24,0,55358,5,0,2
843.8228126034198,110.84225103094404,0,3,2,3,1,24,32,1,46975,3,0,2
857.9709489336552,199.2039578768596,1,5,0,3,0,15,60,0,116522,4,0,2
,,1,2,1,0,1,5,46,0,96949,3,0,2
267.65260951561163,61.512276331582385,1,0,1,0,1,11,55,0,65862,2,0,2
479.6112581886849,,1,5,0,2,1,12,21,0,70249,1,0,2
161.50001834393646,75.09579940285957,1,5,1,0,1,7,46,0,69641,1,0,2
696.4900369363328,130.53082491806072,0,4,0,2,0,10,33,1,97646,2,0,2
734.4413441787534,108.74676721444617,1,4,1,1,1,20,33,0,77864,2,0,2
196.2325361777486,185.95025070753243,0,5,0,1,0,14,67,0,79935,4,1,2
26.318824205143866,123.92730431882748,1,4,0,2,1,12,22,1,65710,3,0,2
705.0340352099788,80.67582903144046,1,5,1,1,1,10,35,0,55863,5,0,2
647.9339243630551,133.42684348115134,1,3,0,2,1,17,38,1,81689,2,0,2
310.9347037581047,139.79432026875236,1,4,1,1,1,13,42,0,86020,3,1,2
775.6920427311087,158.72997642957645,1,5,0,2,0,24,18,0,72008,4,0,2
,70.27308110474242,1,3,0,2,0,11,53,0,101963,2,0,2
19.476712239175463,84.36178258263287,0,5,1,0,1,14,59,0,103987,7,0,2
196.32025310808987,57.288878298488214,0,4,1,3,0,23,60,0,74142,3,1,2
209.52211479144844,61.10583708797752,0,3,1,2,1,14,23,1,72469,2,0,2
977.973839633666,79.37934908230955,1,2,0,0,1,13,21,1,101006,2,0,2
,45.83288578207365,1,2,0,3,0,22,21,1,69722,3,0,2
758.7475081394952,,1,2,1,1,0,22,18,0,67919,3,0,2
349.32348822341805,147.30533944616312,1,4,1,3,0,6,50,1,58898,5,0,2
,,1,1,1,0,0,1,20,0,80793,5,0,2
88.78530602599267,86.82989643142231,1,0,0,0,0,16,69,1,104497,3,0,2
122.33524644982865,81.04724891228314,1,4,1,2,1,3,24,0,61267,1,0,2
735.5952688188415,93.65258538834549,1,2,1,1,1,3,33,1,47478,2,0,2
189.75355662443616,54.9384861320221,1,6,0,3,0,17,40,1,81853,3,0,2
977.3021736848956,59.27257213198545,1,1,0,0,1,19,33,1,98635,3,0,2
889.2418277343075,,1,2,0,3,0,3,18,1,87432,1,0,2
546.2027335932273,43.15181246293118,1,0,0,1,0,19,62,1,101810,2,0,2
863.0504847248128,137.10094326864862,1,3,2,0,1,8,19,1,98892,2,0,2
292.2492382656401,7.343372886502264,1,3,1,3,1,17,61,1,63988,2,0,2
223.57024057427245,86.93310122837458,0,1,1,2,1,23,61,1,66842,2,0,2
,166.45368171222276,1,1,0,0,0,16,28,1,82235,5,0,2
481.0396544485386,14.336387102580495,1,0,2,0,1,12,59,1,88789,2,0,2
396.63662043983106,10.91059778910739,0,3,0,0,1,10,18,0,47540,2,0,2
639.6283591824189,10.258536509613636,1,4,2,2,1,15,31,1,35535,4,0,2
741.5225313866657,122.21906093058853,1,3,2,0,1,15,19,1,60086,5,0,2
,173.2975601556778,1,4,2,1,1,1,49,0,36252,1,0,2
,154.9159897267464,1,3,1,3,0,9,47,1,65916,5,0,2
,173.9299156452788,1,3,2,2,1,22,49,1,110947,1,0,2
,,1,0,0,3,0,16,33,0,81045,5,0,2
716.5719704781974,,1,1,2,3,1,13,60,0,75609,5,1,2
902.686138225019,137.33249035881389,1,5,1,1,1,2,44,1,92240,5,0,2
89.21449632435241,,1,0,0,1,0,20,54,1,88650,4,0,2
492.5718801562933,20.75895089840383,1,2,2,1,1,15,47,1,107322,3,0,2
866.1040877094663,194.73780843650584,1,0,1,1,1,24,18,1,101641,3,0,2
487.60185764766675,57.2857485789537,1,1,0,2,1,12,28,1,107272,4,0,2
,,1,2,0,3,1,20,50,1,105546,1,0,2
148.99300689268392,184.97847578096713,1,5,0,0,1,13,68,0,83763,1,1,2
662.511787500783,172.9338420181958,1,2,2,2,0,16,46,1,63744,5,0,2
216.0414810212442,,0,1,0,3,1,15,45,0,37733,1,0,2
578.4812440048287,88.75988720536536,0,0,1,1,0,13,46,1,109764,4,1,2
934.1241500628748,131.8133933633368,0,1,0,3,1,11,63,0,75067,2,0,2
821.4509209959178,106.13879923069148,1,1,1,2,1,22,35,1,44887,3,0,2
863.3785916752606,197.2167245282476,1,1,2,1,1,23,55,1,55375,1,0,2
375.26685375817857,,1,0,1,2,0,3,28,1,93854,4,0,2
345.47719959289645,182.11599769939673,1,2,2,2,0,2,35,0,55641,4,0,2
255.78163010785505,155.1981744047107,1,3,1,2,0,19,43,1,34712,4,0,2
296.8680475131764,120.1940709917296,1,5,0,1,0,1,61,1,110939,5,0,2
685.277613342725,174.8416574899553,0,4,0,3,0,13,40,1,52210,3,0,2
935.7985106969414,10.920208247171193,1,1,0,0,0,5,52,1,42537,1,1,2
787.7083463647068,5.038355579592468,0,1,0,1,1,10,53,1,65439,4,0,2
204.8702752955975,177.96768011597533,1,0,0,2,0,4,27,1,44181,1,0,2
213.8644904001308,65.46939446352482,1,0,2,2,0,12,42,1,76534,3,0,2
,3.626877165598219,1,0,0,3,0,17,40,1,87261,4,0,2
989.3033160625192,171.27368952571013,1,0,2,0,0,20,31,1,98174,1,0,2
82.96447739105339,197.80531380075792,1,2,2,0,0,11,63,0,46914,1,0,2
348.00675169967377,18.26768882009628,1,2,2,0,1,12,35,0,108511,4,0,2
174.07569048497973,144.18847661762425,1,5,1,1,0,16,49,1,89214,1,0,2
150.4184412484676,27.243652940539786,0,3,2,2,1,5,24,1,92492,3,0,2
826.2267728274567,29.4918353203659,1,5,2,1,1,4,32,1,40110,3,0,2
955.844089002218,88.00407148662839,1,1,2,0,0,1,61,1,59480,2,0,2
,,1,0,1,3,1,10,50,0,46372,5,0,2
252.75105120138764,,1,1,1,3,1,1,31,0,92953,3,0,2
395.3970961305421,,1,5,0,3,0,8,19,0,82214,5,0,2
486.8985062389509,93.77121430938692,0,1,1,2,0,18,31,1,37056,3,0,2
851.3109801933747,186.9906714341513,1,1,1,0,0,21,53,0,61687,2,0,2
411.5013535195665,165.5783298217011,1,3,2,0,1,22,44,0,40355,1,0,2
222.15165849903352,110.7670063192734,1,3,2,3,0,21,67,1,87907,1,0,2
432.4828299358184,186.2081752932611,1,3,2,3,1,11,24,1,35622,4,0,2
327.62899113770374,50.932182607113184,1,2,1,1,0,1,45,0,64383,4,0,2
572.3579233110954,69.34120466340407,1,1,2,1,1,7,27,1,45599,2,0,2
27.36835164610374,38.453946544400374,1,5,2,1,1,13,23,0,51492,5,0,2
437.0076546227495,25.667951403667622,1,0,1,2,1,10,45,1,91634,4,0,2
590.5646406786715,171.7134368220088,1,0,2,2,1,18,20,0,43526,1,0,2
967.43185218751,33.01868908144749,1,2,0,1,0,13,63,1,68531,4,0,2
516.4720711198725,169.4271863665262,1,3,2,0,0,11,47,0,38533,1,0,2
32.97877355148016,,1,4,2,1,0,23,51,0,47580,5,0,2
,121.0069947171236,1,4,0,0,1,14,57,0,64195,2,0,2
664.0564964311545,56.600668980402304,1,5,1,1,1,13,43,0,107205,2,0,2
918.5578150784102,37.66792057974817,0,3,2,2,1,22,69,1,87692,5,0,2
444.8650407847713,24.035277531588296,0,3,0,3,1,12,67,0,60518,1,1,2
441.1200667358518,47.258741104450166,1,2,1,0,1,1,53,1,41347,4,0,2
,185.12595872210184,0,2,0,2,0,18,20,0,100389,4,0,2
65.98090390123912,188.17255852600445,1,4,1,2,1,23,68,0,102229,3,0,2
,,1,3,1,3,1,16,61,1,58190,4,0,2
259.75186203621405,,1,5,0,3,0,5,61,0,38748,5,0,2
571.1578719005507,88.8335206975684,1,6,2,2,0,5,61,0,83806,3,0,2
52.71913133293371,120.44327524650586,1,1,0,1,1,19,20,1,99229,4,1,2
947.8932549470356,138.83906868714791,1,0,1,3,1,15,20,1,77792,3,0,2
928.940765512846,7.075836940201885,1,1,2,1,0,12,61,1,49930,3,0,2
730.8945915887956,19.633457058794136,0,2,2,0,0,5,45,1,108408,5,0,2
215.32795679074175,110.05259298853676,1,5,1,3,1,12,45,1,64202,4,0,2
937.461133638114,51.50434554025583,1,2,2,2,1,13,43,1,108735,4,0,2
988.97453475376,149.05435199948909,1,6,0,3,1,1,33,1,33201,3,0,2
853.4837065727219,21.48428189187468,1,4,2,2,1,11,28,1,82412,3,0,2
879.9450823540461,148.94151646988945,1,4,2,3,1,18,49,1,73138,1,0,2
872.6478457332973,,1,1,2,2,0,5,43,0,39789,3,0,2
125.45393825874096,46.649814656765166,0,5,2,0,0,14,24,1,104788,5,0,2
457.56598356535414,147.02467066450896,1,1,0,3,0,18,63,1,55828,4,0,2
,,0,4,0,2,1,24,52,0,76520,3,0,2
774.0684770090991,,1,3,0,1,0,9,62,0,86665,3,0,2
133.36042371510737,,1,3,2,0,0,21,51,0,71175,3,0,2
744.9023714657137,,0,2,1,1,1,24,45,1,84280,3,0,2
524.3469546061973,18.897523683197704,1,0,0,1,1,5,65,1,81428,4,0,2
304.077651668515,119.0417900054747,1,4,2,1,1,4,22,0,26629,4,0,2
,166.93790691568196,1,2,1,2,1,24,29,0,105397,2,0,2
41.2567745203013,,1,0,0,0,1,3,44,0,104353,1,0,2
6.528029302671934,,1,4,2,2,1,24,34,0,86488,1,0,2
69.15091468048462,,1,2,2,3,1,3,40,0,108343,3,0,2
518.4610304690718,,1,2,2,0,1,18,42,1,85454,1,1,2
902.749895352784,197.74613891437772,1,0,0,1,1,18,30,1,95366,4,0,2
483.81318853592535,148.98742137012678,1,4,2,2,1,18,25,1,85771,3,0,2
772.9719611947656,25.773602253392603,1,2,1,3,0,19,35,0,103255,4,0,2
764.0054164326253,128.04907165554363,0,5,2,0,1,2,33,1,104807,2,0,2
824.8933835815275,,1,3,2,2,1,14,30,0,58323,5,0,2
366.105096289349,107.78602193040145,1,1,0,0,0,6,23,1,64035,2,0,2
102.01584237286154,10.84867576427968,1,0,0,3,1,24,41,0,38051,3,0,2
66.09344980560483,151.9548538610868,1,0,0,2,1,13,45,0,97591,1,1,2
,118.44099761120783,1,3,0,1,1,22,43,0,72339,1,1,2
834.0639338443721,46.938832340818706,1,5,2,3,1,15,32,0,79484,1,0,2
292.5071853030846,,1,2,0,0,1,10,49,1,34918,4,1,2
230.6721323050419,93.68560369946684,1,5,1,1,1,6,62,0,107721,4,0,2
321.844164513465,102.32651903415456,1,2,0,1,1,20,50,1,112932,3,0,2
487.3607153891148,15.837047227287028,1,2,0,0,0,18,43,0,83068,5,0,2
830.5986253990136,4.377362412781638,1,0,1,2,1,13,66,0,95749,4,0,2
562.6485424462123,67.01355102988661,0,1,0,0,0,22,60,1,112989,4,0,2
162.754150221868,9.348895166901404,1,0,2,3,0,1,53,0,59150,4,0,2
118.7767667081252,67.98854595143587,1,5,1,0,0,7,66,0,75275,5,0,2
426.0169629007366,75.4673424284479,1,5,1,2,1,3,65,0,88747,3,0,2
111.82626711690146,,1,0,0,1,0,24,28,0,38781,5,0,2
315.5008887282804,151.013826790707,1,3,2,3,0,15,53,1,71405,4,0,2
,84.53711320873927,0,5,2,0,0,3,45,1,61125,4,0,2
284.10951665682427,18.261728012052124,1,3,1,0,1,23,31,0,66783,5,0,2
,,1,3,1,0,1,19,48,0,54953,1,0,2
594.2485350928663,12.088607924087569,1,1,2,0,1,19,19,0,48313,5,1,2
937.481192681173,,1,4,0,0,0,14,29,1,52396,2,0,2
,152.6532500766774,1,3,2,0,1,13,54,1,86090,1,0,2
319.709867824692,158.7064107760337,1,2,1,3,1,4,61,1,117332,4,0,2
798.4991943788034,87.70946762914858,1,0,2,1,1,5,34,1,38605,5,0,2
,181.2218639382157,1,4,0,0,1,13,57,0,76915,4,1,2
,15.0637753471101,1,3,2,2,0,7,46,1,41578,2,0,2
916.6120361082104,186.1215415829756,0,4,2,1,1,11,26,1,49709,1,0,2
,183.72236527085107,1,3,0,2,0,24,18,0,97561,4,0,2
12.564204550892132,,1,0,0,2,0,24,18,1,100707,5,0,2
634.9405412093754,95.20285492745924,1,0,0,0,0,2,55,0,52051,1,0,2
557.8517046987139,15.976648353730427,1,3,2,3,0,12,23,0,53752,3,0,2
710.0406755319511,107.19497248251504,1,1,1,2,0,24,36,1,47269,2,1,2
,99.14474516165927,1,5,0,0,1,9,43,0,34684,2,0,2
,45.003764689719475,0,2,2,3,1,7,68,1,76196,1,0,2
523.6827555336653,153.76551858681796,1,1,1,1,1,8,39,0,70907,5,0,2
563.7667892603498,,1,5,1,2,1,15,18,1,29540,3,1,2
977.4704457237572,171.89567380311755,1,3,1,3,0,12,53,0,60399,1,0,2
,127.0017593958308,1,5,2,0,0,1,21,1,70115,3,0,2
287.3264953916602,,1,1,2,3,0,19,33,0,50921,1,0,2
643.4581834691827,75.70299814165136,1,0,2,0,0,2,41,1,92767,1,1,2
672.0882232155724,33.22097003889044,1,5,0,2,1,7,64,0,98223,1,1,2
329.6152015686932,62.73462335648634,0,1,2,1,1,14,34,0,57197,3,0,2
,188.3383448375933,0,1,2,2,0,24,31,0,79474,1,0,2
,68.00435439304565,1,2,0,3,1,15,45,1,83513,4,1,2
443.9266305519956,3.732498210714952,1,3,1,1,1,18,60,0,112536,5,0,2
,139.06667197077647,0,1,2,1,0,18,37,1,76577,1,0,2
63.01052768288784,,0,3,1,1,0,6,32,1,92454,2,0,2
301.76593468685485,123.664194912449,1,4,0,0,1,22,65,0,117298,5,0,2
717.9369265946362,150.4175574502763,1,1,2,1,1,22,35,0,53244,5,0,2
738.6673671874177,111.99721162192282,0,3,2,1,1,22,50,0,101727,3,0,2
956.2047599265244,,1,4,1,2,1,15,38,1,42357,2,0,2
582.0462985309559,,1,0,2,2,0,8,51,1,84994,5,0,2
704.3892875032398,142.53643493236578,1,2,0,0,0,18,61,0,52181,3,0,2
696.452654261434,139.31115212872987,1,0,0,0,1,4,26,0,82613,5,0,2
723.3472564600161,153.60292837153446,0,1,0,3,1,3,54,0,72125,1,0,2
500.498772055467,174.39373021655638,1,1,0,2,0,18,27,0,90445,2,0,2
986.5041932734684,5.384194466835801,1,3,2,3,1,11,61,0,60289,5,0,2
666.8626523184582,,0,2,2,0,1,5,21,0,66845,2,0,2
115.52946653758644,135.33811898741973,1,5,1,0,1,7,47,1,74005,3,0,2
765.3298591786119,,1,1,2,2,0,5,55,1,77135,1,0,2
709.2246378648691,,1,1,2,2,0,20,34,1,82519,3,0,2
335.6506838385146,111.08806204708404,1,2,1,0,1,6,61,0,102357,1,0,2
877.0883547227571,,1,1,2,0,1,12,40,0,92972,5,0,2
482.3787873212235,60.216378467426445,0,2,2,0,1,6,22,1,95322,5,0,2
617.3064026646159,117.71350955246204,1,3,1,0,0,19,52,1,54090,1,0,2
944.631714100273,,1,3,2,1,0,15,41,1,70948,4,0,2
604.7987622190415,142.84204456787307,0,0,1,1,1,6,42,0,36087,3,0,2
784.5691145692003,188.1184491726669,1,5,1,3,0,13,40,1,56357,5,0,2
740.1806180611053,100.42923802786328,1,4,0,0,0,24,51,0,69407,4,0,2
,166.9308649975457,1,4,1,3,1,14,32,1,80459,4,1,2
456.1630132575564,167.32401802515528,1,1,1,1,1,21,28,0,80691,2,1,2
248.252820533569,25.65162575145612,1,2,1,0,0,21,52,0,75767,2,0,2
,,0,0,2,1,1,11,27,0,37525,4,0,2
,118.98624548957427,1,1,0,3,0,6,20,0,73948,1,0,2
642.0876808471623,33.54257014716868,1,3,2,2,1,4,44,0,68008,3,1,2
,124.56131842360124,1,4,2,1,0,3,27,1,82912,5,0,2
874.9248155020932,129.96941894810237,0,3,0,3,1,2,27,0,64651,1,0,2
101.34191039998642,34.580601895278626,1,1,1,3,1,8,18,0,101461,3,0,2
162.25128912675856,184.95611424916817,1,1,0,0,0,4,26,0,99140,5,0,2
27.688245350546147,178.95246490474776,1,1,2,1,1,3,66,1,49229,2,0,2
,,1,0,0,0,1,5,44,1,49727,3,1,2
157.1368956493313,145.2660413024602,0,0,0,0,1,9,48,1,100471,4,0,2
142.3899161446539,126.50778971532564,1,5,2,3,0,20,24,0,79725,4,0,2
481.8947167487291,133.54283555204046,1,2,1,1,1,4,34,0,43173,4,0,2
82.08315039497316,119.02776127784072,1,2,1,0,0,4,56,1,102860,2,0,2
401.8772512115221,189.95130652319455,1,0,2,1,1,4,46,1,43027,3,0,3
760.4837890063665,18.75075131700048,1,2,0,2,1,1,29,1,79439,3,0,3
82.47544399780415,187.6424906371958,1,0,1,2,1,1,37,0,96778,3,0,3
,147.71691842439014,0,5,0,0,1,23,52,0,106158,3,0,3
419.09345607485784,54.97374169590432,1,1,2,3,1,14,30,1,96041,2,0,3
375.0100712231057,178.78502389021943,0,0,2,1,1,9,69,0,115617,4,0,3
488.97390473890346,,1,4,1,0,1,21,66,1,108329,4,1,3
489.6084310174307,196.6904169540627,1,4,0,2,1,16,32,1,88905,4,0,3
,155.48977426803037,1,2,1,1,0,16,47,1,83476,3,0,3
489.70600986443645,,1,5,0,2,0,16,59,0,61079,1,0,3
157.83934224928785,136.97486386814938,1,1,1,3,0,10,24,1,54145,5,0,3
85.94308991342292,194.7128970634573,1,5,0,1,1,12,48,0,83185,5,0,3
556.2449345170369,69.1181084666807,1,3,0,1,0,22,57,0,108006,1,0,3
848.662578493705,88.63992872039516,1,3,0,0,0,13,57,1,40015,5,0,3
315.9964334787487,168.63946260126318,1,3,0,0,1,11,66,0,65445,2,0,3
,89.85202476032212,0,2,2,2,0,20,60,1,98892,5,0,3
318.8755869314982,,1,2,1,2,0,5,54,0,89726,1,0,3
,130.06111372293122,1,3,0,0,1,22,51,1,65032,4,0,3
813.1692101696324,69.35187554095685,0,5,1,1,1,1,56,0,112946,2,0,3
,,1,4,1,0,0,1,51,0,82579,4,1,3
331.96700327239927,21.35341212239874,1,0,2,0,0,16,35,0,108801,3,1,3
75.76319566370194,98.60786884134582,1,2,2,2,1,13,32,1,72671,5,0,3
925.1649168893508,147.99885439883914,1,4,1,2,0,19,31,0,67832,4,0,3
985.6742189788216,179.18861034095576,1,2,1,2,0,17,18,1,34290,4,0,3
590.9437152181129,149.86874333981444,1,0,2,2,1,12,65,1,64229,3,0,3
817.8474877171542,187.1038339432752,0,3,0,2,0,6,56,0,72637,4,0,3
621.4164168800479,149.6693803406057,0,0,2,1,0,22,28,0,85027,4,0,3
,60.2966604430087,1,0,0,1,1,9,44,0,64268,2,0,3
331.50597531677795,167.68056566710567,1,2,2,0,0,15,41,1,68390,1,0,3
707.6863900016308,108.11696032740484,0,5,1,3,0,8,67,0,87191,4,0,3
680.3565738773451,141.69981462653882,1,4,0,2,0,13,27,1,69454,1,0,3
986.510131189314,58.940415404823995,1,0,1,0,0,10,66,0,107942,4,0,3
,196.35191342578133,0,4,1,2,1,6,53,1,77064,4,0,3
,122.80748353142516,1,1,1,2,1,19,24,1,44008,2,0,3
553.4889133701915,171.885114787684,1,0,0,1,0,7,66,0,64852,5,0,3
,182.98336072764783,1,3,0,2,0,13,58,1,43652,3,0,3
14.895454381705033,,1,3,2,3,0,11,52,1,58668,4,0,3
725.7768460292066,151.893433960613,0,1,2,2,1,19,30,1,33626,4,0,3
225.3681447838728,185.8287289896953,1,1,2,1,0,5,37,1,60580,2,0,3
513.8501425860245,51.32099808586486,1,1,2,3,1,17,69,1,74099,5,0,3
709.2434323411926,61.462436805245545,1,1,0,3,1,11,54,0,76967,3,0,3
,,1,5,2,1,0,23,51,1,89568,2,0,3
736.9452741042547,64.5318901865636,1,2,1,2,1,6,35,0,87876,3,0,3
809.6952498828281,46.93310249980907,1,0,0,0,0,7,24,1,35497,2,0,3
,10.278832630408363,1,4,0,2,1,6,20,0,75272,2,0,3
415.44309143655965,78.18475492559833,1,4,1,2,1,5,22,1,106310,4,0,3
,175.46398156659438,1,1,0,2,0,5,37,1,73951,4,0,3
640.2540406377061,53.390160318465306,1,5,2,3,1,20,28,0,31720,1,1,3
244.5601027204783,198.17138846742105,0,3,0,2,0,4,43,1,90471,1,0,3
13.6471985440606,5.621902767205222,1,0,0,3,0,21,61,1,84078,5,0,3
44.658617564491855,46.891714852880064,1,2,2,3,1,2,36,0,101154,1,0,3
163.28692615981265,115.06616700027514,1,3,0,1,1,17,35,0,33584,3,0,3
,159.16799793081313,0,4,2,1,0,20,21,1,70416,1,0,3
568.4393098311098,108.03357887441987,1,5,1,1,1,22,42,0,45188,5,0,3
545.9196544587464,12.010636777113026,0,4,1,3,1,23,60,0,81910,2,0,3
814.7789691315286,79.86198483034075,1,0,0,2,1,3,65,1,98626,4,0,3
,,1,0,1,2,1,16,24,0,66609,2,0,3
,17.78840445042129,1,2,0,1,0,16,18,1,74815,1,1,3
764.9081676830854,103.02902884754955,1,1,2,2,1,15,42,0,55381,4,0,3
421.2665030795119,129.1141154436247,1,2,1,0,1,22,33,0,69515,2,0,3
924.5356473106928,199.17638822842608,1,4,0,0,0,5,32,0,89128,1,1,3
,43.33213285808355,0,4,1,2,0,24,52,1,85231,5,1,3
586.7615656977985,188.7532648889918,1,2,1,0,1,18,66,1,102847,3,0,3
757.9300095828795,91.98265418255698,1,3,1,1,0,11,18,1,65153,3,1,3
613.7564446025292,11.383371906115691,1,1,0,3,1,24,35,0,30793,4,0,3
,170.5381497195452,1,1,1,0,0,1,25,0,68553,2,0,3
355.9442380057124,,1,0,1,0,1,16,35,1,104215,1,0,3
65.6981313692765,19.369363122919193,1,1,2,1,0,5,35,0,110126,1,1,3
,,1,0,2,1,0,18,45,0,97048,4,0,3
140.18817434899046,79.27986896286666,1,5,1,1,1,21,43,0,63832,1,0,3
99.7696173363778,41.135705485021234,1,1,1,3,1,21,53,1,64459,3,0,3
815.05349273948,32.45362551461004,1,2,1,0,0,17,69,0,83503,4,0,3
,171.86346118347862,1,4,0,1,1,10,43,1,36829,1,0,3
300.9881642616343,96.18054419612056,1,0,0,1,1,2,63,1,95230,2,1,3
203.9369914946082,,1,4,2,0,1,14,23,0,45617,1,0,3
977.6041884127594,160.6374877792928,1,0,1,3,1,15,53,1,89885,5,0,3
,85.2463497728239,0,2,1,1,0,8,58,0,115778,4,0,3
705.869405052678,26.74958551967086,0,3,0,3,0,10,27,0,65122,1,0,3
,20.45586968219633,0,2,1,0,0,6,20,1,30122,4,1,3
499.96930060134184,,1,4,0,1,0,12,65,0,103977,4,0,3
533.1277542459401,147.14464059084253,1,4,1,3,0,18,34,0,93826,2,0,3
,,0,1,2,2,1,11,40,0,102837,2,0,3
457.97606870162065,174.73031249683805,1,5,1,2,0,13,45,1,87971,3,0,3
,,1,4,0,0,1,19,18,0,99077,3,0,3
284.4049217001394,95.812290669296,1,0,1,3,0,16,60,0,107457,4,1,3
196.45945521487377,166.086367112343,0,4,0,2,1,20,41,1,37964,5,0,3
881.2163011538039,145.09962426748726,1,5,0,2,0,4,51,1,58841,2,0,3
206.35404698259177,57.2247951127542,1,2,2,3,1,22,60,1,48968,6,0,3
,54.68369337724499,0,1,0,0,0,21,61,1,95992,5,0,3
93.982212791769,82.0345157358972,1,0,0,0,0,14,38,0,49481,4,0,3
,3.706185004341011,1,0,2,2,1,1,50,1,67866,3,0,3
124.5549260470742,,1,3,0,3,0,1,60,0,114352,2,0,3
405.8832449652768,72.91491537185782,1,0,0,3,0,15,66,1,63451,2,0,3
762.238590628719,145.32659532003646,1,5,2,3,1,21,26,0,58330,4,1,3
689.6579523522696,126.27430316456922,1,1,1,0,0,23,44,1,60539,5,0,3
234.9614390954965,198.7103737502396,1,3,0,2,1,3,32,0,45553,9,0,3
521.283633905291,,1,1,2,1,1,22,33,0,106275,2,0,3
464.2193483643091,171.23695151586972,1,3,2,3,1,11,47,1,77318,2,0,3
745.8358454488122,,1,3,1,1,1,10,50,0,36025,2,0,3
69.57327467035202,50.512597130227554,1,3,1,0,1,16,31,1,103719,1,0,3
742.0592351127192,,1,5,2,1,0,16,56,1,116629,2,0,3
203.9425929890047,97.209627837735,0,6,1,3,0,16,39,1,50763,5,0,3
660.0417395877867,62.31764613245443,1,1,0,0,0,18,55,0,40405,4,0,3
,,1,0,2,3,0,6,45,0,80737,2,0,3
742.645169687625,185.70884419606384,1,5,1,0,0,9,35,1,70327,2,0,3
703.9520663078287,107.21700734609423,1,3,0,0,0,21,38,1,43327,2,0,3
269.3043413511186,130.58033031596295,1,1,1,0,0,8,61,1,96790,5,0,3
897.3986764528347,136.54206085886298,1,4,0,3,1,5,49,0,50088,1,0,3
472.7696969315183,,0,4,1,3,0,9,55,0,84518,5,0,3
603.8504337514855,135.13841773695958,1,2,0,3,0,23,27,0,90893,2,0,3
265.73251564071995,80.68873545680613,1,4,0,3,0,2,62,0,44718,1,0,3
517.1866032982692,84.1813667366891,1,3,2,3,1,16,19,0,30527,3,0,3
41.24456981176516,175.25203156823065,1,2,2,1,1,22,23,0,45720,5,0,3
219.18421093852135,111.51309547068551,1,1,1,2,0,17,46,1,95389,5,0,3
,186.8477053660549,1,2,2,3,1,16,34,0,105723,4,1,3
,,0,5,0,3,0,17,30,0,43325,1,0,3
88.85397773611481,110.56113953295667,1,3,0,3,1,16,40,1,100435,2,0,3
,141.1566005447569,1,3,1,3,1,10,31,0,82651,1,0,3
826.929600792997,66.33886122509647,1,0,1,2,0,18,28,0,49080,2,0,3
541.4097155197109,,1,4,2,2,1,19,44,0,78147,2,1,3
559.06373252407,89.60220588049468,1,4,1,3,0,22,40,0,57105,2,0,3
442.42245755065954,165.497435383723,1,2,1,0,1,16,49,1,52030,4,0,3
,,1,5,2,1,1,18,28,1,92941,5,0,3
,110.64670903100595,1,2,1,0,0,3,57,1,61858,3,0,3
735.5843315347919,85.72506198855913,0,4,2,0,1,4,46,0,105268,4,0,3
,188.5252485228349,1,3,0,0,1,2,58,0,86386,2,0,3
80.81135876929879,,1,1,1,3,0,7,47,1,101414,5,0,3
57.79716044612482,,1,5,1,1,0,13,57,0,73529,3,0,3
865.0400934353759,87.6689245686012,1,3,0,3,0,23,19,0,57596,3,1,3
393.6642099369258,79.4060240578762,1,1,2,0,1,6,41,0,91586,4,0,3
84.90937343234472,54.60931941691365,1,5,2,1,1,9,56,1,81588,6,0,3
912.7320244117224,,1,5,2,3,0,17,36,1,108850,1,0,3
399.1819044789746,,1,0,2,1,1,17,52,1,105852,3,0,3
833.3319976569245,33.29320006486016,1,2,2,1,0,2,55,1,94542,2,0,3
256.97837576366965,199.23203277625737,1,0,1,3,0,3,30,0,32013,5,0,3
,34.87634046808728,0,3,0,0,1,20,33,0,34868,3,0,3
974.6424940910256,,0,2,1,3,0,1,69,1,80421,6,0,3
240.23587550276028,166.77854977771048,1,0,1,0,0,16,59,0,51894,4,0,3
903.2881658246126,191.8290907964591,0,1,1,1,1,1,23,1,44189,1,0,3
,60.28235603725356,1,0,0,1,0,17,18,1,103544,3,0,3
253.8749236753869,175.33340501121015,1,0,2,0,0,10,34,0,85968,4,0,3
,,1,2,1,0,1,11,49,1,60986,4,0,3
,,1,5,0,0,1,13,63,0,107655,5,0,3
37.32679000058647,,0,2,1,0,1,6,66,0,95333,2,0,3
158.0194383310135,102.31393941595242,1,3,1,2,0,12,52,1,105775,5,0,3
134.62158280509095,32.160906306128425,1,5,1,0,0,6,53,0,109564,5,0,3
494.2886851822891,197.8692030418376,1,0,2,0,0,24,50,0,38824,5,0,3
230.93224490336704,34.2927818120768,1,0,2,1,1,10,59,0,115050,2,0,3
109.54982105481405,13.09634104384445,1,3,2,1,1,9,58,0,55795,3,0,3
20.82375298628314,0.8667060285125983,0,1,2,0,0,4,43,0,63136,2,0,3
196.07535674064425,149.49859995036954,1,3,2,2,0,1,44,1,35756,4,0,3
778.5274411977026,10.17170541263004,1,2,0,0,1,1,31,1,43617,5,0,3
771.2943789997844,44.85943125690339,1,0,2,1,0,9,62,0,81008,2,0,3
937.3879266702156,104.60622744413706,0,0,0,1,0,4,25,1,54830,1,0,3
638.2986409018927,43.911126702435155,1,2,1,0,1,16,25,0,61522,2,0,3
293.5182205592435,,1,0,2,3,0,20,49,1,65572,2,0,3
,95.24869359437034,1,4,1,3,0,7,41,1,85749,2,0,3
394.5766889512401,177.91639498901966,1,3,0,2,1,6,38,1,83767,1,0,3
105.08793375686642,177.5310767798564,1,5,1,0,0,12,54,1,60276,5,0,3
164.05513769410408,,1,3,0,1,0,12,33,1,33301,1,0,3
712.2626802404005,43.3493673640051,1,0,2,2,1,14,36,0,87567,5,0,3
966.923041926168,72.9944646109421,1,5,1,1,0,24,38,0,48621,2,0,3
666.9433730794177,,1,5,0,1,1,18,57,0,93345,3,0,3
,164.89549176442983,1,1,2,3,1,18,62,1,116771,3,0,3
803.4529899276164,,1,3,2,0,0,22,53,1,52509,4,0,3
786.7111319728454,98.5740158548889,1,4,0,3,1,2,69,0,46773,3,0,3
705.6308332429876,146.94613424919183,0,4,2,0,0,24,64,0,86276,1,0,3
814.9802408175206,,1,3,1,3,0,4,46,0,80739,5,0,3
513.3888155205651,140.56041576207545,1,5,2,3,1,20,45,0,102197,2,0,3
143.38460653654394,,1,4,2,0,1,17,61,1,73202,3,0,3
752.7964400379277,106.10141780903662,1,3,2,3,0,10,38,1,50143,1,0,3
224.810325875364,79.0811303300359,1,3,1,3,1,14,42,1,54186,4,0,3
911.73469930919,12.392981505719437,1,3,2,0,1,10,53,1,53027,4,0,3
72.37143342239327,167.3971310958758,1,2,2,3,1,8,66,1,115957,2,0,3
146.84768781945166,57.00418324284375,1,5,0,3,0,18,58,1,114496,3,0,3
448.9173841509163,,1,0,0,0,1,7,69,1,49842,5,1,3
589.9793611171253,,0,5,1,3,0,19,32,1,95427,3,0,3
551.6217355426141,177.6511143776491,1,4,1,0,1,6,24,0,36979,2,0,3
245.54632128514183,165.1866498036166,1,5,1,0,1,4,26,1,59926,2,0,3
278.8696550370119,25.270593671994803,0,4,0,1,1,5,46,0,41800,4,0,3
372.3805394094989,82.89285166635713,1,4,2,2,1,7,62,1,53563,4,0,3
,189.96114769180147,1,3,2,0,0,10,26,0,29328,1,1,3
828.3903174048353,36.844391395701415,1,3,1,3,0,9,45,1,84563,3,0,3
45.622475706343145,,1,0,2,1,1,22,54,0,54518,4,1,3
797.3298810501892,1.1787362394316547,1,2,0,2,0,17,48,0,36401,2,0,3
913.1779116313082,18.97627843782943,1,3,1,3,1,17,29,1,95173,1,0,3
769.1927772843108,53.701841913070545,1,3,1,2,0,10,58,0,110023,3,1,3
880.2217391258383,48.15561990210369,1,1,2,2,0,10,44,0,72954,5,0,3
650.3400978204611,111.77335838928316,1,4,1,1,0,3,32,1,57396,5,0,3
127.12913779279124,39.78430076051023,1,3,2,0,0,14,28,0,91452,3,0,3
667.4032232575419,124.42338175826995,1,4,1,2,0,18,33,0,50005,1,0,3
231.53376285608607,175.09125376760556,1,0,1,0,0,19,54,0,43061,3,0,3
624.3036744157812,163.15750543393574,1,0,1,3,1,11,20,0,31035,1,0,3
797.297997632589,144.69969174709416,1,2,2,1,0,1,41,0,56618,1,0,3
195.29196582657804,21.989723468411594,1,1,2,3,0,11,18,0,90693,4,0,3
,48.107857301969936,1,2,2,1,0,23,62,0,70816,1,0,3
926.530690678132,66.50259379360679,1,2,1,1,1,2,24,0,58571,2,0,3
53.30797129327314,132.0726293530373,1,2,0,1,1,15,58,0,60346,3,1,3
651.260904973156,,1,3,2,2,1,17,50,0,37508,1,0,3
551.9720652235685,4.745267696202049,1,1,2,2,0,4,51,1,96049,1,0,3
66.32049422703457,154.79704822712964,1,1,0,1,1,24,22,1,105986,5,0,3
619.0383154029747,179.24420682534287,1,3,2,1,0,3,56,1,96116,2,0,3
451.1386155668317,,1,4,2,2,0,10,37,0,78624,1,0,3
39.45956256678007,66.82222691403771,1,5,2,1,1,9,45,1,35179,3,0,3
729.5885085109153,,1,5,1,2,0,8,53,0,52507,2,0,3
994.9074340389004,143.49223713611383,1,1,0,3,0,18,27,1,31809,2,1,3
734.4322584585333,31.880084405961615,0,1,2,2,1,13,45,1,105254,4,0,3
652.4837980948732,168.11386530494735,1,3,1,0,0,11,48,1,106361,2,0,3
907.2732205227232,148.1438259703663,0,0,1,0,0,13,57,0,83913,3,0,3
756.7742706596551,104.36257738164424,0,1,1,2,1,24,38,1,38461,4,0,3
813.089165428865,26.19999316089871,1,1,2,1,0,20,63,0,112720,5,0,3
138.19529282872867,164.85868914203795,0,5,0,0,1,19,41,0,96359,4,0,3
98.69699800964436,70.31711964352351,0,2,2,3,1,23,22,0,75199,5,0,3
901.2107724802833,36.04310380754268,1,2,0,1,1,19,21,1,90840,4,0,3
910.968396090287,,1,1,1,2,1,1,48,1,80184,2,0,3
,122.0901188889991,1,2,2,0,1,15,42,0,60365,1,0,3
834.8825698665008,158.55565217801674,1,2,0,0,1,2,48,1,54643,5,0,3
,27.31662739790977,0,5,2,3,1,4,64,0,52461,5,0,3
262.6703825475215,123.68248996617052,1,4,2,1,0,18,29,1,35624,1,0,3
167.28801903785418,146.81294768051688,1,2,1,2,0,16,41,0,101324,2,0,3
,55.19834238979495,1,5,0,1,0,22,51,1,42370,3,0,3
637.0908727179084,29.931918744789087,0,0,0,0,1,15,44,1,109096,2,0,3
912.0314069199684,151.48029170587913,1,5,0,2,1,4,40,1,45440,8,0,3
660.9642368618553,,1,0,1,0,1,20,39,0,62513,6,0,3
207.55008673884723,117.8397144963754,1,2,0,3,0,15,39,0,39370,2,0,3
,,1,0,0,3,1,5,26,0,64380,2,0,3
501.6154100941859,24.123167307137617,1,2,2,1,0,15,47,0,45004,1,0,3
169.34226520075313,,0,5,2,1,1,6,58,0,109780,1,0,3
710.7581469281477,152.91952577553977,1,4,2,0,0,10,34,0,62971,3,1,3
,29.614308760362217,1,4,1,3,1,17,65,1,58513,1,0,3
,11.958275117340644,1,1,1,1,1,15,67,0,85569,5,0,3
598.4066109155565,67.12104474285452,1,4,2,3,0,22,68,1,43849,4,0,3
260.7566015265521,166.4188139664418,1,2,0,2,0,10,41,0,91268,2,0,3
289.4329774165286,44.65631050054155,0,2,0,2,0,12,19,0,30038,5,0,3
,,1,2,1,3,1,6,18,0,63714,1,0,3
531.4925139967846,10.949542665172183,1,3,1,2,1,1,38,0,77427,1,0,3
,51.51376935026768,1,0,2,3,0,4,48,1,36252,2,0,3
245.92644174930945,108.02080393692732,1,3,1,2,1,9,61,0,100507,5,0,3
50.855509369431616,162.5154042570388,1,5,1,1,0,21,19,0,52349,1,0,3
543.8829960079065,35.95366754435252,1,2,2,0,1,11,31,1,95918,4,0,3
,57.51685617997189,1,5,1,3,0,4,36,1,75863,2,0,3
724.3984120752691,55.27951966023983,0,4,1,3,0,22,20,1,74800,3,0,3
594.812057224943,,1,0,0,2,0,18,19,0,50987,4,1,3
,108.49205751329907,1,1,1,2,0,21,19,1,102812,4,0,3
657.4454074089758,74.0780734903958,1,5,2,1,0,10,28,1,65437,3,0,3
598.6387054805649,178.09913205797224,1,4,0,3,1,1,43,0,79688,5,1,3
509.1672830670501,152.09962693536554,1,5,1,0,1,13,51,0,112899,1,0,3
934.4308675874156,,1,2,2,2,0,13,34,0,38768,3,0,3
963.2094690743662,120.00806482861006,1,3,0,3,0,18,61,0,58456,1,0,3
794.896607209308,59.431612099425266,1,4,2,1,0,3,29,1,94432,1,0,3
858.2992533124196,194.96174165978277,1,3,1,3,1,13,66,1,109561,3,0,3
409.7841505691712,59.270282656615805,1,5,2,2,1,22,18,1,60604,2,0,3
961.267379608567,126.1604154417173,1,3,2,1,0,6,57,0,94625,5,0,3
436.1476499115321,,0,1,2,2,0,1,45,0,53783,4,0,3
836.1088644966374,196.2757788101372,0,0,1,0,1,20,24,0,36304,4,0,3
938.5104816771624,,0,1,2,0,0,9,24,0,103717,3,1,3
742.4736280021427,10.655940854655377,1,0,1,3,1,15,59,0,87220,1,0,3
136.86986262408362,39.02993621103346,0,5,2,2,1,23,54,0,90737,5,0,3
865.5195731758404,126.302781521218,0,4,0,0,1,16,69,1,81665,1,0,3
116.70100601354228,32.9707139003854,0,0,2,0,0,14,31,0,92526,1,0,3
911.2751045966636,,1,4,2,0,0,13,56,1,60564,4,0,3
966.365347118643,144.31527687612157,0,2,1,1,1,1,49,0,35611,1,0,3
,,1,3,1,1,1,10,68,0,94382,3,0,3
,92.99473834864152,1,2,2,2,1,4,60,0,52375,1,0,3
72.85411021095034,17.1870878433269,1,1,0,2,1,19,31,0,49308,3,0,3
,,1,0,0,1,1,15,46,0,89551,3,0,3
663.8994906527737,49.42684864507183,1,0,2,3,1,9,43,0,33309,1,0,3
862.205360978519,,0,1,2,0,0,13,52,1,94869,4,0,3
899.5894800301625,185.47650084922287,1,3,1,2,0,17,23,1,76966,4,0,3
477.8118982926809,,1,2,1,0,1,3,29,0,58481,4,0,3
307.74062306787954,,0,2,1,1,1,23,50,0,70830,4,0,3
366.47644242105673,63.75190948588323,0,5,0,3,0,17,68,0,80706,5,0,3
413.53292285078913,163.48199521862557,1,3,0,0,1,9,23,1,106832,1,0,3
586.2849044650451,,1,3,2,2,1,24,41,0,44588,1,1,3
,149.11133026073531,1,2,1,0,1,13,21,1,96662,4,0,3
40.6505451492839,64.62214220719534,1,2,0,0,0,9,38,0,38231,5,0,3
,181.19500752797072,0,3,1,1,1,11,31,1,50008,4,0,3
719.8979135395889,186.836571247203,1,5,1,1,0,10,38,1,55140,5,1,3
679.3177750378189,43.54883711830728,1,0,1,3,1,8,40,1,37147,5,0,3
830.3997063252721,107.30401853877618,1,0,1,2,1,10,60,1,44850,1,0,3
992.8305929888332,,1,0,0,1,0,22,56,0,64375,2,0,3
358.7235538510285,52.924189878412655,1,0,0,1,0,15,55,0,36774,1,0,3
,34.60151651183185,1,1,0,2,1,19,36,0,91444,1,1,3
838.7427458980058,,1,2,2,1,0,7,36,1,99847,3,0,3
43.87689528131033,167.55348900875947,1,0,0,1,1,24,28,0,96017,5,0,3
180.44045436822876,63.30907809793052,0,5,2,2,1,6,31,1,59943,2,0,3
964.5381568825712,100.01868815654056,1,1,2,1,0,2,62,1,62330,5,0,3
,3.775416182981073,0,1,2,2,1,3,29,1,31463,1,0,3
376.6721402604495,49.50227775294833,1,1,0,1,1,22,62,0,105106,2,0,3
845.30290325785,104.7867689237911,0,3,0,3,1,22,46,1,45220,4,0,3
169.2656996617081,69.39603897710633,1,2,1,0,1,20,18,0,51302,4,0,3
902.2392230238812,175.92968747109762,1,3,0,1,0,13,41,1,43185,4,0,3
424.3017784406512,107.76073546055976,1,2,2,0,1,5,29,0,54398,2,0,3
263.05023463856224,148.0460597865565,1,2,1,2,1,5,46,1,34131,5,0,3
,123.23977787487968,1,3,0,1,0,3,49,0,43266,5,1,3
,194.5979519916976,1,0,1,0,1,20,28,1,34107,2,0,3
283.59843670481513,94.34574594031504,1,5,1,0,0,23,68,1,100740,3,0,3
541.1699255285926,51.19037100068438,1,1,0,0,0,3,43,1,69273,3,0,3
525.9059037097364,,1,4,0,3,0,3,54,1,66108,5,1,3
,190.52087060561655,1,3,2,1,0,6,65,1,88518,3,0,3
596.5076583023731,,0,1,2,3,1,12,66,0,119561,3,0,3
215.5393668385639,73.7322173844305,0,1,1,1,1,12,52,0,79195,1,0,3
,11.64140639208373,1,0,1,0,1,1,29,1,56474,5,0,3
348.71708420919714,99.11118925025026,1,2,0,1,0,13,45,1,59123,2,0,3
478.5214452935238,20.178989938436033,1,4,0,3,0,21,51,0,89966,3,0,3
655.9593386279772,35.17910040334744,1,5,2,1,0,20,34,1,68462,2,1,3
395.7407944897967,147.37675667768158,1,1,1,0,0,10,37,0,52357,3,0,3
,,0,0,2,2,1,17,46,1,107601,1,0,3
954.0097302076656,128.5838130506394,0,1,1,3,1,24,43,1,76225,3,0,3
,,1,4,0,3,1,3,29,1,62016,1,0,3
164.6184115545568,166.69312084654587,1,1,2,2,1,1,61,1,66158,4,0,3
588.2588046786528,109.6656931246114,1,5,0,1,0,9,29,0,86309,4,0,3
,4.246410526942301,1,0,1,0,0,21,46,0,61784,2,1,3
747.8698363302582,190.2432595972028,1,0,0,1,0,6,41,1,104230,5,0,3
257.0150202847823,40.924799298259096,1,3,2,2,1,12,57,0,84538,3,0,3
786.3072485442102,157.68294099144333,1,5,1,2,0,4,25,0,104653,4,0,3
323.93383283723745,61.156231056451475,0,2,2,3,0,18,45,1,37612,1,0,3
329.0340131273514,92.57039972022964,0,2,0,0,0,10,48,0,84153,4,0,3
272.98848077012906,82.87931351106505,0,0,2,1,1,24,25,1,91631,2,0,3
589.0274356367702,162.22864673606557,1,0,1,3,1,17,54,0,73271,5,0,3
,60.76481357697385,0,0,2,1,1,24,23,1,52610,4,0,3
20.6641613265004,,1,1,0,2,0,3,61,1,76788,4,0,3
739.103232961273,0.5820690717380339,1,0,2,0,1,20,41,1,84215,2,0,3
59.11066701564805,11.84461340519396,0,4,0,0,0,14,69,1,76099,3,0,3
,,1,0,1,2,0,4,63,0,107308,5,0,3
293.81968534713707,,1,5,2,0,0,13,30,0,77831,3,0,3
796.4085553136558,72.26599569805327,1,3,1,2,0,15,56,0,115579,5,0,3
626.6117371109361,,1,3,2,1,0,3,25,0,44390,2,0,3
772.2041806537023,73.6892634621842,0,0,1,3,1,10,20,1,82075,3,0,3
,,1,0,2,0,1,19,68,0,96143,3,0,3
850.2618339772462,171.75374223926397,1,0,0,1,1,5,25,0,63701,1,0,3
302.11610576793345,45.98607288505428,1,5,2,2,1,16,45,0,109518,4,0,3
283.17587978635595,,0,3,0,2,1,23,66,0,49171,4,1,3
18.46218886192308,,1,3,2,3,1,19,55,1,51738,2,0,3
207.11933617599777,146.29069439736435,1,2,0,3,0,3,69,1,101253,3,0,3
331.9774963800568,,1,1,1,3,0,22,63,0,86497,2,1,3
,70.47960387275592,0,4,0,1,1,15,44,0,61949,2,0,3
130.70132716638395,195.12657781714492,1,2,0,1,0,24,44,0,111165,2,0,3
,,1,0,2,0,1,8,37,0,91800,9,0,3
,94.40243448031038,1,3,0,3,0,16,45,1,54405,5,0,3
591.5809076678345,,1,2,1,1,1,17,43,0,100939,5,0,3
999.5399762467264,72.97397240120824,1,5,0,0,0,12,29,1,40092,3,0,3
809.3348797452916,37.68846798093599,1,4,1,2,0,6,64,1,93785,3,0,3
,,1,1,1,3,0,3,61,1,83848,1,0,3
925.8086513568122,179.5176061874511,1,4,0,1,0,15,65,1,108685,2,1,3
,184.10254449314033,1,4,2,3,1,17,31,1,102422,3,0,3
653.319672512396,179.81887745567715,1,4,1,3,0,8,19,1,51348,4,0,3
,80.97194780898562,1,3,1,0,0,12,60,0,38070,3,0,3
856.2600042982382,,1,3,1,2,1,14,55,1,61307,2,0,3
452.09172002074286,120.0147463196833,1,5,1,0,0,7,36,0,74317,4,0,3
118.35830844346496,101.02533644225538,1,1,1,2,1,20,65,1,65051,1,0,3
474.0843594325008,,1,2,1,0,1,24,68,1,98667,2,0,3
633.0406818289194,68.32279048369543,1,3,1,2,1,18,43,1,86121,5,1,3
226.67462748096224,193.29838013283333,1,4,1,1,1,10,28,1,41640,1,0,3
123.2342631312472,165.2505829953143,1,0,0,0,0,8,36,0,93168,3,0,3
965.346821524158,116.29007059650776,1,3,1,1,0,21,39,0,84308,5,0,3
811.2942054646944,18.21856900096373,1,0,0,3,1,2,49,0,101615,3,1,3
581.2051889878865,88.55943927334195,1,5,1,2,1,3,38,0,82254,5,0,3
574.4186252179248,85.29064545557283,1,3,2,1,0,17,50,0,69074,2,0,3
754.3957734105284,100.2182661378984,1,2,2,0,1,2,49,1,86934,5,0,3
748.5561276420617,70.57602011476133,1,0,0,0,1,4,35,0,31030,4,0,3
177.94700806271402,164.4862554766165,1,4,2,1,0,1,44,0,36976,5,0,3
313.5917984190086,102.0719966549815,1,5,2,0,0,9,22,0,85668,5,1,3
645.2380373247236,181.75159556512236,1,1,1,0,1,17,29,0,87731,1,0,3
754.2952946592644,188.68612306445743,1,1,0,2,0,10,28,1,43266,3,0,3
51.30019362599481,,0,5,0,0,0,24,37,1,46235,1,0,3
708.6242604782673,50.074835496208635,1,0,2,3,0,9,51,1,56089,5,0,3
14.552741117548006,158.47124663492977,1,4,1,3,1,2,56,0,102483,1,0,3
285.1477878475971,,1,4,1,2,1,9,27,1,90879,4,0,3
,,1,4,1,1,1,9,68,0,67882,5,0,3
433.956699623133,107.3283656734773,0,2,0,1,0,10,25,1,101322,2,0,3
,2.7644086856593697,1,2,1,1,1,21,36,0,100937,2,0,3
739.6736689048845,51.53240044024186,0,0,1,0,1,5,41,1,85995,5,0,3
,170.6607311027678,1,2,2,2,1,17,56,0,91840,5,0,3
302.9497997903106,120.1154828349888,1,0,1,2,0,10,18,1,41471,3,0,3
589.9441565536355,92.9518796874898,1,3,2,3,1,5,35,1,81128,3,0,3
,78.66300445638362,1,4,0,3,1,8,49,1,69761,5,0,3
128.50789562291487,,1,3,1,3,0,14,65,1,104181,4,0,3
744.4139675129428,103.63034583784976,0,1,2,0,0,16,54,0,40013,5,0,3
,,1,0,2,3,0,5,24,0,68885,3,0,3
63.429588296970984,128.99050849169893,0,1,1,3,0,2,45,0,44642,3,0,3
144.23253828599957,,1,4,1,1,0,4,60,0,93805,5,0,3
,,1,2,2,3,1,22,63,0,101428,5,0,3
69.85402560510379,120.18228869716394,1,0,0,1,0,13,42,0,79724,9,0,3
209.62719816116592,77.70622491848339,1,0,0,3,1,6,66,1,84381,2,0,3
,,1,5,1,0,0,13,58,0,52006,5,0,3
,73.22605529001147,0,4,1,2,0,9,64,1,108098,3,0,3
219.6577031602489,118.81217637382224,1,2,0,3,1,23,36,0,82440,3,0,3
,125.20366162760762,1,2,2,0,1,20,20,0,49478,5,0,3
624.4455426669176,,1,0,1,3,1,14,29,0,57824,4,0,3
568.191560656873,97.55585685842745,1,4,2,2,1,22,18,1,55831,2,1,3
237.3817794247245,199.360377500598,1,2,1,0,1,19,31,1,76719,2,0,3
519.4688144525962,147.04488496416118,1,1,2,1,0,5,63,0,106065,3,0,3
212.05343756603355,72.42959591040956,0,0,0,2,0,16,55,0,54935,5,0,3
525.4126820056257,112.30661158511366,1,2,1,1,0,9,19,1,36062,1,0,3
767.6300151924078,182.5228266334691,1,5,2,2,0,20,41,1,34211,6,0,3
619.7527883196781,78.4138619773981,1,2,0,1,1,13,59,0,61363,1,0,3
296.2764529640938,,1,0,0,0,1,22,32,1,52139,5,0,3
700.6532582507832,21.42478648013315,1,4,0,2,0,14,42,1,111395,3,0,3
351.6204683525932,,1,3,2,1,0,3,61,0,47902,1,0,3
241.70556562798583,102.09491665234438,1,2,2,1,0,10,68,0,67485,1,0,3
350.2936114363375,125.86856994655253,1,0,1,0,0,19,51,0,97781,4,0,3
496.9917297710507,,1,5,2,2,0,24,32,1,60248,3,0,3
734.7677848980992,19.38704018171604,1,1,2,2,1,17,69,1,114492,6,0,3
,90.20733003978346,1,2,1,1,1,5,30,0,71028,1,0,3
984.7336323307871,46.98878945814431,1,4,2,0,1,16,42,0,66444,1,0,3
712.7545400198907,133.1306886274784,1,1,1,3,1,3,67,1,108774,1,0,3
67.3688932607206,41.338770196878286,1,2,1,1,0,6,69,1,86216,2,1,3
553.2234118387175,36.62065984182301,0,3,1,3,0,15,19,1,83529,4,0,3
187.9976252636979,142.60567899541402,1,4,2,3,0,5,51,0,46272,5,0,3
336.59652160391516,17.052008229204674,1,1,1,2,0,13,50,0,64205,5,0,3
,33.97389530170922,1,5,2,0,1,9,52,1,73129,2,0,3
326.72737901126203,23.351863168561906,1,3,0,3,0,17,68,0,83788,9,0,3
785.5058634568875,,0,4,1,2,0,8,29,0,98762,4,0,3
,,0,5,0,0,0,12,50,0,44501,3,0,3
,,1,1,1,2,1,18,52,0,99956,1,0,3
720.5261336604912,187.1972562435868,1,0,2,0,0,19,29,1,61905,2,0,3
,,1,4,1,3,1,14,29,0,41778,1,0,3
552.7816189868385,,1,3,2,0,1,4,61,1,43687,5,0,3
,128.00786650791204,1,2,1,2,1,4,19,0,88713,3,0,3
491.40576371231026,66.7394154313679,1,1,2,0,1,9,69,0,104702,1,1,3
999.498447679944,105.8267007740756,1,1,1,1,0,7,55,0,87424,3,0,3
888.644912607075,16.724175509520233,1,0,0,2,1,10,46,1,77165,3,0,3
,75.03734079791542,0,1,2,1,1,5,39,1,39413,3,0,3
,171.8181189183619,1,3,1,1,0,3,33,1,48685,3,0,3
,59.76296534173451,1,1,1,0,1,11,62,1,108061,2,0,3
680.124638296846,131.40745971443624,1,3,2,2,0,16,27,0,44757,5,0,3
892.8875534323497,147.95379259871615,1,2,1,2,1,12,54,0,75768,4,0,3
455.1743639095306,57.34852634770107,1,5,2,3,1,13,34,1,51086,2,0,3
444.17567020733975,,1,1,0,2,1,19,53,1,99056,4,0,3
,,1,0,1,0,1,20,32,0,105543,3,0,3
839.454148169955,,1,4,0,3,1,19,61,1,79615,8,0,3
539.4087551285052,,1,1,2,3,1,11,69,1,82942,2,0,3
893.2342720094583,52.15998289031503,1,3,0,3,0,11,57,1,51601,5,0,3
85.5235654227694,,1,4,2,0,0,5,48,1,100449,2,1,3
,,0,2,2,0,0,7,40,0,64259,2,1,3
327.66098709340775,162.75229007585995,1,2,0,0,1,21,48,0,62414,3,0,3
882.060722228193,145.86470529293717,1,2,2,1,1,13,62,0,71533,3,0,3
469.8682657545024,176.51013539186334,1,5,2,3,1,13,54,1,78287,4,0,3
467.86368234670306,30.314362059409184,1,2,0,1,1,5,39,1,93366,5,0,3
,123.45692599802322,1,5,1,0,0,17,67,1,118552,2,0,3
605.563007219535,65.47397661664425,1,5,0,3,0,10,24,1,55346,3,0,3
470.402025644567,176.70440549260616,1,3,1,2,1,14,27,0,67477,5,1,3
154.23434475456745,63.79956349530458,1,0,2,1,1,10,57,0,66363,2,1,3
817.8012949532063,,1,5,0,2,1,12,19,1,97139,2,0,3
601.7265481115206,192.0250117493969,1,5,1,1,0,7,47,1,97181,5,0,3
939.3750567774364,179.26048071615543,1,0,2,3,1,17,44,0,90579,4,0,3
506.1363228494932,184.4754547638762,1,1,2,0,0,22,51,1,105501,4,1,3
628.7726462248268,,1,1,0,1,0,17,29,0,35123,4,0,3
,80.44050193345329,1,3,2,3,1,21,52,0,37498,5,0,3
528.5764658970295,,1,5,0,0,0,14,57,1,37844,1,1,3
344.5388204283403,27.896442018059787,1,1,2,3,1,6,60,1,59278,4,1,3
,35.518776529272934,1,0,1,3,1,19,28,1,54903,1,0,3
79.93874853411198,29.453451019395473,1,2,1,0,0,5,27,1,82571,4,0,3
340.4081925145298,65.63465940503654,1,3,0,0,0,2,68,0,95010,4,0,3
92.310888029435,108.8373204555992,1,5,2,1,0,1,36,0,59411,3,1,3
192.7693388694611,162.97967545075446,0,5,1,3,1,19,41,1,76772,1,0,3
167.99526526580732,52.41115985378131,1,1,0,3,1,3,67,0,86702,4,0,3
740.421205581466,,1,3,0,1,1,24,29,0,64424,4,0,3
,86.11019956698966,1,5,0,1,1,18,56,0,105829,4,0,3
58.9618669078652,2.8780426438008933,1,1,0,2,1,15,56,1,42793,1,0,3
223.7594138957676,31.617950925642766,1,0,2,3,1,12,38,0,94828,2,0,3
66.48135309038771,,0,3,2,1,0,23,39,1,73882,2,0,3
216.98000108405137,66.84111358430383,1,0,0,3,1,6,62,1,101855,9,0,3
663.474076035962,29.967235412095828,0,2,0,1,1,22,33,0,50744,1,0,3
,171.21195356072354,1,4,1,0,1,22,64,1,67097,4,0,3
832.9656732406293,134.0148085885321,0,4,1,0,0,21,36,0,89158,1,0,3
,54.73597909221042,0,4,1,0,1,23,48,1,57182,4,0,3
695.1419060591303,184.13545541236,0,0,0,3,1,15,60,0,78996,4,0,3
,190.38267196666217,1,0,0,2,1,12,30,1,104587,5,0,3
960.1041985538076,43.210992714525865,1,2,0,1,0,1,52,0,101747,5,0,3
,,1,3,2,3,0,6,69,0,74545,4,1,3
35.330526993495816,51.71380069864186,1,4,1,1,0,24,29,0,53777,5,0,3
,137.0907768603291,1,2,1,2,0,16,55,1,108796,4,0,3
836.82920445377,55.458177970252834,0,3,1,0,1,18,20,1,85034,2,0,3
,167.80642765420367,0,2,0,0,0,6,23,0,39543,3,0,3
21.27845507077741,,1,5,1,3,0,12,40,1,34821,3,0,3
626.4865854734464,5.658064118074213,0,5,1,3,1,13,44,0,42229,3,0,3
970.660538475362,32.36496689703034,1,4,0,0,1,11,39,1,59709,5,0,3
32.76188156388804,91.9398441777995,1,3,0,1,1,4,64,0,77802,4,0,3
704.6860684492259,35.368611251034785,1,3,2,0,0,5,18,0,72820,5,0,3
596.6300144561906,83.81804426540988,1,2,0,2,0,22,29,1,61304,2,0,3
,,1,0,0,3,1,15,50,0,59183,2,0,3
,,1,3,0,1,1,12,22,0,59011,2,0,3
160.12304950294887,,0,1,0,0,1,2,30,0,78787,5,0,3
801.1139911507483,16.51106114800296,0,0,0,3,1,6,23,1,54817,5,0,3
,97.93726659513484,1,2,2,3,1,7,41,1,95344,2,0,3
217.20854961659353,172.7620911566384,1,1,2,0,1,10,62,1,71857,1,0,3
387.5939107192867,77.45711396938964,1,1,1,0,1,16,48,1,38601,4,1,3
,196.33997423287371,1,3,2,2,1,22,27,1,84895,5,0,3
255.8379687661396,36.201395803206694,1,5,0,2,1,6,66,0,97751,2,0,3
,8.718633668021614,1,0,0,3,1,2,51,1,75978,3,0,3
691.1824792495894,8.382450204635372,1,1,2,0,1,1,66,1,106259,3,0,3
299.17061618121886,,1,5,0,2,1,22,61,1,66743,3,0,3
641.8608978703701,76.07852661626522,1,5,1,3,0,21,56,0,97300,3,1,3
952.2496328785568,,1,4,1,0,1,15,59,0,95329,5,0,3
543.3970192621757,186.2819507823352,1,5,2,0,0,8,42,1,91642,1,0,3
176.78201442219498,,1,0,2,0,1,10,62,1,91956,5,0,3
,161.958136771579,1,1,1,3,1,11,63,1,109465,3,0,3
978.9870318008224,49.23409757052168,1,3,2,0,0,19,55,1,87742,3,0,3
757.2878818423546,57.70589687098655,0,1,1,1,0,16,51,1,83577,3,0,3
224.49377130297933,,0,1,2,3,0,8,24,1,38249,3,1,3
371.3277476000683,5.152790174860433,1,2,1,2,1,21,36,0,83471,4,0,3
,91.86506399753507,1,1,1,1,0,10,44,1,74879,4,1,3
495.1396385683109,148.7649946154642,1,4,2,3,1,2,61,0,57083,4,0,3
,75.47423114984433,0,0,1,0,0,11,24,0,45337,5,0,3
554.1221739972053,128.9054014175562,1,1,1,2,0,11,68,0,104627,3,0,3
151.2165618686594,48.47415432042603,0,0,0,0,1,18,60,0,117781,2,0,3
983.0901287637844,106.20979308329224,0,1,0,3,0,8,22,1,65559,3,1,3
364.1864421796573,104.73637674839718,1,1,1,0,0,9,42,1,47668,1,0,3
514.2646009069787,93.83252156600209,1,1,0,3,1,24,69,0,43331,4,0,3
,131.95198116180265,1,0,0,3,0,7,65,1,66732,5,0,3
338.46365764925156,175.58789680050765,1,1,1,2,1,24,26,0,90878,1,0,3
371.3744811728065,172.18909845969426,1,4,2,1,1,3,24,0,68408,1,0,3
803.7812487057695,7.744502466784353,1,3,2,1,0,2,39,0,103269,2,0,3
74.08482409263084,10.971535148145328,1,5,1,2,0,8,67,0,117837,1,0,3
262.64725296789993,22.20669037350824,1,2,2,3,0,19,25,1,82226,1,0,3
490.89207910548913,,1,5,2,1,0,3,33,0,74117,5,0,3
574.1563301587723,14.08800856100958,1,6,1,3,1,19,22,0,80524,1,0,3
,117.38868261531714,1,2,0,1,0,17,23,1,34007,1,0,3
750.0770352149127,,1,0,1,2,1,7,47,1,56724,3,0,3
719.5825392817098,119.09748788112786,1,2,1,1,0,17,25,1,102539,3,0,3
386.08832630595856,,1,1,2,1,1,24,63,0,47979,3,0,3
972.3552962662752,70.04084678479143,1,1,0,3,0,17,44,0,59772,2,0,3
830.5333168180755,143.58716665918678,0,4,0,2,0,1,58,0,70020,2,0,3
471.4721709046337,134.24340410865832,1,5,1,1,1,5,20,0,46810,4,0,3
342.20445631383467,32.19267817462712,1,4,0,2,1,2,54,0,63866,3,1,3
2.674735671864825,97.54250726647516,1,5,2,3,1,1,35,0,40352,3,0,3
386.9131578920825,163.24805978585434,1,0,0,2,1,5,53,0,112391,3,0,3
53.806583437228106,97.3218809936766,1,4,1,3,0,19,37,0,100785,1,0,3
305.05579406053187,101.3853180582743,0,2,2,3,0,8,34,1,35595,2,0,3
,,1,2,2,3,1,20,69,1,117470,5,0,3
326.920804925928,48.39048050261052,1,4,2,0,1,4,63,0,101664,3,0,3
61.15738671029247,142.29532053709775,1,1,1,3,1,21,41,0,59880,5,0,3
776.5230588422344,127.5972887429534,1,0,2,1,1,23,52,1,107029,4,0,3
,,0,1,1,0,0,14,25,1,46648,1,0,3
717.9828497058857,113.73065942656106,1,4,1,3,0,16,22,0,63024,1,0,3
935.3014419186576,21.36467771911248,1,1,1,0,1,18,21,1,61897,6,1,3
,196.05358751838372,1,2,2,1,1,4,53,0,84019,3,0,3
784.8982265086557,48.39644373488032,1,0,2,2,0,16,40,1,110642,1,0,3
943.5613941176888,57.790231524832606,1,3,2,3,1,16,18,1,72859,1,0,3
538.5308841922467,79.019870819291,1,4,1,0,0,3,68,0,56854,4,0,3
263.9885568588832,,1,0,0,3,0,11,24,0,56146,1,0,3
21.474869787335148,1.4556459326564797,1,5,0,2,0,16,34,1,64217,2,0,3
433.7577801777698,168.74206665999404,1,2,0,1,0,1,45,1,65960,1,0,3
153.64076776692838,192.63346324712285,1,3,2,2,1,17,24,1,87672,1,0,3
854.7576561611568,148.91032999507064,1,3,1,2,1,7,61,0,109428,2,0,3
791.9316185789639,2.6306159337634805,1,0,1,2,0,7,34,0,74501,2,0,3
734.2264966981548,,1,0,0,0,0,5,52,0,105195,4,0,3
93.83402832836308,1.6061793506652933,1,1,1,1,0,10,49,0,106772,4,0,3
,135.15121236294203,0,5,0,3,0,18,42,0,75271,4,0,3
311.8282459839995,0.2066657183805054,1,0,0,1,1,9,34,1,52623,4,0,3
486.708707039048,60.77737173015913,1,3,0,2,0,8,50,1,69581,1,0,3
970.9277747738086,149.95604036773736,1,2,0,2,0,16,45,0,67864,2,0,3
93.4092921537316,,1,5,0,1,1,20,51,0,103490,1,0,3
655.7352537123428,5.219014869720318,1,4,0,3,0,13,57,1,114830,1,0,3
928.1024429932232,165.1835998423826,1,2,1,1,0,20,28,0,102576,3,0,3
51.16541016963372,94.50763182660047,0,4,2,1,0,16,57,1,87683,4,1,3
621.0971557936518,116.7275722192662,1,3,0,1,1,18,27,0,47091,3,0,3
591.0256747805083,81.6304640636162,1,4,1,3,0,4,50,0,114525,5,0,3
592.8652812541278,,1,2,0,2,1,8,22,1,75766,5,0,3
275.5926379510326,36.597673496369424,1,3,0,1,1,5,55,1,65943,2,0,3
721.5041655724367,72.23892629240109,1,1,0,2,1,7,40,1,103491,7,0,3
848.7032221110677,,1,3,2,0,0,16,69,0,98666,2,0,3
305.78922600591574,17.36687598946758,1,4,2,2,0,3,62,1,109348,2,0,3
179.09798112327567,192.88824427400476,1,1,2,2,1,22,39,0,94919,4,0,3
951.8861945488962,29.18352331744405,1,4,1,0,1,13,22,0,32314,5,0,3
828.818252984676,,1,3,1,0,0,2,42,1,39603,3,0,3
933.8172719550298,109.03740835279538,1,3,2,1,1,11,50,1,99309,3,0,3
128.98658645639338,199.89055770813252,1,0,1,2,0,17,54,1,67871,1,0,3
,158.7862166497098,1,0,1,2,0,1,22,1,46775,4,0,3
840.8472268843053,83.8492707199492,1,2,2,0,0,13,24,1,90786,2,0,3
452.615217482108,,1,1,1,1,0,7,19,1,55732,4,0,3
405.3321337746296,,1,1,1,0,0,14,29,1,67713,5,0,3
423.59314555389574,47.36477160285308,1,2,2,0,1,5,63,1,39105,1,0,3
600.3966263765603,9.367659985929366,1,0,1,3,0,11,63,1,78295,3,0,3
606.2610817306635,181.5315025488893,1,3,1,1,1,6,34,0,46566,5,0,3
805.672694789059,,0,2,1,1,1,20,32,0,81916,2,0,3
363.3134076950498,98.2310364538925,1,4,0,1,1,16,68,1,95056,1,0,3
34.58148010232076,44.648955907361554,1,0,2,2,0,1,51,1,62102,4,0,3
315.2007393473021,,1,5,1,2,1,1,44,0,70725,3,0,3
675.0244634470494,127.81916747672994,1,4,2,2,0,16,21,1,102336,1,0,3
861.0468178761664,109.81014841106168,1,5,0,0,0,13,22,0,74234,4,0,3
279.10811762951647,186.8705949507776,0,2,1,1,1,7,36,0,46205,2,0,3
721.5892410355128,75.56085667741672,1,3,2,2,1,21,61,1,57174,3,0,3
433.7035348562083,88.82317694343453,1,4,0,1,1,13,29,1,39996,2,0,3
86.39019542505189,1.1254540895743848,1,4,0,2,1,7,40,0,94896,5,0,3
,57.29178873112275,1,4,1,0,0,10,37,1,39623,1,0,3
,145.33044192047353,0,2,1,2,0,15,18,0,96274,1,1,3
707.3694361377314,143.40947601210064,1,0,2,3,0,14,32,1,60337,2,1,3
842.7497801425147,,0,0,0,0,0,5,38,1,64971,3,0,3
,197.04092880084175,1,3,0,2,0,1,27,1,87508,1,0,3
281.44439374913463,90.24179861585408,1,4,2,1,0,6,54,1,109258,7,0,3
896.3920602079589,51.90015169540987,1,3,1,1,1,15,18,0,95706,2,0,3
,145.48329670329548,0,5,2,0,0,5,42,0,93950,3,0,3
,120.71481574945724,1,4,0,0,1,12,27,0,56357,5,0,3
616.4672582870714,90.74142686241062,0,3,2,1,0,15,37,1,96012,3,0,3
329.09446943454634,161.35176984969485,1,3,2,3,1,24,60,0,109735,1,0,3
155.8973319214555,124.03256961980956,1,2,1,0,1,13,29,0,108504,1,0,3
0.564949206584231,193.52383601630603,1,4,0,2,0,13,60,1,73494,3,0,3
748.0554154402162,166.07459266795075,0,1,0,3,1,14,44,0,64657,6,0,3
452.3136371304427,109.6599252799586,1,2,2,1,1,4,53,1,41993,5,0,3
845.4335364487565,,1,4,1,0,1,7,29,1,101937,2,0,3
,104.3322440994306,1,1,1,3,1,15,26,0,30569,4,0,3
,90.38733973750053,1,5,1,1,1,15,32,1,100544,5,1,3
524.133601101179,133.57864307507825,1,5,2,2,1,7,56,1,56469,4,1,3
,45.79145555109265,0,3,0,3,0,12,50,1,113899,4,0,3
909.4023750942782,56.93288911070298,1,5,0,0,1,22,69,1,78610,2,0,3
,41.55789094793536,0,5,0,3,0,17,62,1,83367,4,0,3
242.09887905380413,117.6810896627142,1,4,1,3,0,11,22,0,104351,5,1,3
208.82920643528257,181.18995546884724,1,5,0,0,0,21,58,0,78740,3,1,3
147.38957093161997,192.32900324755627,1,3,1,2,0,24,20,0,37787,2,0,3
900.1134133571278,,0,4,1,3,1,18,64,0,40141,5,0,3
446.4124980266542,44.87838053654401,1,1,2,3,0,7,26,1,75053,3,0,3
225.35626811488473,,1,3,2,3,1,12,55,0,59116,2,0,3
305.7142151311671,119.16471020211748,0,4,0,2,0,2,63,0,65928,5,0,3
404.92402381999005,98.83168741585916,1,4,2,0,0,21,42,1,97685,5,1,3
,59.48497295121717,1,4,1,1,1,4,49,1,90479,4,0,3
,142.0254098833706,1,1,1,3,0,15,69,1,118046,3,0,3
492.8079049414874,35.91272600256281,1,1,2,1,1,20,63,1,77446,3,0,3
865.1606819084548,18.02960075724367,1,3,2,2,1,13,32,1,57380,2,0,3
,,1,3,2,2,1,23,34,0,99478,5,0,3
527.0569565638771,178.71338767553502,1,2,2,1,1,20,69,1,50936,1,0,3
782.6858444595607,40.66671289776489,0,4,2,3,0,18,57,1,63642,2,0,3
167.9466077636198,91.93254368124444,1,0,0,0,0,11,56,0,56589,3,0,3
520.3868880127612,49.8696753348866,1,2,1,3,0,18,66,1,71096,1,0,3
349.785064523177,183.87323122762103,1,3,2,1,0,14,40,1,73044,4,0,3
776.0389090464661,160.70875930461025,1,3,2,1,1,5,33,0,59314,3,1,3
859.8556627367038,75.52642629251842,1,5,0,3,1,10,52,0,95747,2,0,3
134.5217491936944,162.06461778068305,1,2,2,3,1,4,35,0,68505,3,0,3
,,1,4,1,0,1,10,68,0,47964,2,0,3
647.437088700926,118.04642761384513,1,4,0,3,0,5,36,1,77518,1,0,3
998.6537264656972,43.72579026609402,1,3,2,3,0,9,59,1,40075,4,1,3
362.5830447288701,69.77923065711695,1,5,2,0,0,12,49,0,94397,1,0,3
,104.36089050701666,1,3,1,0,1,1,31,1,62377,3,0,3
543.1419869781045,117.22201386717674,1,0,1,0,1,13,31,1,94190,4,0,3
794.812288889567,163.34192140918228,1,2,2,3,1,7,42,1,76929,3,1,3
477.9194824687586,94.14110872804731,1,1,0,1,0,20,57,1,88786,2,0,3
188.53195979116663,8.72406191379329,1,3,2,1,0,23,62,1,85080,4,1,3
831.1573038036549,12.9755078489336,0,0,1,0,1,14,39,0,75234,1,0,3
217.498187126949,181.68070331566344,1,5,2,3,0,21,24,1,29124,3,0,3
135.76264253597282,125.8644494079172,1,3,0,1,0,15,28,0,60929,4,1,3
407.3947879220647,160.73103922386426,1,0,0,1,1,14,69,0,64640,3,0,3
574.3386517167587,137.08372132826665,1,2,2,3,1,14,54,0,109477,2,0,3
829.655721487688,180.4351200279182,1,0,2,1,0,20,66,0,58053,2,0,3
165.0022161044129,3.618812944797134,1,3,1,2,0,9,36,0,31269,7,0,3
116.9191435265311,90.94244350723116,1,3,1,1,0,23,21,0,86275,3,0,3
,26.82294582318871,1,4,2,3,0,10,27,0,37458,4,0,3
775.1337019889479,99.8921842346899,0,1,1,0,0,2,21,0,84607,3,0,3
,,1,2,0,2,1,17,40,1,45377,2,0,3
,80.10524976775682,1,3,1,2,1,9,47,1,60135,4,0,3
156.43580679133706,22.462561136715653,1,3,1,1,0,8,64,0,45747,5,0,3
84.43396000379045,,1,2,1,1,0,5,55,0,37256,5,0,3
388.6413210666391,101.23001447591626,1,0,1,0,0,14,66,0,109294,3,0,3
822.3302581819248,,1,2,2,0,1,5,29,1,66536,5,0,3
228.2939314250102,0.2108360376515072,1,2,1,2,0,16,23,1,48957,1,0,3
,77.56688254682105,0,1,0,1,1,20,35,1,38849,4,0,3
577.454365953213,129.3829106456913,0,4,2,0,0,24,50,0,46888,2,0,3
,,1,1,1,2,0,24,31,1,85482,4,0,3
259.35902379627606,,0,0,0,0,0,12,21,0,82798,5,0,3
542.0103542517124,3.4615095355041925,0,5,0,0,1,4,30,0,52748,3,0,3
738.916004134748,166.91389059193446,1,4,1,3,0,7,33,1,52656,2,0,3
351.43834886352596,,0,3,1,3,0,5,69,0,68027,3,0,3
336.34084665713436,47.98612860168947,1,5,2,1,1,10,48,1,55789,1,0,3
664.0545990647831,91.25503569422172,1,3,1,3,0,13,40,1,81068,4,0,3
449.38068747466986,187.93013890550097,1,4,2,0,0,9,38,0,65318,4,0,3
921.2457830811344,122.01558859908326,1,0,0,1,1,9,43,1,71041,5,0,3
,148.8710559068818,0,4,0,1,1,7,59,0,67550,1,0,3
382.954128927139,,1,3,0,2,0,20,52,0,45362,3,0,3
,111.53302312658673,1,4,2,0,0,13,69,1,61270,1,0,3
,103.82322028090516,1,4,0,0,0,3,59,1,114258,4,0,3
424.614355805791,186.11303287798427,1,4,0,2,0,22,34,1,77855,1,0,3
,99.89675608227704,1,3,0,2,0,5,46,0,88533,2,0,3
328.0066456662265,26.4790551469122,1,2,0,1,1,2,64,1,96200,4,0,3
34.046293177792286,124.8048903434557,1,3,1,1,0,7,55,0,114906,2,0,3
584.6066616204242,,1,5,1,3,1,5,54,1,62629,3,0,3
889.237446509105,,1,4,1,2,0,20,67,1,66369,3,0,3
,69.14079712121048,1,4,1,3,1,16,54,1,106721,2,0,3
302.03075847642236,193.2783723151235,1,2,0,2,1,15,54,1,65861,3,0,3
,143.3633035442833,1,2,2,0,1,21,46,1,68954,2,0,3
774.4145900234571,90.28917498057938,1,3,0,0,1,2,48,1,106245,5,1,3
922.8365858245156,178.5306599912809,0,3,0,1,0,8,22,0,32858,3,0,3
317.736800575698,82.87626900570173,1,4,1,1,0,12,44,1,104856,4,0,3
328.3386529189022,143.46603436787393,0,0,1,0,0,19,53,1,72585,4,0,3
,187.90509142661725,1,5,2,3,0,9,34,0,95859,5,0,3
256.6036526419677,,0,4,1,2,1,2,26,0,99171,1,0,3
214.0513828750128,174.4507989947048,0,1,0,0,1,18,29,1,45556,3,0,3
352.0132545118041,,1,2,1,0,0,14,65,0,60816,2,0,3
201.67128684540248,102.05711281726636,1,1,2,1,0,5,32,1,51330,2,0,3
152.40068657316706,122.28457358675657,0,1,2,2,0,22,40,1,66823,4,0,3
,80.89007016956108,1,5,1,2,0,20,51,1,48474,5,0,3
823.5806390984022,90.61228079130744,0,0,1,1,1,13,38,0,88214,2,0,3
985.2744024877682,56.7902020464691,0,2,1,1,1,23,26,1,55686,1,0,3
336.75620442377107,157.58203158629735,1,5,2,2,1,12,19,1,75849,4,0,3
842.7611935511146,40.3006070202766,1,5,0,3,1,7,59,0,100085,4,0,3
70.30871674303629,111.51811523016416,1,2,0,2,0,12,27,0,36109,2,1,3
499.861609250761,86.41813040833715,0,1,2,0,1,10,25,1,35001,5,0,3
,116.5602747169912,1,3,0,3,0,16,29,1,61542,4,0,3
,109.81635401908562,0,1,1,3,1,17,60,1,69732,3,0,3
178.12417361359456,73.52122932571856,1,0,0,2,1,8,55,1,116419,2,0,3
448.26711905887095,,1,0,2,0,0,13,26,1,84801,5,0,3
423.8067223707972,63.35573452938872,1,2,0,0,1,8,52,1,58077,3,0,3
426.1365071841352,68.16993313755304,0,5,0,0,0,22,56,1,74194,3,1,3
220.36023329907985,,1,2,2,2,0,23,25,1,97374,4,0,3
824.2229153783587,,1,0,0,3,1,12,40,1,94511,3,0,3
161.31830267792657,162.4164287579774,1,3,0,1,0,11,61,1,59659,5,0,3
765.0939811140842,138.65680881653816,0,0,0,1,1,18,22,0,54667,5,0,3
902.4646609600392,16.546577437688924,1,5,0,3,0,13,31,1,60753,1,0,3
347.31101377244875,5.631119338444868,1,0,1,0,0,15,66,0,89456,3,0,3
684.1885251450655,95.0751792591659,1,3,0,0,0,3,34,1,80293,4,0,3
,77.69671094520885,1,0,1,2,1,7,39,0,59176,2,0,3
359.9107632419931,33.08144910193291,1,4,0,2,0,9,47,0,84201,3,0,3
462.981211040094,39.64405249392773,1,1,1,1,1,22,22,1,49486,2,0,3
17.33747213868675,,1,3,1,1,0,18,60,1,77867,5,0,3
211.70829280264104,1.284463307680994,1,0,0,0,0,15,41,1,33108,5,0,3
525.5103339807335,124.77938115463536,1,0,0,2,0,24,46,1,61594,5,0,3
236.76896649981936,35.0088741400866,0,0,2,3,0,6,50,0,88039,1,0,3
257.95791004224753,197.3051898973683,1,5,0,1,0,15,36,0,83375,4,0,3
358.62257370834425,69.6079666824723,0,4,0,3,0,23,58,0,73207,3,0,3
647.2875596505811,,1,5,1,1,0,7,27,0,44269,5,1,3
532.8421133558832,44.55304969263434,1,1,2,1,1,16,66,1,60675,5,0,3
124.99644625902108,,1,0,2,2,1,15,32,1,80568,5,0,3
472.45353549922,87.10043864407653,1,0,2,1,0,15,38,0,103428,1,0,3
147.22062362778655,3.5815827210643025,1,1,2,1,0,22,59,0,74972,3,0,3
430.93685199656875,17.539906430450824,1,4,2,0,0,10,42,1,78584,2,0,3
896.9117110587241,,1,3,1,0,1,18,38,1,50297,1,0,3
508.41661343634894,26.666335781299487,1,0,2,0,0,9,18,0,101156,1,0,3
999.869052560262,6.2419743729865695,0,6,1,3,1,1,63,1,40862,3,0,3
382.6853439597237,178.30638730211228,1,0,0,3,0,24,40,1,46643,5,0,3
171.1132252198626,,1,2,1,2,1,8,63,1,81623,3,0,3
864.8711265474147,75.42348413321854,1,5,1,0,1,23,34,0,48756,4,0,3
187.47324762136907,197.8823247282129,1,4,1,2,1,22,31,1,43473,1,0,3
,199.17923810255036,1,0,2,1,1,10,53,0,78340,2,0,3
417.8824587601874,141.84540822611672,1,4,0,3,0,12,51,0,39889,3,0,3
,,1,2,1,0,0,5,38,0,90339,2,0,3
919.9425511249644,122.06464251247652,1,4,2,2,0,3,33,0,88186,2,0,3
653.6483247040561,120.8441625671734,1,2,2,3,1,13,36,1,45750,4,0,3
,52.44096555976165,1,0,2,0,0,22,18,1,96494,3,0,3
225.92423763820003,,1,2,0,0,0,4,29,0,98717,6,0,3
,21.83342785750031,1,3,1,1,0,23,59,1,95452,5,1,3
963.621892454476,,0,1,2,0,0,18,45,0,66772,1,0,3
377.6908733087968,59.01746128021432,0,5,0,0,0,11,59,0,114374,2,0,3
639.6019325486542,55.024315518830825,0,4,0,1,1,8,61,1,45178,3,0,3
,,1,5,0,3,1,10,45,0,51337,3,0,3
572.2860417367033,13.281389444465995,0,4,0,3,1,24,46,0,98527,1,0,3
429.03197697598586,8.563545825575725,1,3,2,0,0,3,42,0,108217,1,1,3
,85.14534553775263,0,2,2,3,1,12,52,1,53336,4,0,3
720.3578775052862,141.4470326708381,0,5,0,0,1,2,62,1,62659,4,0,3
201.60488441131815,193.883307607502,1,1,1,3,1,11,45,1,68400,4,0,3
609.528088145315,59.001569379145934,1,5,2,0,0,22,64,1,54340,5,0,3
629.6610201590768,8.65171894113892,1,0,1,2,1,20,43,1,103745,5,0,3
738.7701610968692,164.53137122101305,1,2,2,1,1,11,51,1,88504,5,0,3
484.408419055279,126.73593697047156,1,4,2,3,0,20,40,0,55333,4,0,3
,167.9918346550413,1,4,2,2,0,6,52,0,88484,1,0,3
395.38767840760534,11.63739374023698,1,4,0,3,0,1,31,1,52022,2,0,3
377.7285056162949,41.15481240704555,1,4,1,3,0,7,64,0,118155,4,1,3
442.7689342806431,180.64849131710315,0,1,1,2,0,3,18,0,57336,5,0,3
875.1233567289974,,1,4,2,2,0,7,38,1,52113,2,0,3
729.4246249714023,90.08720982051076,1,1,0,1,0,18,52,1,45786,5,0,3
623.4921941034014,,1,4,0,2,0,12,43,1,100343,3,0,3
703.180837482422,146.35897509989914,0,5,0,2,1,22,57,1,113583,1,0,3
761.4908179816199,162.19521353025175,1,3,0,2,0,2,39,0,92113,1,0,3
633.8874695343084,47.52490365751411,1,0,2,3,0,18,61,0,82814,4,0,3
465.90259726173014,53.740545351868406,1,4,1,1,1,18,30,1,64102,1,0,3
225.9369135318018,154.3074129418596,1,4,1,2,1,8,39,1,43825,1,0,3
924.0948103366828,170.99484733217852,1,1,0,0,0,20,49,1,85283,5,0,3
720.8830050459422,,1,2,0,3,0,12,65,1,52833,4,0,3
,38.81757848370325,0,1,0,1,1,6,58,1,59033,4,0,3
885.0637123999244,184.30180688770207,1,0,2,1,0,18,60,0,90061,3,0,3
731.8359772310089,195.1736039449516,1,1,2,3,1,7,58,1,41108,2,0,3
,11.221757485161277,0,2,2,3,1,16,29,1,43399,5,0,3
424.0071340713264,177.8829638605698,1,2,0,3,0,22,66,1,109006,4,0,3
480.12060543401446,152.02402268580758,0,0,0,0,1,9,33,0,78492,3,0,3
481.5673058009829,38.52966696533897,1,0,2,1,0,15,57,0,57576,5,0,3
584.4795822292768,41.65586542907518,1,1,1,0,1,9,69,1,116268,5,0,3
354.39347467754465,48.938458806320305,1,0,1,0,1,19,63,0,73250,5,0,3
427.57764987068,8.68783442586103,1,0,2,2,1,13,32,0,65112,2,1,3
347.58543926649986,62.42608310548259,1,4,1,0,0,15,46,0,99197,1,0,3
972.4623444988492,,0,2,1,2,0,17,25,0,79013,5,0,3
476.81771077577,42.702030482398825,1,4,0,3,0,18,41,0,108642,4,0,3
,,1,2,2,3,1,11,32,1,46454,2,0,3
,145.267143020985,1,5,1,3,0,6,31,0,81183,2,0,3
846.5070860331883,146.4023259172432,1,4,0,2,0,21,60,0,79919,3,0,3
,80.32923894916166,1,0,2,3,1,15,19,0,32803,1,0,3
290.28271425266627,168.06670503132267,1,1,1,2,0,3,41,1,58224,4,0,3
41.91960492329227,,1,0,0,1,0,12,49,1,88097,4,0,3
468.093971414723,44.724568559104625,1,5,1,3,0,23,49,0,90972,2,0,3
753.5798414375876,48.15907326963567,1,5,1,0,0,3,33,1,87362,3,0,3
256.0550020418021,,1,2,1,0,0,6,68,0,92148,7,0,3
345.78094829908576,34.30110450396078,0,5,2,1,0,20,38,0,37905,4,0,3
190.3392130235684,22.37570026858311,1,3,2,3,0,15,20,0,58165,1,0,3
105.6242737219356,,1,1,0,3,1,7,57,0,84878,2,0,3
880.6393701118743,45.77082796753358,1,0,2,2,1,18,67,1,73321,6,0,3
568.9977265167391,153.66820513461613,1,3,0,1,0,12,66,1,51403,4,0,3
875.8606372527515,27.78945698712201,1,5,2,3,0,20,69,0,46893,1,0,3
21.993081034427764,89.38975561907102,1,0,0,3,0,19,21,1,76690,1,0,3
8.438079121184327,29.150040409769563,1,1,1,0,1,6,27,0,90766,5,0,3
566.5402166052231,,1,4,2,0,0,1,61,1,106527,4,0,3
511.54743779069736,30.262842250206106,0,5,1,0,0,21,18,1,50228,2,0,3
334.33867192916966,63.72872301467063,1,3,1,3,0,13,20,1,42380,1,0,3
387.44493641292553,,1,2,2,2,1,6,58,1,55823,1,0,3
,155.26304947361453,1,2,0,2,0,11,24,1,29184,1,0,3
,9.60982233001384,1,1,2,0,1,12,43,1,111297,4,0,3
413.3352646872316,181.034493402111,0,0,1,2,0,2,61,1,60489,1,0,3
730.8406888333061,151.74334700940463,1,5,2,3,0,3,43,1,58081,4,0,3
,,1,4,1,0,1,7,31,1,107890,5,0,3
8.925228459530254,49.71486588251379,0,3,2,1,1,5,23,1,51149,4,0,3
737.8559736198039,18.213431815404,1,1,1,3,1,19,65,0,78197,2,1,3
879.9312337716151,162.78770146817823,1,4,1,2,1,14,32,0,65715,1,0,3
859.0429396903112,,1,0,1,0,1,13,52,1,65502,2,0,3
917.7340623333351,86.24962624162661,1,0,1,0,0,15,27,1,104022,2,0,3
174.85085700792624,99.24225380904416,1,2,1,0,0,11,28,1,52688,1,0,3
90.87505583401034,,1,5,2,1,1,16,49,1,95188,1,0,3
5.608496899840776,90.69303820816056,0,3,2,1,1,8,45,1,86172,4,0,3
565.6673142942024,36.960321398833365,1,2,1,1,1,23,22,0,84554,3,1,3
,,0,0,2,0,1,24,42,1,59899,1,0,3
717.7546654553713,52.85808998955943,1,3,2,1,1,24,58,1,42943,1,1,3
756.5400817492156,64.31899728007653,1,5,1,0,1,23,44,1,96679,2,0,3
278.4694685919553,97.95611316926882,0,3,2,3,0,15,65,1,94524,3,0,3
899.537145482492,197.12587093268553,1,1,2,3,0,4,30,0,92879,1,0,3
,89.82186812089137,1,4,1,2,0,8,55,1,74969,4,0,3
78.16173457092023,34.046159607296886,1,4,0,1,0,4,62,0,45444,2,0,3
852.5311108709473,132.26436898569222,1,0,0,1,1,15,38,1,87509,5,0,3
,41.35313546698989,0,3,0,2,0,15,58,1,43563,4,0,3
,177.35924955540685,1,4,1,3,0,13,28,1,92473,2,0,3
691.7254967098158,145.30780077242997,1,4,2,1,1,2,41,1,48480,4,0,3
188.02376390305463,12.44670159235466,1,3,2,0,0,11,59,0,80985,1,0,3
846.1121278750777,55.379192093891525,1,0,0,3,1,6,43,1,111312,3,0,3
820.2578097937153,60.07041573533789,1,0,0,3,0,24,25,1,74868,2,0,3
895.1905912205057,173.35194555523802,1,1,1,0,0,3,21,0,88044,1,0,3
,164.76583861493376,1,2,1,3,1,14,30,1,29684,1,0,3
841.6943120208839,172.72750778153764,1,4,0,0,0,11,56,1,74733,3,0,3
,199.5823510104205,0,1,2,3,1,11,48,0,85940,2,0,3
229.17267932136343,112.58165812699512,1,2,0,0,1,24,63,1,114256,5,0,3
,12.902049870744282,1,2,2,2,0,21,46,1,67833,4,1,3
134.84089599446324,105.4603003733795,1,3,1,3,0,6,61,0,88422,3,0,3
614.4060507909601,103.1084162301746,0,0,2,1,1,18,22,0,35710,6,1,3
167.87366783297165,96.02603144843955,0,0,0,0,0,19,55,0,83162,5,0,3
824.8278860012813,2.1705031403595143,1,4,2,2,1,2,29,1,31545,5,0,3
319.5688718782884,28.237922994506647,1,1,1,0,0,6,64,1,43186,1,0,3
,40.71645234590233,1,3,1,0,1,22,23,0,59026,2,1,3
855.9013073155722,174.98861634129074,0,4,0,1,0,23,30,1,44059,4,0,3
401.04062031460495,24.596398365622175,1,4,0,3,1,22,34,0,109680,5,0,3
528.3274294257079,87.66139006298653,1,0,0,2,0,22,42,1,87477,4,0,3
32.20583113961118,119.67981661211816,1,1,1,0,0,13,25,1,79514,4,0,3
364.5060186091821,49.07990040072665,1,2,1,3,0,9,61,0,101057,5,0,3
372.81497526582154,55.40524765583123,1,4,0,0,1,24,54,0,46815,7,0,3
,147.49830694079523,0,2,0,0,0,10,21,0,88170,3,0,3
99.4710021694598,161.28561172140138,1,3,1,2,1,21,24,1,73303,6,0,3
121.5809903423426,141.12744726693023,0,1,1,3,1,9,50,1,91618,2,0,3
724.342612434213,190.36853745340937,1,3,2,3,1,10,66,0,75901,5,1,3
752.4362308206536,57.08104337095627,1,0,2,0,0,22,29,1,33736,1,0,3
,,1,0,0,3,1,17,54,0,60608,5,0,3
346.74085128779177,12.068618169919244,1,3,1,0,0,10,25,0,67256,4,0,3
583.5097234133362,54.63324824303679,1,5,2,0,1,3,29,0,104069,3,0,3
703.1347350521918,102.8330981330857,1,5,1,0,0,2,42,1,57032,4,0,3
139.98528338521655,,1,4,0,3,0,18,38,0,97178,1,0,3
,,1,4,0,0,0,21,49,0,80261,2,0,3
731.9718016232584,155.65436782010633,1,1,1,0,0,18,45,0,75492,1,0,3
261.68575076947434,52.40744744445698,1,0,1,2,0,21,30,1,98528,1,0,3
,127.2892729102224,1,1,2,1,0,5,45,0,95617,5,0,3
415.11845313840945,140.79507937027464,1,0,1,0,0,24,37,0,71747,2,0,3
104.52412839664817,25.642982345051045,1,4,1,0,1,20,61,1,113523,3,0,3
795.7793621054395,10.386810406976842,1,1,2,1,0,7,32,1,62118,3,0,3
93.52776333682267,194.86679119984456,1,1,2,2,1,24,31,1,85062,4,0,3
546.245235305029,157.13462922407905,1,4,1,0,1,18,25,0,93746,5,0,3
,76.05950569740918,1,1,2,2,1,6,43,0,54673,5,0,3
301.3448254782883,144.773987870163,0,1,0,3,0,20,27,0,93743,1,0,3
3.1365484225598372,148.78065375750165,1,2,2,2,1,19,48,0,105326,2,0,3
958.3066563258656,156.82223517708346,1,2,1,2,0,9,26,1,64078,9,0,3
332.82116248395687,,1,1,1,1,1,11,23,0,55676,6,0,3
975.8105375746998,92.94511142659104,0,1,2,2,1,5,25,1,34330,2,0,3
479.91577829505275,,1,2,2,2,0,23,62,0,41257,2,0,3
907.345100475041,75.66918168968346,1,2,1,3,1,17,57,0,57110,3,0,3
187.60958929318772,,1,2,2,1,0,15,68,1,46935,1,0,3
46.12348660740917,62.23583192682598,0,3,2,1,0,1,51,0,66342,3,0,3
,39.33782765839191,0,3,1,2,1,10,24,0,56898,5,0,3
604.8469155951339,151.15704523217948,1,3,1,3,0,24,35,1,94636,4,0,3
964.466979084329,176.49419575868382,1,1,1,1,0,12,36,1,51342,3,1,3
40.40571156896333,,1,5,1,1,1,10,48,1,98336,3,0,3
,59.837318631674165,1,2,2,2,0,3,33,0,106486,3,0,3
103.41581315301585,25.80805265970003,1,4,1,1,1,10,69,1,44894,1,0,3
538.8723699532541,92.86776355739536,1,2,1,3,0,9,46,1,57405,4,0,3
650.2278259790515,44.21868784396503,1,3,0,3,1,12,39,0,52666,5,0,3
559.0234397826732,91.82815832610736,1,4,1,3,1,20,39,1,72329,5,0,3
546.5882164071988,,1,4,2,0,1,19,59,0,68166,2,0,3
,164.6091584882535,1,0,2,1,0,11,58,0,69872,4,0,3
449.02344204306064,158.5495336601783,1,5,1,1,1,8,29,0,96027,5,0,3
,,1,5,0,3,0,4,33,1,65616,3,0,3
,,1,0,0,0,1,9,59,0,92506,3,0,3
499.1869201897161,194.44103851201373,1,1,0,3,0,14,29,0,51657,3,0,3
829.3641605669269,63.13866901885432,0,3,0,1,1,6,40,0,52597,4,0,3
942.2006061250484,176.05938317773473,1,0,2,1,0,10,34,1,104926,3,0,3
915.9898729868185,40.76049469593095,1,5,1,3,0,4,49,0,50095,2,0,3
861.583739092398,170.93991504552366,1,3,1,1,0,20,26,0,68704,4,0,3
428.3605171618051,12.884766413816727,1,1,1,3,0,3,39,1,36161,4,0,3
,30.7088394661311,0,3,1,1,1,22,65,1,66276,5,1,3
173.8386369973396,162.1366059629307,1,1,0,0,1,2,37,1,76872,4,0,3
,175.62946341201933,1,4,1,0,1,20,20,1,44185,3,0,3
952.7732157487136,99.72563611488464,1,5,0,2,1,16,36,1,105851,2,0,3
758.4429751458832,38.566726575314725,1,0,1,1,0,20,69,0,70192,5,0,3
792.5269036762617,143.28703000414492,0,1,2,2,1,3,21,1,56509,1,0,3
964.4943173309142,,1,3,1,0,0,7,45,1,111691,1,0,3
935.6324396587568,133.3496215969081,1,1,0,1,1,6,28,0,78495,5,0,3
117.75207424341647,126.05503869883624,1,2,1,3,1,11,24,0,41289,1,0,3
,,1,3,0,3,1,16,64,0,99893,4,1,3
902.3944481037088,123.74965650694598,1,4,1,2,0,23,48,1,97999,3,0,3
105.7589537642286,,1,5,2,1,1,7,37,0,91342,2,0,3
884.130327682421,113.7792684658724,1,0,0,3,1,1,58,0,84740,4,0,3
703.7503589753605,17.87477231817034,1,0,1,0,0,9,43,1,68272,1,0,3
719.7854378048837,13.682756230437931,0,0,1,0,1,22,27,1,84250,2,0,3
,197.2911553763304,1,5,0,1,0,12,55,1,88930,2,0,3
379.18846295529465,163.79892839265997,1,5,0,1,1,18,34,1,78017,2,0,3
747.1861009869504,76.26652029680486,1,3,2,3,0,13,52,0,66360,6,0,3
731.6585418829941,152.52471603280858,1,2,0,3,0,1,27,1,86965,2,1,3
765.3976227126412,0.0052483919561252,1,5,1,2,1,4,39,1,89587,3,0,3
511.7727553076836,99.48927003046788,1,3,1,3,1,9,66,1,76899,2,0,3
,0.1285435767929721,1,2,1,0,1,19,38,0,32887,3,0,3
865.0280199938491,91.7288855463859,1,5,1,3,0,9,48,1,61928,4,0,3
217.44027043774815,147.36595315128372,1,0,2,2,1,12,35,1,98807,1,0,3
617.2380096787588,107.88921565590188,1,2,2,2,1,20,30,1,40849,2,0,3
514.9630233392414,,1,5,2,1,0,18,30,1,87511,4,0,3
,156.23764431917687,1,5,1,2,1,13,18,1,91674,5,0,3
890.299729925412,151.28728100786114,1,2,2,1,1,6,41,0,96105,1,0,3
46.336477931748774,162.12860662494398,1,5,2,2,0,6,27,0,95791,5,0,3
357.12067203965535,118.89997900532754,1,5,2,0,0,4,52,1,39108,1,0,3
728.4822743300862,147.006130076843,0,1,2,0,0,15,19,0,75522,3,0,3
452.6240014408589,,1,4,2,2,0,16,61,1,54979,2,0,3
788.7629764039264,81.1779320938945,0,5,2,0,1,14,63,0,108481,4,0,3
493.3710091548885,,1,1,2,3,0,1,25,1,52507,1,0,3
,125.3732843177622,1,2,2,2,0,16,19,1,104141,1,0,3
637.1903392536532,97.26007429319996,1,5,0,1,1,7,65,0,51536,5,0,3
335.06906633324076,22.127008662113433,1,4,0,1,1,7,67,0,82768,4,0,3
160.05396817246177,,1,4,0,0,0,3,54,0,86361,4,0,3
613.7186197705756,,1,0,0,3,0,2,27,0,34810,2,0,3
845.4771518721382,164.25357155795172,1,2,2,3,1,24,43,0,93557,1,0,3
,181.23087376315755,0,2,0,1,0,24,26,1,41414,1,1,3
301.54336001261714,49.86859297951192,0,3,1,1,1,24,53,1,76101,5,0,3
956.4507546574088,,1,5,1,2,0,2,31,1,61137,4,0,3
690.5138043158507,54.19459138825551,1,1,0,3,1,14,21,0,90057,2,0,3
381.15016952370183,177.20835508482344,1,3,1,2,1,9,41,1,45903,4,0,3
299.4334002599752,32.65705268376602,0,3,0,0,1,15,39,1,105022,2,0,3
140.79761353092536,187.0917185694001,1,1,0,1,0,14,49,0,46854,4,0,3
464.0408777192662,90.62343504893772,1,2,2,0,1,11,66,1,76029,2,0,3
335.5561124219759,63.97761781372899,0,4,1,2,0,23,54,1,80745,3,0,3
995.500887704192,183.0929193314876,0,0,1,2,1,13,23,1,90172,4,0,3
416.18638896844453,163.09890759258607,0,4,0,1,0,13,29,0,99468,1,0,3
,,1,5,0,1,0,15,44,0,91444,1,1,3
281.5009575040712,98.76233322348048,1,3,2,3,1,17,52,1,63357,3,0,3
4.939191451049374,64.2724443292605,1,3,2,1,1,3,59,0,51370,2,0,3
559.4255925712469,30.72327101436132,1,2,0,3,1,8,46,1,93658,1,0,3
890.6752360413229,193.9623712947344,1,3,0,0,0,16,57,1,44308,1,0,3
592.366854000303,92.9716295658456,1,4,2,0,0,11,25,1,104886,2,0,3
84.53878649247304,172.13649863930164,1,2,1,2,0,8,19,1,97742,4,0,3
,96.82748978281678,0,1,2,2,1,7,69,0,90510,3,0,3
169.63413340571708,111.37500594124334,1,2,0,3,1,17,22,1,27771,2,0,3
273.82231673049085,,1,3,1,3,1,3,62,1,97842,5,0,3
202.1703352288025,190.21857894857925,1,3,2,1,0,5,68,1,75362,2,1,3
945.042698792677,40.481428089954406,1,2,1,3,1,1,18,1,95898,4,0,3
,,1,3,0,2,1,7,62,1,51075,4,0,3
,116.2671537798659,1,3,1,0,0,6,27,0,44258,3,0,3
,57.39969539553724,0,3,2,0,1,19,47,0,63583,3,0,3
524.84244529063,65.47904023715438,1,5,0,1,1,14,54,1,96045,5,0,3
661.1900879465447,188.85556698939,0,4,2,0,1,9,35,1,72930,1,0,3
286.47084933994904,182.0561477421613,1,1,2,2,1,12,48,0,56129,1,0,3
977.0011040667438,14.531686798412524,1,5,1,2,1,21,61,1,118024,4,0,3
164.70913995700266,197.10006541727617,1,1,2,2,1,2,20,0,30678,4,0,3
65.32591489116734,55.63689800247103,1,3,2,2,0,14,67,0,93354,4,0,3
339.7918517414875,16.729358443891673,1,4,2,2,0,5,24,0,61135,3,0,3
954.7811018307284,42.14663230783648,1,0,0,3,0,17,52,0,46747,1,1,3
479.93171973121105,,1,1,1,1,0,21,37,0,96657,2,0,3
69.91217552706208,176.0842227729292,0,3,1,2,0,10,57,0,99779,4,0,3
688.7879228465957,68.26712916366036,0,4,1,3,0,24,23,0,65982,1,0,3
989.7195529797102,125.8946890865126,0,3,0,0,1,21,40,0,93835,5,0,3
4.936717826491854,,1,3,0,1,0,2,66,0,96581,2,0,3
,34.304426722054735,1,1,1,1,0,15,41,0,52296,2,0,3
794.8123648638458,192.2954008886387,0,2,1,2,0,22,60,1,42528,4,0,3
450.6121511311294,170.48062565153887,1,3,0,0,1,22,67,1,54270,2,0,3
341.0009202348426,181.8481966641964,1,3,1,2,0,22,58,0,82181,5,0,3
205.5026869607247,176.42797862023036,1,4,1,1,1,20,35,0,32444,1,0,3
133.76835203588945,174.83544254124274,0,5,0,2,1,20,22,0,100293,3,0,3
,94.59026985778934,0,1,0,2,1,8,47,1,99971,2,0,3
774.6808899846801,154.71499762825368,1,3,1,2,0,14,58,1,42849,3,0,3
,109.20463971767904,1,2,0,3,1,6,43,0,71500,3,0,3
,11.158483775104022,1,1,2,2,1,9,19,1,103320,1,0,3
846.6106007935625,27.070589098841104,0,3,0,2,1,19,22,0,49365,3,0,3
,,1,5,2,3,0,9,38,1,100702,3,0,3
,64.63296206891359,0,4,0,3,1,21,64,0,44844,4,0,3
417.97927268870626,116.68860492626008,1,2,2,2,0,2,39,0,70910,5,0,3
572.0814577236857,69.88256823588831,0,2,0,2,0,5,63,0,77253,2,0,3
14.74400202650028,90.44202163310462,1,3,0,1,0,8,50,1,65991,1,0,3
581.1796847937069,,1,0,1,1,0,23,19,0,96859,3,0,3
149.74116159272788,79.05859350990721,1,4,0,0,0,18,56,1,101334,5,0,3
110.1430842562484,98.81238544393096,0,4,2,2,0,16,45,0,94737,5,0,3
708.6236680950042,168.689712565205,0,1,0,1,1,13,56,1,59810,2,0,3
147.46423547344,,1,3,1,3,1,23,43,0,82002,1,0,3
99.9559892147942,163.89280611624733,1,5,0,3,0,23,66,1,117943,2,0,3
452.745908641798,,1,4,1,1,0,19,25,1,41869,5,0,3
408.7384381986331,109.24603338630338,1,3,1,0,1,11,58,0,68546,3,0,3
653.2911326594761,142.31764921592915,1,3,1,1,0,10,29,0,99583,3,0,3
94.24706562514808,,1,2,1,2,0,7,33,0,79574,2,0,4
605.7872829493285,115.89646094513851,1,3,1,1,1,23,28,1,56855,9,0,4
,118.77580033277536,1,0,0,0,0,10,47,1,58707,2,1,4
15.783110023368296,101.53459125508806,1,5,2,2,0,11,66,1,86653,3,0,4
,,1,5,1,2,0,2,20,1,73303,5,1,4
,,1,2,1,3,0,18,61,1,63243,1,0,4
447.8730033572422,119.63511487119573,0,2,1,3,1,11,41,0,76280,1,0,4
905.8896469903806,15.02569421118418,0,5,2,3,0,12,50,0,65633,5,0,4
407.1901570560061,68.05971576834841,1,2,1,2,1,8,43,0,36069,5,0,4
448.648531656529,73.05610701274676,1,1,0,2,0,3,55,0,71569,1,1,4
348.2213539538489,,0,4,1,0,1,12,44,1,86856,4,0,4
210.4901275975267,194.576673582815,0,1,1,1,0,23,54,1,99170,1,0,4
,116.06641419898364,0,2,1,1,0,8,62,1,115054,4,0,4
,7.240161069987638,1,5,1,1,1,10,23,1,90655,4,0,4
393.9907252561461,74.57149687146011,0,0,0,1,0,21,60,0,67266,2,0,4
833.8820173852129,,1,3,1,2,0,16,21,1,47243,4,0,4
256.12134443880495,126.36543714555528,1,0,1,2,1,14,52,0,96820,2,0,4
132.24412473556202,35.121370521373095,1,1,2,0,0,12,59,0,62721,1,0,4
,,1,2,2,2,0,10,35,1,106881,3,1,4
467.1789647236161,83.1497905190275,1,1,1,1,0,2,59,1,39605,5,0,4
877.4690166838642,130.13199082701726,1,3,0,2,1,10,68,1,100889,3,0,4
277.44713485723946,101.49054831224667,1,5,2,1,1,14,44,1,50535,1,0,4
849.2951049214385,177.21328514659402,1,1,2,0,0,16,69,0,63628,4,0,4
196.86953707027033,140.21676652727703,1,0,1,3,1,6,42,0,74128,1,0,4
273.6264505186786,160.16048311927636,1,3,1,2,0,8,28,1,53315,3,0,4
902.476515848566,134.02407454251002,0,5,1,1,1,18,59,1,92245,3,0,4
745.0313026269305,29.68173070532671,1,1,1,0,0,19,33,1,84704,2,0,4
654.1071407336107,50.3926493500473,1,2,1,2,0,1,55,1,84520,1,0,4
269.28782496511485,43.04175477665295,1,2,0,0,1,11,58,1,43008,1,0,4
,77.4918822500067,1,4,1,1,0,9,49,1,49143,2,0,4
,20.261964862410743,1,1,0,0,0,6,65,1,103237,2,0,4
276.82902936022833,61.29802751727953,1,2,0,3,0,17,26,0,107100,3,0,4
720.9082329639609,176.0543955003872,1,5,2,2,1,10,41,1,106885,3,0,4
181.07665802360884,132.53205832800708,1,1,1,2,0,14,43,1,65868,1,0,4
,,1,5,0,3,1,5,18,1,48093,4,1,4
,67.14280329261383,0,1,1,1,1,20,47,1,34945,1,0,4
408.1464352568024,13.650899688053196,0,2,0,1,1,23,23,1,43253,5,0,4
855.6968923446854,91.90160484743792,1,3,0,1,0,6,26,1,70569,3,0,4
575.479183785547,157.18016434536926,1,3,2,3,1,20,27,1,69759,5,0,4
972.0812736686564,13.932958902770752,1,4,2,3,0,12,37,1,81354,5,0,4
643.9116586940006,131.2089068240998,1,1,1,3,1,12,59,1,94288,2,0,4
,128.69846766949817,1,0,0,1,0,22,29,0,66380,4,0,4
,17.13649041119014,1,1,2,2,1,11,26,0,77756,3,0,4
734.1685409036131,66.82074417584359,1,2,1,3,0,18,52,1,60347,2,1,4
786.2365256794678,21.37781535261649,1,2,0,0,0,8,61,1,59326,1,0,4
596.3203371488707,,0,1,0,1,1,1,34,1,35287,4,0,4
229.39307493019268,189.48456642014904,1,4,0,2,0,1,62,1,101637,3,1,4
467.2046686828861,,1,4,1,3,1,2,61,0,68502,2,0,4
962.3105469463806,,1,1,1,3,0,16,18,1,101864,4,0,4
464.5263774127913,,1,0,2,2,0,4,25,1,71732,3,0,4
884.2688989909789,59.59499524375511,0,5,0,2,0,5,40,1,98892,3,0,4
,187.70858689271296,0,3,1,2,0,10,50,1,111325,4,0,4
87.55203729400485,156.4752904846791,1,0,1,0,0,2,50,1,105604,3,0,4
512.8071306487208,53.158878649116545,1,5,2,1,0,3,54,1,78829,1,0,4
45.51710256444031,89.28603114070877,1,1,0,1,0,12,52,1,54407,5,0,4
406.10549882097104,,0,4,0,1,0,12,31,1,57007,2,0,4
957.348997884636,92.45700105530736,1,1,1,1,1,17,30,1,73548,3,0,4
,,1,3,0,0,1,10,45,0,54388,3,0,4
534.321087797564,193.3861615877091,1,1,0,2,0,20,18,1,79652,2,0,4
748.14619204799,45.484597133962936,1,0,2,0,0,20,56,1,111189,2,0,4
,16.47616126303053,1,0,2,3,1,12,50,1,49005,5,0,4
559.3909988413203,176.47309816738982,1,3,2,1,0,24,28,0,100744,1,0,4
727.7123288312429,71.26123674786153,1,0,2,2,1,20,35,1,98047,1,0,4
,188.95257846726955,1,1,1,3,0,9,52,1,111322,5,0,4
,42.815960654179605,1,4,2,0,0,20,18,0,44522,7,0,4
380.9990810921897,23.16540684193056,1,4,0,2,0,10,65,0,68528,1,0,4
311.61584084295527,188.3399063360341,1,2,0,1,0,9,32,1,82112,5,0,4
979.9610160428856,32.95497808415784,1,1,1,1,1,16,44,0,83740,2,0,4
725.3625519971853,,1,2,0,2,1,18,57,1,116331,4,0,4
,94.50339959252044,1,4,2,1,0,12,18,1,102936,5,0,4
102.636913944098,104.2903014514008,1,1,0,0,1,17,48,1,113305,4,0,4
51.26089476287832,120.14527639882476,1,4,1,0,1,2,56,1,65921,4,0,4
620.7422455954054,12.260909140557995,1,4,1,3,1,15,48,1,108030,5,0,4
545.0862144068435,42.03501154759968,1,4,2,1,0,12,26,0,30420,1,0,4
91.71511867566085,130.21989193166308,1,2,1,3,1,24,62,1,83995,1,0,4
597.3245561500293,13.490072824762269,0,5,2,3,0,15,68,0,52211,2,0,4
,32.23241405387667,1,4,2,1,0,13,59,0,55070,2,1,4
168.74125876772428,,1,0,2,3,0,15,37,0,65934,3,0,4
559.9867550819345,,1,3,1,2,1,16,50,0,106079,4,0,4
850.1556248400067,102.53868353847416,1,0,2,2,1,5,19,1,50359,5,1,4
901.5301115685432,,1,2,0,2,1,18,36,1,49822,4,0,4
880.2454069746452,67.93439700341585,0,0,2,0,1,18,65,0,74996,4,0,4
843.0745070777981,161.55856581762018,1,4,2,2,1,4,42,0,99252,5,0,4
353.9412142548817,92.93082136649436,1,4,1,1,0,18,49,1,97185,5,0,4
578.6494976897184,123.92496969258713,1,5,0,0,1,15,40,0,39577,5,0,4
491.1108821742985,11.151687891487704,0,5,0,1,1,20,48,0,80255,1,0,4
,9.80412382816851,0,0,1,2,1,6,58,1,100738,2,0,4
526.9354118281539,49.81770265313568,1,4,2,3,0,5,64,1,62727,4,0,4
534.8548784972711,174.9912736104412,1,5,1,1,0,13,24,0,52867,4,1,4
857.4899141263817,1.037007422577818,0,3,0,1,0,3,49,0,53842,3,0,4
83.19030970427133,0.0359727287140954,1,0,2,1,0,14,36,0,58405,3,0,4
147.0752064142551,197.57431339963983,1,2,1,1,0,2,23,1,59959,3,0,4
582.5930753386622,6.312857196716504,1,5,1,2,1,17,55,1,63720,1,0,4
158.10943354222883,71.2464903533595,1,2,2,1,0,7,49,0,109414,3,0,4
,18.85343137647124,1,2,2,1,0,24,41,1,41173,3,0,4
546.9316663129746,106.88849961524384,1,3,2,2,1,19,27,0,45061,2,1,4
,161.099250960654,1,5,0,0,1,10,68,0,84757,1,0,4
57.760418053302786,,1,2,0,3,1,16,31,1,86299,1,0,4
556.624024870138,51.10551936249912,1,4,0,2,1,14,25,0,74257,5,0,4
825.9676963869999,104.37311139103866,1,2,1,1,0,8,39,1,86040,5,0,4
550.1765785012842,174.7647506856386,1,3,1,3,0,17,20,1,69751,3,0,4
,48.502661409717795,1,4,1,0,0,17,18,0,67761,2,0,4
967.6527125044944,29.160885449824292,0,1,1,0,1,6,42,0,75505,1,0,4
13.123438636373772,189.92425935875025,1,2,1,2,0,12,20,1,82717,2,0,4
856.1498490721425,99.68445504611284,1,2,2,1,0,2,54,0,103969,3,0,4
744.8383321669993,81.34619121981899,0,5,0,2,0,14,55,1,85689,2,0,4
,,1,3,1,0,0,14,35,1,49780,4,0,4
970.7564341201526,111.55944304229864,0,4,1,0,0,6,44,1,86554,3,0,4
92.20070025376172,75.15294960974457,1,3,1,0,1,24,37,1,102143,3,0,4
494.0969354210676,103.82104761579645,0,5,2,2,1,3,20,0,47643,1,0,4
315.3931518068972,142.02318257333744,1,2,1,3,0,21,24,1,46613,2,0,4
,138.76088112661176,1,4,1,0,0,8,62,0,88701,2,0,4
299.29056799404907,,0,5,0,1,1,21,28,1,90494,4,0,4
246.1103567177614,173.29168134898592,1,2,2,0,0,8,64,1,100792,5,0,4
446.4138847793636,,0,2,0,3,0,20,50,1,97746,1,0,4
37.56860984045041,,0,0,1,1,1,7,23,1,60475,1,0,4
615.5115929164311,85.64157798692335,1,0,2,1,1,3,64,1,70411,4,0,4
139.56518107867333,32.374751627814405,1,5,0,3,0,7,51,0,43459,4,0,4
550.9872601459962,64.96552099108786,0,0,2,0,1,14,59,1,101573,5,0,4
,7.341160103005273,0,5,0,3,1,23,18,0,71359,5,0,4
,123.03807627360352,0,4,2,0,0,14,64,1,79568,1,0,4
299.44215990960555,4.053017142689508,1,0,2,2,0,20,29,1,39763,5,1,4
513.5966890479199,118.93512057015413,1,1,0,2,0,4,63,1,111383,4,0,4
401.39536310024306,120.84495723080076,0,3,2,0,0,6,64,0,84989,4,0,4
910.6315717633886,159.72915021277032,0,3,2,0,1,7,32,1,73841,4,0,4
907.0156377998672,33.998435516843,1,4,2,0,0,7,66,0,67786,2,0,4
464.6312154368314,,1,0,2,1,1,11,41,1,65856,5,0,4
714.7623910002478,34.21222764585592,1,3,0,2,1,9,68,1,91737,1,0,4
271.86059054432644,151.3430509651857,1,2,1,1,1,22,39,1,90008,4,0,4
584.7484975299433,12.020767649867237,1,1,2,1,1,4,20,1,78622,1,1,4
,157.07680396881153,0,1,0,2,1,3,31,1,65111,2,0,4
,132.75121157898238,1,5,1,0,1,15,44,0,104154,1,0,4
,108.82176077955552,1,0,0,0,0,18,47,1,83075,5,0,4
,42.77050445367407,1,4,1,0,0,1,49,0,100743,4,0,4
209.7430886784132,176.82208887351786,1,4,2,2,0,20,65,1,49946,3,0,4
515.4946932249179,136.0350662677544,0,1,0,3,1,7,38,1,61252,2,0,4
,38.1587465883765,1,3,2,2,0,14,31,1,40060,5,0,4
,,1,2,1,1,1,9,51,0,39913,4,0,4
40.52294575015358,90.83623583458058,1,5,2,1,1,11,25,1,89246,3,0,4
539.8365831268226,144.7580871161238,1,3,2,0,1,19,50,1,68072,4,0,4
975.5800884954652,127.683013769039,1,3,1,1,1,23,30,0,86002,2,0,4
,,1,1,2,3,1,2,25,0,86597,1,1,4
,59.86346274630663,1,3,1,0,1,14,37,1,31469,5,0,4
885.1467070358336,65.03502125205041,1,1,2,1,1,23,18,0,74640,1,0,4
579.1340464909943,129.85656031002625,1,0,2,2,0,23,42,0,52703,4,0,4
,84.43775609866881,1,0,2,3,0,6,37,0,43486,5,0,4
791.3422564421721,161.59680584341538,0,4,2,1,0,4,59,0,74613,3,0,4
199.03458895110683,,1,3,1,0,0,13,50,0,88690,4,0,4
469.5042207737451,177.87911866290506,1,1,2,1,1,22,69,1,91835,5,0,4
717.6498048018736,159.37033856824158,1,1,0,3,0,24,40,1,58276,4,1,4
664.2744707373046,141.09186728204077,1,3,1,2,1,11,39,1,47181,2,0,4
431.9021774177362,191.7423306645673,1,3,0,1,0,8,27,1,63567,3,0,4
882.9709162670389,198.75278952551548,1,0,2,0,1,4,51,0,98961,5,0,4
,58.34345773288274,1,3,1,1,1,24,57,0,89964,2,0,4
651.5661333140075,117.50862262259622,1,0,0,2,1,15,45,1,59993,3,0,4
512.6365311428261,193.2367284549268,1,1,0,1,1,17,64,1,86456,4,0,4
210.58541175773428,149.33514347332323,0,2,2,0,1,21,27,0,66994,2,0,4
150.28123373551827,173.7317024525092,0,3,2,0,1,1,51,0,55835,5,0,4
704.8457539411054,,1,3,1,3,0,16,56,1,51924,4,0,4
,185.10077321210807,1,3,0,3,0,5,39,1,51119,3,0,4
248.90292648070744,166.17708534435255,0,5,1,2,1,17,39,0,109932,3,0,4
146.0720556467232,36.668725476361885,1,4,1,1,0,11,48,0,48658,2,1,4
,154.72387984000747,1,4,1,1,0,17,38,1,106345,1,0,4
,91.7763106410722,1,2,0,1,0,5,26,1,92566,2,1,4
204.25319583522935,164.03212797980345,1,4,1,1,1,21,31,0,44380,2,0,4
228.03500974038135,128.982852301825,1,4,0,1,0,11,46,1,48643,2,0,4
264.74291465497436,88.2794724207957,1,0,1,1,0,24,20,1,64962,3,0,4
114.21325890433508,,1,3,1,1,1,6,65,1,51034,3,1,4
,108.54576447920324,1,2,2,0,1,2,49,0,38481,2,0,4
,25.315859405250784,0,0,0,1,1,21,68,0,86038,5,0,4
74.69644247518559,159.54251530568214,1,2,1,2,0,6,44,1,96379,5,0,4
870.3557828305575,126.97337324966529,1,3,1,0,1,1,27,0,30339,3,1,4
955.0462989190858,,0,2,2,0,0,17,18,0,39630,2,0,4
309.9239494867579,47.08948689429939,1,2,1,0,1,1,56,1,113045,4,0,4
824.7985210844538,111.00241839903198,1,4,0,3,1,11,30,0,33031,4,0,4
,132.96499483994177,1,2,1,0,1,12,48,0,46886,5,0,4
500.7998243238995,163.96291941485995,1,4,2,3,1,17,29,1,95661,4,0,4
176.27178560139,116.88696978008052,0,4,1,2,0,21,43,0,86131,5,0,4
,27.951024746917263,0,3,2,3,0,17,35,1,52481,5,0,4
654.6241505490344,198.7916561206239,0,5,0,3,0,7,36,0,43860,3,0,4
659.7048861587646,89.40154255329075,1,2,2,0,1,17,19,1,43273,3,0,4
,85.39338211943897,1,4,1,0,1,22,53,0,83874,4,0,4
718.3837281001304,,1,4,0,2,0,1,45,0,52454,2,0,4
439.2552688488284,46.562367096578086,1,1,0,0,0,19,37,0,55004,1,0,4
,97.59137961297168,0,4,2,3,1,22,18,0,80538,2,1,4
554.7580830704673,13.710326444787157,1,4,2,1,0,19,59,0,99138,4,0,4
35.51296396597292,190.55380388617107,1,2,0,2,0,5,18,0,61454,5,0,4
,176.9032238147549,1,3,2,1,0,17,26,0,62950,1,1,4
28.86285886559947,120.62954598204487,1,3,0,1,0,6,65,1,57316,2,0,4
,97.32986565766949,1,3,0,3,1,8,25,0,52241,1,0,4
185.72911470998855,116.13410734568616,1,2,1,3,1,2,42,1,36205,2,0,4
941.8746363171962,160.826840501417,0,0,1,0,1,8,29,1,45102,2,0,4
,128.35936505149158,1,4,1,3,0,4,21,0,97277,5,0,4
,,0,2,1,1,0,23,23,1,81423,4,0,4
318.3894023593781,,1,1,2,2,1,20,66,1,64487,1,0,4
88.9833303880545,187.83755172620263,1,3,1,0,0,15,46,1,67646,2,0,4
727.1314314222102,189.34211266309,1,2,1,3,0,1,48,0,82613,2,0,4
108.43637780938198,63.4720188709867,1,5,1,2,1,16,58,1,56682,2,0,4
171.68928442640797,120.1202235031266,1,5,0,2,1,16,28,0,52105,4,0,4
79.57650102464797,,1,1,2,3,0,14,68,0,43850,1,0,4
355.72700943304267,,1,1,0,1,1,21,40,0,78929,4,1,4
208.24254712667943,147.29532971369687,1,1,1,2,0,4,63,0,89425,4,0,4
,18.11270547159691,1,5,0,1,0,15,43,0,51064,2,0,4
369.3785676218831,,1,1,0,3,0,20,35,0,55551,4,0,4
,4.7696047228441785,0,2,2,0,1,20,50,0,39064,4,0,4
529.6360295643976,102.98700145337529,1,5,0,1,1,8,51,1,97432,1,0,4
,154.92573879792715,1,0,1,0,1,2,60,1,55622,1,0,4
328.2059699722668,51.71394586488294,1,2,1,3,0,22,62,0,79383,1,0,4
347.25772662450447,143.68529201181698,1,5,2,2,1,12,57,0,48661,5,0,4
720.650904794814,,1,0,2,2,1,12,45,0,44398,5,0,4
,,0,0,0,1,1,19,65,1,48091,3,0,4
102.0249487779904,,1,1,1,2,0,22,36,1,76529,1,0,4
682.0192056858325,167.02799809459125,1,2,1,1,0,4,19,1,87742,5,0,4
943.0790822023646,126.44116317297724,0,5,1,1,0,16,57,0,62086,2,0,4
68.3494998406513,14.6901206136564,1,4,0,0,1,19,60,1,52997,3,0,4
,67.17715558929238,0,4,0,2,0,19,60,1,94485,3,0,4
355.30555342133107,106.01173800610104,0,4,0,2,0,6,26,1,52010,4,0,4
550.4833663121269,121.778321815257,1,2,1,0,0,22,34,0,36722,2,0,4
153.0134412270201,92.4043302328218,1,0,2,0,0,22,53,0,69406,4,0,4
283.4936127655732,137.64541340999628,1,2,2,3,1,14,38,1,70616,5,0,4
248.27678833636412,,1,4,2,1,0,9,56,0,56649,2,0,4
48.59132088989393,156.98106568331318,1,4,1,2,0,13,35,1,91013,5,0,4
625.9914640763449,,1,3,2,1,0,21,29,0,84247,2,0,4
783.9666832145558,43.23888074602902,1,5,1,1,1,7,67,1,105729,2,0,4
,149.72811809701096,1,1,0,2,1,9,56,1,91135,6,0,4
55.044284466149726,182.59149871928096,1,6,1,1,0,9,55,0,42370,3,0,4
239.65409715956088,,0,0,0,0,0,3,25,1,79442,4,0,4
169.92654634247484,85.1682870569071,1,4,0,3,1,1,41,0,68797,3,0,4
259.3134401785503,,1,4,0,2,1,13,39,1,87346,2,0,4
349.18131390230343,55.816387009677435,1,4,1,0,0,22,44,1,71487,4,0,4
,40.47649238528119,1,0,0,3,0,24,33,1,79799,3,0,4
331.8882976768368,112.32207810528008,1,3,1,3,0,1,58,1,54690,5,1,4
242.09657565040587,,0,5,0,3,1,17,30,0,104145,2,0,4
40.27810579056113,158.2911748174267,1,2,2,2,1,16,56,1,75536,3,0,4
596.4796900646597,,1,4,2,2,0,9,60,0,95942,3,0,4
901.0726193718071,,0,1,2,0,0,21,50,0,102113,4,0,4
,,1,0,1,1,1,14,25,0,87371,5,0,4
834.2494694119869,,1,0,0,2,0,22,54,0,76405,6,0,4
85.21419566727384,141.24638803721237,1,3,1,3,0,9,65,1,51411,1,0,4
97.43005285161598,47.56115198755309,0,3,2,0,0,18,48,0,103882,5,0,4
628.4729076607402,,1,4,1,3,1,21,54,1,36366,5,0,4
96.35722005169822,2.371388220196025,1,1,0,2,1,13,52,0,37469,4,0,4
486.84537131779183,98.82055423157496,1,3,2,3,1,22,55,0,42429,3,0,4
178.03420199728325,152.58223890860415,1,1,2,3,0,4,60,1,55614,4,0,4
127.86362734921607,,1,2,0,0,0,22,26,0,79320,2,0,4
526.3549841836943,1.9098834458447955,1,5,0,3,1,17,61,0,107292,2,1,4
,158.66414537391276,1,1,2,1,1,13,54,0,48402,2,0,4
244.9993744746539,157.77675236619254,1,4,1,2,0,7,56,1,57333,5,0,4
211.90552885980972,75.96255248328686,1,0,1,3,1,21,62,1,80085,3,0,4
973.4434808921504,179.91447115438152,1,3,1,3,1,1,63,0,56205,4,0,4
8.865427549751947,93.1215012155719,1,4,2,0,0,15,31,1,38826,3,0,4
76.09378337485595,135.24286401821462,1,5,0,3,1,12,42,0,70699,2,0,4
862.879479988349,63.15387038108013,1,0,0,2,0,1,18,1,83973,3,0,4
518.2643772110123,,0,0,0,3,1,20,64,1,57988,3,0,4
198.3961514672552,3.0272622387881754,1,5,0,0,1,20,20,1,94085,3,0,4
255.1088491720423,77.7066008469317,1,5,0,0,0,24,28,0,71004,5,0,4
,171.88199530744518,1,2,1,0,0,22,28,1,94698,1,0,4
923.6379158218492,76.69731082730729,1,2,2,1,0,9,42,1,94082,2,0,4
249.88678950255573,78.17756412709849,1,2,1,1,1,21,54,0,52259,2,0,4
213.1982703963462,161.06234278660162,0,4,2,0,1,14,66,1,43566,4,0,4
365.6717267377925,123.77610038601242,1,5,1,2,1,18,39,1,98307,1,0,4
,117.86063595898636,0,3,0,1,0,7,65,1,41295,5,0,4
10.05997537745207,,0,1,0,0,0,8,68,0,46099,5,0,4
409.4999465892647,,1,3,2,0,0,8,59,1,77604,1,0,4
321.0217554236008,15.47303574910388,1,0,0,0,1,10,38,1,52967,2,0,4
600.3527036905583,131.34153692661062,1,4,2,1,1,9,46,1,111190,3,0,4
469.0768743528879,37.24365917774553,1,2,1,3,1,18,68,1,57797,4,0,4
162.48093772230953,,0,1,2,2,0,5,43,1,78332,5,0,4
787.0899031267841,,1,0,1,1,0,19,44,1,75356,5,0,4
634.3057719445071,141.5527287360816,1,3,1,0,0,14,30,0,92450,5,0,4
161.93171696581544,177.52621822566093,1,2,0,3,0,5,38,1,71592,5,0,4
,144.14047356186703,1,5,1,0,1,4,66,0,99971,1,0,4
813.4870020903965,62.23815478375256,0,5,1,3,0,10,69,1,104480,3,1,4
125.51469813395045,153.652751245164,1,1,0,2,1,2,18,0,77870,4,0,4
707.6516031536951,,1,4,2,2,1,16,28,0,93636,3,0,4
,129.70546024788237,1,0,1,1,1,3,51,1,58234,5,0,4
574.8340396690259,,1,4,1,3,1,15,24,1,35516,2,0,4
470.2536138443193,30.06461406343659,1,0,0,1,0,7,19,1,60102,5,0,4
775.6859722368886,176.97143553777542,1,5,0,2,1,11,25,0,53795,1,0,4
384.1947786941504,66.18503646009648,0,0,2,2,1,21,46,1,60021,3,0,4
910.4283717819478,15.37107768993904,1,5,1,1,0,11,18,1,97923,1,0,4
784.2537664259322,76.40257193679719,1,3,1,1,0,23,52,0,106361,1,0,4
,29.912130925067835,1,4,0,2,1,12,25,0,66350,2,0,4
278.6000300373834,,1,5,1,1,1,12,47,0,77687,3,0,4
463.6445188362017,,1,4,0,3,0,12,37,0,99041,1,0,4
204.75445828106777,,1,0,0,1,1,6,20,0,82461,4,0,4
,,1,5,0,0,0,2,65,0,58765,5,0,4
642.3246795380978,49.98070237555816,1,3,2,0,1,15,21,1,27537,5,0,4
6.726547198998345,171.21121008485918,1,5,1,2,1,2,44,1,88454,1,0,4
,47.406945040786,1,4,1,3,1,21,56,1,83304,4,1,4
46.80753205802379,,1,1,1,3,1,1,29,1,39292,2,0,4
369.2583700397276,193.12408424328913,1,1,1,3,1,21,26,0,58304,1,1,4
,2.199012522514243,1,4,2,3,1,6,42,1,111676,2,0,4
101.6317981473478,51.54906847443308,1,2,1,3,0,16,34,0,79939,6,0,4
91.94864641644308,74.24202803063298,1,1,0,2,1,12,43,1,82422,4,0,4
821.540819523939,29.093542093206203,0,0,1,2,1,2,24,1,87134,3,0,4
269.2790497749369,,1,4,0,0,0,7,49,0,46578,4,0,4
35.74458160763061,6.531734755248086,1,5,2,2,1,22,18,1,30289,3,0,4
618.9115661321259,26.4225899077162,1,1,2,3,0,24,43,0,64023,4,0,4
,,1,0,0,2,0,8,38,0,69812,3,0,4
414.31047123109687,,1,1,2,2,0,7,46,1,104583,1,1,4
186.73482481163165,187.13704912837255,1,2,1,3,1,13,58,1,75701,2,0,4
855.2132831676217,,1,1,0,1,1,21,28,1,83346,6,0,4
603.2576418531193,113.91965039020594,1,2,1,1,1,22,24,1,66078,5,0,4
702.2820101108077,16.013446745560266,1,0,1,0,1,7,68,0,111859,2,0,4
,187.2269439942727,1,0,1,3,0,19,65,1,96695,3,0,4
,177.75144104263666,1,3,2,2,0,12,51,0,77181,1,0,4
,182.62487763824535,1,5,1,1,0,16,43,0,33356,2,0,4
130.9896346405631,12.987894153748169,1,3,2,1,0,7,56,0,52110,2,0,4
,48.9200675369968,1,0,0,3,0,3,52,0,36463,1,0,4
362.1512328974118,165.60104565030284,0,4,1,1,1,16,28,1,38064,1,0,4
332.7993337880032,64.2858555166546,0,4,0,2,1,2,26,1,78289,1,0,4
,171.57773433741082,1,3,2,2,0,15,54,1,36912,4,1,4
264.731311380314,81.28306078015581,1,2,1,3,1,9,63,0,100466,3,1,4
954.0967004189448,85.06810426408653,0,1,0,2,0,9,25,0,89994,8,0,4
,,1,3,0,3,1,16,41,0,66055,1,0,4
504.9894117060345,,1,2,2,2,0,5,55,1,37646,1,0,4
570.7919404355781,72.3009544306292,1,0,0,2,1,12,62,0,41135,4,0,4
464.4522218690888,81.8712737015574,0,0,1,1,1,6,53,0,73151,2,0,4
118.29577400811807,108.05112846382164,1,4,1,3,1,7,58,0,91415,3,0,4
682.6203338536408,135.11263400697112,1,4,0,2,1,17,67,0,61152,3,0,4
90.67456134784412,,1,4,2,3,1,12,51,1,77398,4,0,4
226.46613882359944,,1,1,0,3,0,24,41,0,48479,3,0,4
,38.96817640036039,1,0,0,0,0,2,34,1,95407,1,0,4
781.6193018727002,101.38382595547527,1,2,2,2,0,8,30,1,77947,9,0,4
732.1969996881343,120.89967321833592,1,2,2,0,1,16,69,1,88188,1,1,4
910.2965215768412,164.48351016792736,0,2,0,2,0,7,19,1,64859,5,0,4
,55.12507261184205,1,1,0,2,1,20,57,0,112368,5,0,4
500.1747329746261,79.90685395592865,1,1,2,2,0,4,43,0,64023,2,0,4
,,0,0,1,0,1,20,65,1,45668,4,0,4
299.30443884320914,97.98379777622048,1,3,1,3,0,20,28,0,59503,6,1,4
340.52412830460287,162.7595734226943,0,4,2,0,1,21,54,1,68451,4,0,4
808.109373521475,10.456158888831313,0,5,1,2,0,24,54,0,66239,4,0,4
650.1107621574834,70.71269263691595,0,1,2,2,1,1,48,1,98618,5,0,4
926.3466837392882,143.6371423013143,1,1,0,3,0,6,50,0,80518,4,0,4
,182.83135090498968,1,4,2,2,0,14,32,0,67073,4,1,4
,34.96126650231686,1,1,0,1,1,11,55,1,70642,4,0,4
753.3505362529246,143.32119499316647,1,1,2,1,1,2,31,1,93113,1,0,4
341.30130052085815,,1,1,0,0,1,6,25,1,71740,1,0,4
240.37281171054255,9.985712422085658,1,1,1,0,1,18,61,1,103019,2,0,4
7.784180411939179,23.82157367729438,0,1,0,3,0,18,60,1,73311,3,0,4
229.4040682828932,107.7174434878846,1,4,2,1,0,5,25,1,87075,3,0,4
,84.4007997757208,0,2,0,1,0,4,25,0,76951,4,0,4
745.5414340804092,63.62574966356258,1,0,1,3,1,23,57,1,67028,1,0,4
468.7274796562785,81.39470178269579,1,5,0,1,1,9,19,1,58355,3,0,4
279.5594656543805,,1,4,0,1,0,11,50,1,100846,5,0,4
205.12404524076663,189.1254736510262,1,1,2,2,0,15,65,1,100707,5,0,4
,15.28789325208322,1,1,2,1,1,1,43,1,64662,2,0,4
24.666797073638502,133.9166449043856,1,3,2,3,0,14,53,1,36488,4,0,4
266.3624218688433,,1,2,1,3,1,4,54,1,67082,4,0,4
904.4155662092955,193.209207126234,1,0,2,2,0,20,52,0,45585,5,0,4
242.77885055201585,124.11987986141877,1,2,2,1,1,2,58,1,47545,2,0,4
72.21356465546003,101.04876517535092,1,2,0,0,1,13,48,0,103612,5,0,4
64.65661404767076,147.91842010979514,1,4,1,2,1,22,69,1,119357,5,0,4
490.8902002557825,144.85777339842448,1,3,0,2,1,1,69,0,64218,5,0,4
941.6160649401902,111.92193865961826,1,3,2,0,0,1,63,0,89607,1,0,4
894.4399705025107,13.776765239430013,1,2,2,3,0,2,49,0,86028,1,0,4
535.0598286804752,11.465913330044453,1,1,2,2,0,11,52,1,115193,2,0,4
,123.01692506057896,1,0,0,1,1,4,64,1,118692,4,0,4
614.8050060990965,49.688930668416134,1,1,1,1,1,8,26,1,59283,1,0,4
,103.30356548710428,0,2,0,1,0,20,66,1,42775,4,0,4
859.8475335137272,94.50928663216575,1,1,0,3,0,8,59,0,71848,3,0,4
,160.88918618625578,1,5,2,0,1,7,52,1,74706,3,0,4
214.9995428226279,156.13665473835837,1,3,2,3,1,19,57,0,86413,2,0,4
,156.5672167804866,1,0,0,2,1,5,20,0,76688,4,0,4
261.8893976929083,160.9813284334133,1,5,1,0,0,6,40,1,58855,4,0,4
861.3737630568714,91.26952122014828,1,1,0,1,1,10,63,0,84984,1,0,4
,,1,0,2,1,0,5,22,0,63265,4,0,4
545.0870832215359,,0,4,1,2,1,14,33,1,38205,2,0,4
,59.95709695710227,1,2,0,3,1,7,21,0,57839,5,0,4
259.8372514812203,,0,3,2,3,1,7,55,1,96057,2,0,4
837.80798347143,195.52381965247284,1,1,2,2,1,2,51,0,43629,5,0,4
402.9620476894474,194.4297236679031,1,2,2,0,1,24,35,1,50373,5,0,4
152.14404098436617,137.56503321933243,1,1,2,1,1,2,42,1,84189,2,0,4
593.1460770544429,198.63401876393817,1,4,0,1,0,2,62,1,95017,2,0,4
116.23714174198784,122.0654477338985,1,3,0,0,1,5,67,1,111237,1,0,4
355.791237980701,115.64053917610808,1,0,0,0,1,8,60,1,73777,4,1,4
635.4933666128886,44.39828011981328,1,2,1,3,1,5,25,0,37650,4,0,4
751.2154460975311,26.391647172022004,0,5,1,0,1,9,32,1,39218,3,0,4
,142.279012706154,0,0,1,1,0,9,49,1,95909,1,0,4
470.8986554748924,82.94728079471658,0,4,2,0,0,13,33,1,80726,3,0,4
234.4804038303909,61.87129779899807,1,0,1,1,0,8,26,0,103287,4,0,4
161.92797910132572,146.5185454803397,0,5,1,3,0,12,41,1,75039,5,0,4
630.0511079284264,,1,0,2,3,1,22,49,0,46539,3,0,4
50.714030218258266,56.36162521294288,1,0,1,2,0,23,33,1,68437,3,0,4
581.8701531213255,,0,2,1,0,0,4,51,1,65751,2,0,4
48.544509441155846,,0,1,2,1,1,6,27,1,43795,3,0,4
,49.65984827027381,1,0,1,3,0,15,40,1,51030,3,0,4
380.4687186904331,168.15183733087412,1,2,2,1,0,12,33,0,31327,5,0,4
904.738821463571,122.405554753519,1,5,0,0,0,4,64,0,69738,2,0,4
256.2121371665421,,0,4,0,1,1,14,61,1,50011,5,0,4
,176.00465230183588,0,5,2,2,0,10,21,1,97104,2,0,4
324.8882608034177,,1,4,2,1,1,8,64,0,73469,4,0,4
897.0521506343046,39.8994996952444,1,0,0,0,0,9,41,0,60829,4,0,4
481.27492208320353,,1,4,2,1,0,1,20,1,75203,3,0,4
544.025260974608,167.02184323631326,1,1,2,0,0,17,31,1,67374,4,0,4
858.4537122808451,35.63099932673517,0,3,1,1,1,16,63,1,115544,5,0,4
461.91616361743246,189.3457856792456,1,4,0,0,1,4,45,0,67861,5,0,4
703.4450269339525,190.9008404617495,1,4,1,3,0,8,58,1,93493,5,0,4
216.31758493930596,,1,3,2,2,0,16,19,0,32911,5,0,4
274.34768182807744,149.5927125283001,0,2,0,3,1,17,57,0,84529,1,0,4
941.7798456300887,150.36234483800666,1,4,2,0,0,8,20,0,46093,2,0,4
906.1504933544442,15.219446080855723,1,5,2,3,0,24,47,0,35487,4,0,4
633.5936490282751,154.6200700400027,1,4,2,3,1,6,22,0,101490,2,0,4
919.2410572819166,43.49418231284221,1,3,1,3,0,15,32,0,43887,4,0,4
,163.2175443881286,1,0,1,3,0,20,20,0,32227,1,0,4
676.6704705520418,51.91068805360604,1,3,1,3,1,8,67,0,78962,1,1,4
91.33841503009998,46.00740420920524,1,1,0,0,0,15,43,1,69078,3,0,4
984.4356517453384,,0,4,2,0,0,13,63,0,39204,1,0,4
287.18093864950936,144.43765073997514,1,2,1,0,0,11,40,0,100277,2,0,4
67.55225311154823,,1,2,1,3,0,4,32,1,92874,2,1,4
593.8608916194258,,1,0,2,0,0,9,33,0,30810,2,0,4
746.990694260082,170.55874161940926,0,3,0,3,0,14,26,1,29784,5,0,4
987.6342902740472,113.61287316835144,1,2,1,0,0,1,65,1,40296,3,0,4
304.31154186613776,,1,2,1,3,0,13,23,1,56246,5,0,4
,,1,2,1,3,1,14,28,0,102958,8,0,4
418.151591041558,16.648537995533786,1,5,1,3,1,12,30,1,101298,4,0,4
347.7442799096447,123.67381882864876,1,4,1,3,0,1,22,0,92192,5,0,4
758.0648439510757,105.13510354118824,1,2,2,0,1,4,58,0,108874,4,0,4
564.8711341746421,98.61223421528962,1,0,1,1,0,11,41,0,55836,5,1,4
625.5776821384729,,1,2,2,3,1,12,50,1,65702,2,0,4
211.2258573156416,51.084621682281586,1,0,0,1,1,9,31,1,47229,4,0,4
,160.9257517677312,0,5,2,0,0,1,62,0,41850,4,0,4
170.0427392745889,81.88017473702492,1,2,0,2,0,23,62,1,40378,2,0,4
887.8096703900255,119.87396587392456,0,1,2,1,1,11,18,0,73279,5,0,4
155.47736216118523,10.170499142590115,1,1,0,1,0,2,46,0,83563,2,0,4
823.0340097416567,51.07914626809631,1,1,1,1,0,21,24,0,89931,2,0,4
354.52462585189556,192.93589927945388,0,5,1,1,0,4,32,0,52450,1,1,4
698.9581795079977,158.66924763384023,1,1,0,2,1,7,39,0,55726,5,0,4
707.2227014552118,109.76406514312362,1,3,0,2,0,21,18,1,51274,3,0,4
591.6843788693628,,1,0,1,2,1,11,34,0,30637,4,0,4
128.48490712042005,3.6078618249560046,0,3,2,2,0,5,34,1,79363,3,0,4
842.005475034999,,1,5,1,2,0,16,31,1,102933,5,0,4
349.09246850083196,189.66294635371017,1,3,1,2,1,8,35,0,69478,2,0,4
438.78019956049417,78.85473469674437,0,2,2,2,0,24,58,1,42634,2,0,4
,94.42203022913117,1,0,2,1,0,6,41,1,84321,2,0,4
,,1,3,2,3,1,2,34,0,75821,2,1,4
,22.7859515160465,0,4,1,2,1,21,37,1,72848,4,0,4
108.65451480901156,65.6688313572273,1,4,2,0,0,3,38,0,60301,5,0,4
829.6625340823654,77.05331760438663,1,1,2,1,0,23,59,1,68210,2,0,4
,10.849861183535149,1,2,2,3,1,20,69,1,103429,3,0,4
510.2572759550785,98.44423578251929,1,2,0,1,0,20,55,0,99766,3,0,4
680.4271605411986,141.89009411632327,1,1,1,0,1,21,19,0,82161,5,0,4
711.2208549578736,189.50074924482269,0,2,2,0,0,20,68,1,86612,3,0,4
,139.85245864911892,1,3,1,2,1,9,28,1,38578,5,0,4
280.61099603981256,72.32549631051862,1,2,0,0,1,10,62,1,53843,3,0,4
917.3429982068088,,1,0,2,2,1,21,59,0,38248,2,0,4
186.3736727736357,,1,2,0,0,0,9,59,1,75038,1,0,4
,144.64132494320123,1,5,2,0,1,5,42,1,78547,1,1,4
736.4699290196982,131.37818366252907,1,3,0,2,1,22,43,1,100226,1,0,4
,,1,2,0,2,1,15,56,0,112304,5,0,4
804.1615256746313,177.70020269092635,1,5,0,0,1,10,52,0,90102,4,0,4
43.06729217533112,,1,2,1,0,0,4,21,1,75131,3,0,4
565.2862693988288,,1,3,2,0,1,24,40,1,101020,5,0,4
956.3732251894075,184.4039608915048,1,1,0,3,1,9,50,0,103711,3,1,4
423.6183917643145,101.55641639935556,1,3,2,2,0,12,62,0,115277,5,0,4
,100.05379496611182,1,0,0,2,1,23,69,1,67325,1,0,4
934.2986041412322,53.24792610369418,0,4,1,2,1,8,48,1,49636,1,0,4
13.361604496604064,113.14356458804768,1,2,1,0,1,15,26,0,42084,4,0,4
36.66699775703397,11.250789536768746,1,4,0,1,1,8,48,0,82571,4,0,4
988.178367136451,196.79940039626587,1,3,0,3,1,6,56,1,40114,2,0,4
74.51932993202837,,1,5,0,3,1,11,26,0,35948,5,1,4
,168.49224980464302,1,5,0,3,1,7,42,1,69477,2,0,4
194.76588376139017,176.35077873878765,0,2,0,0,1,13,38,1,50452,4,0,4
709.3923994320066,188.9956808658515,0,2,1,2,0,12,27,0,95230,1,0,4
476.8662012146737,59.35220331846003,1,5,1,1,1,16,34,1,93800,2,0,4
188.4506080567735,145.14964150198804,1,4,0,2,0,22,68,1,51124,3,1,4
915.3204366407532,1.8802190631246771,1,5,1,1,1,11,60,0,58650,3,0,4
855.2471529561676,111.5787375316964,1,0,1,1,0,3,35,1,40926,4,0,4
100.29892447239295,,1,2,2,2,1,16,41,0,99691,3,0,4
200.1194321940885,11.514894509542884,0,4,0,2,1,6,55,1,75599,3,0,4
,63.99459719407066,1,3,2,3,0,24,29,1,60355,4,0,4
442.9736144436559,81.78790551380814,1,4,1,2,1,21,28,1,75180,5,0,4
150.1390644635429,154.8247139658387,1,4,1,1,1,22,24,0,50601,2,0,4
,86.79438711959016,1,5,0,0,1,22,31,0,100334,5,0,4
,138.08028779637337,1,1,2,0,1,24,53,1,109040,4,0,4
462.11333222478135,10.226157735255123,1,4,0,1,1,22,36,0,49635,1,0,4
868.4920175855589,194.77449119434235,1,0,2,1,0,17,63,1,75087,1,0,4
,22.289265431807625,1,4,2,0,0,3,49,1,112241,5,0,4
916.1276293798236,,1,1,0,0,1,17,24,0,98170,5,0,4
,100.6182432290094,0,1,1,0,1,15,44,1,72949,1,0,4
665.0127192749997,199.96851330844643,0,1,1,0,1,5,54,0,86691,1,0,4
35.99135860338099,13.523967415950322,1,1,0,2,0,9,40,0,59892,5,1,4
,,1,2,0,3,0,12,61,1,71112,3,0,4
176.14637361042017,126.92635290246665,1,4,0,3,1,3,52,0,81902,1,0,4
,171.54969285065454,1,4,2,0,1,21,65,0,89171,9,0,4
,,1,6,0,3,0,10,55,0,64831,1,0,4
,41.28222500219263,1,2,2,0,1,16,42,1,67121,1,0,4
,67.23599285436437,1,4,2,2,0,6,22,0,68077,3,0,4
915.3675762618903,,1,2,2,3,1,18,34,1,51864,3,0,4
813.3638725029598,143.46911838767625,1,0,2,3,1,16,41,1,80660,1,0,4
,22.722525148864303,1,4,0,2,1,14,64,1,107399,3,1,4
,145.84201915485443,1,0,2,3,0,6,42,1,83477,5,0,4
990.2504271701284,163.6795105850908,1,2,2,0,0,8,30,1,75939,3,1,4
,,1,4,0,0,0,14,54,0,110859,2,0,4
,40.70880496733218,1,1,2,0,0,13,49,1,114276,2,0,4
348.02888948753343,21.9735253168716,1,4,0,1,0,13,23,1,49385,5,0,4
622.8251070074317,165.15178946359663,1,1,1,1,1,4,60,1,112837,3,0,4
180.3926472070272,,1,4,1,2,1,20,37,0,70954,4,0,4
559.3547212734081,78.51883949286673,1,2,1,2,0,14,40,1,65102,1,0,4
945.0989659741688,97.1820618708864,0,1,2,2,0,21,27,1,76265,2,0,4
471.6090933556316,194.1716920370346,1,4,0,3,0,21,26,0,58773,5,0,4
445.3985591948611,137.70247080494548,1,2,2,0,1,8,52,0,99112,4,0,4
293.12535171240916,56.160090915102366,1,1,1,1,0,24,51,1,55756,5,0,4
953.0054811214254,125.6832577069186,1,0,2,2,0,6,42,1,88532,5,0,4
814.3654321606036,74.18943559764281,1,1,0,1,0,2,34,0,54074,5,0,4
959.0019668593688,32.88194525494752,0,4,0,3,0,6,42,1,111939,5,0,4
689.8196560384753,183.93421083633177,1,2,1,3,0,4,53,1,83582,4,1,4
238.1017396535422,144.6233286107361,1,1,0,0,1,12,29,0,89351,1,0,4
804.0398931524954,,1,2,2,2,0,19,69,0,91961,5,0,4
897.3146787385737,,1,1,2,0,1,4,68,0,75713,4,0,4
350.1454406936862,184.87385500605112,1,1,1,2,0,9,18,1,76761,2,0,4
,,1,5,0,0,0,9,43,0,68867,3,0,4
608.2270909983826,147.52278141218622,1,2,0,1,0,12,39,1,55222,5,0,4
54.05025438256561,,1,0,1,1,1,9,55,1,62207,4,0,4
,143.1455028295716,1,5,2,3,1,16,61,1,67844,3,0,4
,126.4489888148538,1,5,1,3,0,13,29,0,107219,2,0,4
508.2142777806806,92.67247714084068,1,2,2,0,0,1,59,1,111692,5,0,4
376.471251799014,28.121880949498347,1,0,0,3,0,9,69,0,92125,5,0,4
605.9499125848548,,1,0,1,3,1,17,52,0,113334,1,0,4
93.61312841394054,39.31828559861626,1,4,2,2,1,12,62,0,45640,2,0,4
,25.360176226201705,1,1,0,0,0,18,46,0,84771,5,0,4
508.4122321425736,133.17521812457218,1,0,2,0,0,7,30,0,72055,1,0,4
64.66424166072548,9.202165257653029,1,2,2,3,0,16,19,1,72995,5,0,4
756.788275526581,13.508974936245831,1,3,2,0,1,16,39,0,46645,3,0,4
843.0277255637815,12.46630018921997,1,2,2,3,1,19,22,1,43812,3,0,4
793.0325939260401,20.835259968533993,1,2,2,3,1,5,19,1,96120,6,0,4
230.07736683654943,36.41295942103131,1,5,2,3,1,17,20,0,47576,1,0,4
332.40042156301064,,1,2,0,0,1,13,46,0,39026,3,0,4
604.8848735290711,156.54237765761906,1,1,1,2,0,22,34,0,76354,4,0,4
701.1409193871481,122.52060285635436,1,0,1,3,1,23,30,0,69659,4,0,4
583.9894372525081,14.24802954410531,1,3,1,1,0,7,40,1,61746,5,0,4
720.0255440979671,4.943283669982312,1,2,0,2,1,9,19,1,67993,4,0,4
603.328307687387,,1,5,1,3,0,18,42,0,104447,4,0,4
381.34259794159686,173.69412226277095,0,0,0,2,0,18,47,1,94967,2,0,4
448.0141688726659,117.21285933367272,1,5,1,0,0,21,24,0,80070,3,0,4
645.4685574820639,65.57149511463271,1,2,0,2,0,6,34,0,60694,3,0,4
284.4695649805633,,0,1,2,1,1,7,22,1,85452,1,0,4
136.6591885660837,74.94517605811113,0,4,0,2,1,21,55,0,47540,1,0,4
853.2231481471953,84.84794867263805,1,2,0,0,1,18,42,0,112078,3,0,4
993.6897699186604,33.29669290833144,0,4,0,3,0,16,19,0,64386,2,0,4
921.2602091379732,143.02296001442193,0,5,0,3,0,20,28,1,33455,7,0,4
134.63519450773265,44.05180215646283,0,1,1,3,1,6,65,1,86287,5,0,4
43.68835042179686,21.182340440105985,0,5,2,3,1,3,20,1,71845,5,0,4
,183.39690055183203,1,0,2,3,0,18,30,1,68990,2,0,4
,46.98039176826505,0,1,0,3,1,6,61,0,54149,2,0,4
623.8543958744077,28.396148219705132,0,1,2,2,0,24,37,0,47021,5,0,4
,177.66473364105906,1,4,1,0,1,20,58,1,38882,1,0,4
810.90260010184,4.3127397833921055,1,2,1,2,0,7,41,1,99007,5,0,4
72.60382037326107,24.161077678168,1,2,2,3,0,16,19,0,66474,4,0,4
451.2596707843563,6.381216198532336,1,0,1,3,0,15,44,0,113032,3,1,4
644.1110883010525,,0,4,0,1,0,1,43,0,43701,4,0,4
,175.72804547727577,1,1,2,0,1,24,52,0,78081,5,1,4
297.65104286789347,125.3326122354971,1,2,1,0,0,18,24,1,58979,4,0,4
146.64316561782587,,0,3,2,1,1,8,41,0,49466,2,0,4
737.3189495455382,45.55041556851285,1,2,0,3,1,22,62,0,48153,1,0,4
352.7661669036453,38.148206021998845,1,2,1,3,0,23,62,0,112126,2,0,4
582.8171375255863,68.34973040331363,1,2,0,3,1,1,32,1,108365,1,0,4
,194.4330195763575,1,3,2,1,1,18,32,0,38996,1,1,4
879.6355723903577,198.0394762027419,1,4,1,3,0,24,61,0,40293,5,0,4
,93.57261488906876,1,0,0,2,0,15,41,0,73754,5,0,4
260.8637560958362,55.44362546467807,1,2,1,0,1,9,60,0,101778,4,0,4
69.51622217714248,,1,4,2,0,1,12,18,0,41600,4,0,4
853.0477309788838,66.18851947178344,1,1,1,0,1,12,34,0,75129,5,0,4
508.6589218956148,74.54484240481989,1,0,2,2,1,13,66,0,44777,2,0,4
918.0310160374172,7.783536817910042,0,4,0,2,0,19,40,1,58290,3,1,4
192.89585058712055,75.92606087414173,0,0,0,2,0,20,53,0,81504,5,0,4
,22.475835477980844,1,5,1,2,1,19,61,0,73617,4,0,4
171.54371173398786,105.04200751120318,0,3,2,2,1,1,66,0,89788,4,1,4
739.4539841118919,129.51885505224104,0,4,2,0,0,10,36,0,74385,4,1,4
,158.74030949529933,1,4,1,2,0,15,38,0,69628,3,0,4
,,0,1,2,3,0,16,68,1,118248,2,1,4
332.7267712654266,106.1316747625474,1,0,2,2,1,18,47,1,43038,1,1,4
115.00443546732352,31.93981345911274,1,0,0,2,0,2,56,0,85506,1,0,4
774.2046418812453,69.98033095959562,1,2,1,3,1,4,32,0,75212,4,0,4
274.23248997534876,,1,3,2,2,0,19,48,1,62850,2,0,4
876.5482236852449,97.50762203276192,1,3,2,2,1,12,26,1,83517,4,0,4
411.3837411724912,,1,4,1,3,1,4,61,1,94205,2,0,4
67.06142211353982,145.9347025421167,1,3,2,0,0,3,35,0,48196,3,0,4
71.99797484299508,95.82101238132572,0,3,2,0,0,22,38,0,65915,3,0,4
840.0499560389518,,1,2,2,2,1,6,45,0,94273,1,0,4
479.8061593262291,,1,4,1,0,0,9,66,1,118154,4,0,4
397.622076557679,163.88700929709856,1,0,0,3,0,20,68,1,49230,1,0,4
572.4466934028507,62.11983373167895,1,4,1,1,0,19,67,1,71638,3,0,4
52.46873883084879,145.6382827526955,0,0,0,1,0,9,18,0,62388,1,0,4
809.5865118053548,70.88910298037969,1,0,1,0,1,3,31,0,42166,2,0,4
444.9382992355016,124.22591544476364,1,1,2,0,1,2,18,1,90979,1,0,4
634.9783482511234,,1,1,1,1,1,19,24,1,34670,1,0,4
672.4299184619274,62.70869923108333,1,3,2,0,1,10,34,0,98903,5,0,4
711.0034066986071,117.88000503093592,1,3,1,3,0,4,27,0,105067,5,0,4
413.2204498918275,106.55025780416692,1,1,0,3,0,12,65,1,113882,1,0,4
,119.41849147454576,1,5,2,3,1,11,64,1,99092,3,1,4
,46.29828968319376,1,3,2,0,0,6,30,0,47629,2,0,4
847.4606806360969,,1,1,0,2,1,4,35,0,30988,3,0,4
426.90899918922145,51.84072769221311,1,5,2,2,0,6,21,1,58916,2,0,4
766.031443274817,,1,0,1,0,1,1,47,1,61060,2,0,4
820.2565740508004,142.96230464044476,1,4,0,3,0,18,35,1,86286,2,0,4
37.43110617708423,157.5377893953257,1,4,0,1,1,10,33,1,96989,4,0,4
84.59561370524516,14.44696635148157,1,0,0,1,1,7,66,1,110625,4,1,4
377.17553093099343,52.4981255672228,1,5,0,1,1,4,55,1,101664,3,0,4
,2.76608649273431,1,4,2,3,0,16,25,1,65282,2,0,4
442.3254752450697,10.216269054774042,1,1,2,2,0,14,62,1,101479,4,0,4
329.36923457912457,104.3226756709951,1,1,0,1,0,18,27,0,66038,5,0,4
1.0065398815481963,145.30420696088558,0,1,2,1,1,3,29,0,54071,3,0,4
226.98607308393116,141.40570172037835,0,1,2,2,0,20,52,0,76459,2,0,4
330.84184345164044,141.52140771650147,1,1,2,1,1,13,44,1,48934,3,1,4
513.3316106143122,96.56189806421912,1,4,2,3,1,14,20,0,67679,2,0,4
993.5077080007488,53.104224899743734,1,2,2,0,1,22,44,0,83010,5,0,4
677.2892748420713,145.06695721705034,1,3,1,0,1,21,67,1,99734,3,0,4
754.8798697306528,48.25501485915975,1,5,2,1,1,21,20,1,34799,3,0,4
673.5840912242953,41.71488850793605,0,5,2,3,1,10,50,0,104440,1,1,4
280.2027476945854,132.05527752044387,1,2,2,3,0,22,34,1,46085,3,0,4
,121.19252651736072,1,0,0,2,0,1,48,1,101349,4,0,4
825.2640459115797,171.3098094901912,0,4,0,1,0,7,68,0,99629,4,0,4
258.4893515616232,,1,0,2,1,0,15,49,1,95136,3,0,4
378.7836071450971,24.388318834187885,1,5,2,3,0,24,34,1,58802,1,0,4
508.2715696311069,,1,2,1,3,0,22,27,1,39051,5,0,4
838.5552299755481,,1,2,0,0,1,19,32,0,34322,3,1,4
852.3012434452156,144.6182040742024,0,3,1,3,0,16,62,1,95440,3,0,4
184.28856134230864,57.57968020403388,1,0,0,2,1,18,23,1,84685,6,1,4
196.8609852264349,34.7582446829672,1,4,2,1,0,21,25,1,77468,4,0,4
43.76919770172272,,0,2,1,2,1,17,47,0,66834,1,0,4
478.4119936405119,10.846740607047266,1,4,2,1,1,13,29,1,91254,4,0,4
152.59990912978571,130.88038291133014,0,3,2,0,1,1,48,1,95790,4,0,4
,175.55914503765018,1,0,1,0,0,9,59,1,41980,1,0,4
378.8276034059661,184.4120732044405,1,4,1,1,1,14,46,0,70646,1,0,4
188.01200136747457,102.59100939506884,1,1,2,2,1,24,59,0,39602,2,0,4
23.74472253728821,1.0928136414015688,1,0,2,1,0,16,53,0,104912,3,0,4
156.65250757540173,38.52697543734707,1,5,1,2,0,18,34,1,62362,5,0,4
336.1621891894754,147.5025318264398,0,5,2,0,1,21,32,1,30855,7,0,4
646.7005693197149,106.63106184441769,1,3,0,0,0,23,27,1,75472,3,0,4
,28.237515479372497,1,4,1,2,0,8,24,0,79247,5,0,4
324.820321806226,,1,4,0,2,1,15,25,1,56650,1,0,4
533.0929667316547,163.9042876592391,1,1,1,3,0,20,67,0,118207,3,1,4
238.87636613298412,138.50855553260163,1,3,2,0,1,19,33,1,106225,1,0,4
206.20866385504337,188.20960680434783,1,0,1,1,0,7,60,1,57018,5,0,4
,123.44160733441694,1,5,1,1,0,22,19,0,78352,3,0,4
362.5321252518228,99.10466276900372,1,4,2,0,1,9,56,1,57526,2,0,4
617.2270886396877,90.70426816344607,1,1,2,2,1,10,60,0,108111,4,0,4
676.5649052392656,,0,3,1,0,1,11,45,1,77706,5,1,4
479.64975736390426,28.69072748026793,1,5,1,1,0,19,68,0,64099,2,0,4
825.557854021517,76.00159572772915,1,5,0,1,0,17,29,1,62120,2,0,4
618.4683138754207,,0,4,1,0,0,2,67,0,56933,1,0,4
365.6963993054161,8.30231449169332,1,2,2,2,0,6,33,0,55240,5,0,4
91.6627593983581,31.028196144083743,1,4,1,1,0,4,62,1,54669,5,0,4
32.26753063794363,138.51085177875618,1,0,1,3,0,5,54,1,80437,3,0,4
813.113053515956,18.758454234780864,1,3,0,1,1,24,26,0,40054,1,1,4
200.74364247248576,,1,2,1,0,0,24,60,1,68112,2,0,4
282.9908400314909,192.24345188047536,1,1,2,3,1,9,33,1,94968,4,0,4
798.1005988094357,,0,1,1,0,1,19,24,0,30449,2,0,4
336.52636351827425,46.825549216035526,1,6,1,3,1,16,23,0,103579,2,0,4
741.5378955612331,51.049969616076595,1,0,1,3,1,20,67,0,103229,4,0,4
,8.356737609248599,1,3,1,3,0,7,51,0,98554,1,0,4
,165.27019194534452,1,3,2,0,1,24,56,1,100171,4,0,4
,47.6000510893879,1,2,0,3,1,8,40,1,107246,3,0,4
845.3327271786935,122.78250627093026,1,2,1,0,0,14,63,1,97636,2,0,4
,,1,3,2,2,1,5,63,0,93464,5,0,4
113.34409259886591,117.07493862364184,1,1,0,2,0,15,33,1,64139,4,0,4
74.95895714634115,,1,4,1,0,0,7,27,1,60463,2,0,4
693.6065461124799,1.9220980750110472,1,0,1,2,1,18,54,0,73613,5,1,4
794.6860444460199,121.19304283307454,1,1,0,2,1,9,43,1,37816,4,0,4
545.9321349427967,156.15319842574215,1,0,0,0,1,19,22,1,44052,1,0,4
126.70698716938932,80.98242877169322,1,3,1,3,1,9,57,1,37677,6,0,4
80.51935894157857,59.3636415174118,1,2,2,3,0,20,20,0,97268,4,0,4
498.6293240831884,,1,0,1,3,0,4,18,1,28523,4,0,4
692.8863780404228,,1,2,1,0,0,13,55,1,115216,5,0,4
178.23336163846392,194.31090454450393,0,0,1,0,1,14,68,1,115396,2,0,4
,,1,4,0,0,0,24,25,1,29728,1,0,4
746.4549642201049,61.61914554163606,1,2,1,3,1,18,33,0,33762,5,0,4
,53.75109618204381,1,5,0,3,0,16,31,1,71030,1,0,4
87.11805220797298,,1,0,0,1,1,2,59,0,108884,3,0,4
51.88735778361675,186.4939757543079,0,5,2,0,0,14,20,1,66140,6,0,4
829.1266242585319,131.89294793151834,1,5,0,3,0,10,31,1,52885,4,0,4
311.1201043589518,170.00669769038248,1,5,0,2,0,7,54,0,69148,3,1,4
633.5733202752174,,0,0,2,2,0,9,18,0,40889,2,0,4
357.1138630143539,48.83817452666976,1,1,2,2,0,3,62,0,55794,6,0,4
5.283032076591088,,1,3,0,3,1,18,65,0,105659,1,1,4
21.197887645822977,183.42265612155217,1,2,1,2,0,1,40,0,67442,3,1,4
882.6711331835692,104.23157516527812,1,4,2,2,0,12,52,0,42986,2,0,4
367.1126366626537,157.20877822873027,1,3,0,1,0,15,60,0,65491,1,0,4
810.494238748284,132.53408322508758,1,3,1,2,1,13,25,0,81468,4,0,4
561.7507294599022,177.081562852587,1,2,0,0,0,6,25,1,101156,2,0,4
266.50949719651965,,0,0,0,2,0,19,69,1,43989,4,0,4
144.8448425541583,16.853930515347027,1,2,1,0,1,12,46,1,84572,3,0,4
,16.57613941971212,1,2,2,2,0,5,25,0,67595,3,0,4
355.5100533149548,24.929562321945163,0,0,0,3,1,17,19,0,80146,3,0,4
495.5202820509532,164.67889757641714,1,2,0,1,0,12,56,0,49001,2,1,4
769.7162911097317,89.6712317274792,1,4,0,2,0,8,21,0,81607,5,0,4
,156.40467735595408,1,3,2,1,0,21,59,0,93294,2,1,4
,132.05668858163844,1,3,1,0,1,16,55,1,96640,1,0,4
305.53226885799313,,1,3,0,0,1,11,50,0,67491,2,0,4
,113.36302360854916,1,1,0,2,0,23,46,0,44590,5,0,4
29.873790288516663,97.89570432400905,0,1,0,0,1,11,24,1,63491,5,0,4
919.6164213140428,199.02970644900557,1,5,0,3,0,24,35,0,35995,5,0,4
164.9528497178575,,1,2,0,0,1,14,38,0,59745,1,0,4
121.44772101861234,107.8932378957071,0,3,0,0,1,7,53,0,36740,5,0,4
718.9244339678635,180.6605840889765,1,0,0,1,1,12,32,1,71516,4,0,4
554.7840954221891,8.425902800630848,1,0,1,2,1,12,26,0,53467,1,0,4
643.8329660260817,156.82325587684227,1,4,0,1,1,3,58,1,104976,5,0,4
,65.3288624226233,1,3,2,1,0,11,45,1,101608,1,0,4
871.7282054168172,112.8099925453276,1,2,0,2,1,2,22,0,59344,3,1,4
568.1996844567744,,0,2,2,0,1,3,44,1,82981,1,0,4
489.58483090511675,,1,4,1,0,1,15,59,0,78884,5,0,4
,,1,3,0,1,0,7,69,1,119662,5,0,4
88.14856946594574,75.76739472785793,1,3,0,0,1,13,47,0,99680,2,0,4
568.7351281384076,114.52305520171006,1,4,1,0,0,18,67,1,71755,1,0,4
,,1,1,1,0,0,23,67,1,86528,2,0,4
0.0311960653360809,54.34343124369405,1,1,1,3,1,21,25,0,49909,1,0,4
987.4080789841894,122.5544653792878,0,4,0,2,1,19,55,0,39107,1,0,4
,129.04611162554846,0,5,2,1,1,17,20,1,60788,1,0,4
541.0478664126653,,1,0,2,3,1,4,68,0,112658,2,0,4
310.4464877022217,13.565436233188176,1,3,0,1,0,3,38,0,97667,1,0,4
807.6549636166344,174.28390341832113,1,0,0,0,1,15,36,0,77235,4,0,4
930.109243922662,61.159802305323296,1,0,2,0,0,23,52,1,92704,1,0,4
943.8971915213796,90.84631124238514,0,1,0,2,0,3,23,0,42322,3,0,4
102.7996631351622,191.03537482004035,0,4,2,3,1,8,29,0,87998,3,0,4
131.11581265052706,55.98146848291115,0,4,1,2,1,8,39,1,56007,3,0,4
586.5386839479523,145.68024400734384,0,3,0,1,1,7,38,1,69007,3,0,4
272.98432107788693,16.03367294993785,1,1,2,0,1,20,54,0,45069,1,0,4
528.4911003030502,100.3436018914411,1,1,0,3,0,5,20,1,91865,1,0,4
936.6847856609644,130.42311466025112,1,3,1,0,1,11,30,0,67527,5,0,4
185.1184976736008,150.59524383950094,1,1,1,2,1,18,34,1,80701,2,0,4
,7.547313582133608,1,5,0,0,1,23,49,1,48240,3,0,4
620.8544051840881,81.28244115283793,1,2,0,1,1,4,27,1,76494,3,1,4
135.114006684672,21.92032536370967,1,0,2,0,1,10,62,0,58065,5,0,4
,22.14000957469078,1,5,1,3,1,20,34,1,101999,4,1,4
607.6940214505636,,1,2,0,1,1,9,63,1,81842,1,0,4
,,1,2,0,1,1,12,58,1,84537,5,0,4
840.642083738221,0.7291572619773978,1,0,2,1,1,22,34,0,81035,4,1,4
343.19267010675117,179.07483741023265,0,1,1,3,0,15,44,0,55359,5,0,4
505.91092863604695,141.74067085216095,1,1,2,1,1,2,33,1,96659,2,0,4
34.35955065563378,126.51192684796484,1,2,0,2,1,9,23,1,97353,1,0,4
74.85124733740878,98.49542826550416,1,5,1,1,1,14,26,1,96867,5,0,4
910.9319871010346,191.59233869340864,1,4,1,1,1,14,59,0,65618,3,0,4
580.194044073305,191.529964259744,1,0,1,0,1,21,43,1,97184,1,1,4
,170.3867668200465,1,0,2,1,0,20,51,1,104329,3,0,4
676.3667565629281,188.02838933764392,1,4,0,3,1,21,53,1,42639,1,0,4
510.28299428216906,163.51392189630184,1,4,1,0,0,22,31,1,40437,5,0,4
129.19569782058971,165.75983540699778,1,4,1,3,0,9,64,1,95405,2,0,4
601.4586851696127,11.797829896550828,0,4,0,1,1,6,49,0,40694,2,0,4
,72.88742142005924,1,1,1,1,1,17,41,0,56888,4,0,4
706.1642418653556,27.86218374929861,1,1,0,3,1,2,27,0,37468,1,0,4
,144.6626108522511,1,2,0,2,0,14,21,1,57269,4,1,4
571.3061465062556,173.44760926131713,1,2,0,3,0,15,44,0,35294,3,0,4
713.3577284989639,47.763507279635384,1,1,2,3,0,21,23,0,76623,5,0,4
813.6462263924732,20.02824109279471,1,5,2,2,1,12,59,0,59484,5,0,4
,192.58248391132943,1,1,1,1,0,10,57,0,46572,2,0,4
490.117470887657,70.9072098212487,1,1,1,2,0,20,37,1,86495,3,0,4
,135.4983034214081,1,5,0,2,1,18,31,0,33307,5,0,4
344.2914202878657,21.04052099687246,1,0,2,1,0,10,26,1,101393,5,0,4
731.5869020297238,56.086577708678064,0,1,0,0,1,2,62,1,95479,5,0,4
503.3613302688089,194.974426062206,1,4,2,1,0,12,35,1,73300,1,0,4
548.4838639672065,48.01109553902685,0,4,0,0,1,6,57,1,102771,3,0,4
,34.481607202793874,1,5,1,1,1,8,36,1,102274,3,0,4
168.05913892058632,26.34702043752155,1,5,2,1,1,5,66,1,85386,1,0,4
,,1,5,0,2,1,6,27,1,92593,1,0,4
623.7320080795918,181.2555332513093,1,1,2,3,0,4,44,1,85459,3,0,4
277.85485443622946,95.4288550200721,1,3,2,2,1,19,49,0,112113,5,1,4
102.4112941443357,31.30568870434596,1,1,0,0,1,19,20,1,31617,2,0,4
,44.796577878160605,0,0,0,1,1,24,46,0,106893,3,0,4
,16.952319059178667,1,2,0,0,1,13,40,1,70339,4,0,4
305.1812499634755,,1,1,2,3,1,4,25,1,83363,2,0,4
94.82189948718325,63.63901923651323,1,2,0,2,1,12,24,1,61705,5,1,4
999.0138763421146,43.9861561411329,1,1,0,3,1,6,54,1,107555,2,0,4
,140.72595051341443,0,0,1,0,0,22,56,1,43515,2,0,4
507.5570620738776,72.47637417694841,1,4,2,1,1,18,44,0,91811,2,0,4
,166.34280006112348,1,1,2,0,0,1,46,0,81350,3,0,4
330.8309746406458,,1,0,1,1,1,5,66,1,63695,2,0,4
929.2727035943464,136.79194855095452,1,3,1,3,0,21,60,1,100191,1,0,4
92.20752679904032,145.31408126194066,1,4,2,0,1,17,22,1,45930,4,0,4
16.82718642126668,49.01760680099456,1,0,2,3,0,17,51,0,109852,2,0,4
736.5770618910132,85.2600599090274,1,5,0,0,0,9,65,0,52186,2,0,4
100.304932827584,136.91837762411464,1,5,1,3,0,13,29,1,72605,3,1,4
,,1,0,1,0,0,22,43,0,89074,2,0,4
146.48257141929145,173.19002705907346,1,5,2,2,1,16,35,1,60463,1,0,4
633.66884065561,,0,2,0,2,1,8,41,1,51758,4,0,4
506.4528579988138,155.42253154691213,1,0,1,2,0,7,46,0,96482,1,0,4
975.6124644782228,46.01434495055319,1,3,2,0,1,10,20,0,30609,4,0,4
178.0168116850973,198.27703040040873,1,5,2,2,0,6,50,1,101954,4,0,4
878.143768246098,9.13057409965412,1,3,2,1,1,7,52,1,69214,3,0,4
664.6509068790191,57.7698656018391,1,4,1,3,1,24,42,0,73629,2,0,4
950.1074225357764,3.147000252847354,1,4,1,3,0,12,36,0,97687,3,0,4
771.3955358562312,44.607812563293095,1,0,1,1,0,23,55,1,49745,3,0,4
643.7195873020476,,1,1,1,1,1,17,67,0,113168,4,0,4
684.4900216256757,188.3247563658298,1,1,0,0,1,6,40,1,82923,1,0,4
,120.10307545946124,1,5,0,2,0,14,54,1,98297,1,0,4
921.4415201330644,15.592911112525076,1,2,1,2,1,13,53,0,51224,5,0,4
820.4612182205949,44.1951017061329,1,1,2,0,0,21,53,1,37450,3,0,4
414.68546905397864,74.47694977846288,0,2,2,2,0,5,49,1,51777,1,0,4
768.7291222539658,7.07816171298159,1,3,2,2,1,13,41,1,52970,1,0,4
508.5796628128297,120.47607684147232,1,4,1,1,0,24,47,1,50178,2,0,4
,194.85290889408765,0,4,0,1,0,19,54,0,95270,5,0,4
538.8038530228213,77.10253193910619,1,3,2,1,0,9,69,0,81104,1,0,4
,8.08192242418151,1,3,0,2,0,15,41,1,101705,3,0,4
141.89128242441717,,1,3,0,1,1,9,37,1,95459,1,0,4
472.0945962010404,,1,3,1,2,0,20,19,0,64234,3,0,4
323.49984591343986,57.54243895137989,1,0,1,2,1,1,65,1,62732,2,0,4
832.5672515613647,63.58785396278797,1,0,2,3,0,12,25,1,103520,1,0,4
905.3430162339351,47.068600548712865,1,0,1,0,1,21,69,1,40790,2,0,4
,146.42986183011823,1,4,1,2,0,14,39,0,67387,5,1,4
770.405156263032,148.34996095602182,1,5,1,2,0,17,31,0,77544,1,1,4
947.8578378221018,34.38269756606,1,5,2,3,0,10,42,0,37558,1,1,4
,6.7798349529709645,1,1,0,1,1,3,68,1,93975,4,0,4
473.6871314995628,82.68149547137682,1,2,2,2,1,4,36,0,60308,2,0,4
801.4972060406909,,0,1,2,0,0,1,24,0,92117,3,0,4
125.855418431823,98.92725924873596,1,1,0,0,1,20,27,0,81168,3,0,4
93.22587196943688,146.38265019025755,1,4,1,2,1,24,60,0,73008,1,0,4
,,0,5,2,0,1,9,52,1,70157,1,0,4
563.0042515127031,61.20690849284558,1,3,0,2,0,18,24,1,63269,4,0,4
837.5385020898494,183.81349771647388,1,0,0,3,0,17,36,0,33218,4,1,4
810.0156227653999,153.62823356516836,0,1,2,1,0,22,42,1,93096,5,0,4
696.6338055405461,108.31272232285048,1,5,0,1,1,11,52,1,69048,8,0,4
80.23661954093552,11.944965535526196,1,4,0,1,0,18,60,1,55515,1,0,4
548.0416845849998,20.907177854964367,1,3,1,1,1,21,18,0,97454,5,1,4
73.23758918357204,35.56804930120712,0,3,1,0,1,8,67,1,95522,5,0,4
174.24400583564037,181.78308788837745,1,2,0,3,0,1,57,0,43770,2,0,4
59.22631581555648,153.93691053063154,1,1,1,0,1,11,19,1,49949,4,0,4
623.6573300351893,156.07419699925555,1,4,0,0,0,23,25,0,57572,4,0,4
463.4866485301727,21.022987965979347,1,0,2,1,1,5,34,1,53396,5,0,4
,60.53518893474084,1,4,0,2,1,23,55,1,100738,5,0,4
,193.92853849394376,1,0,0,3,0,21,23,1,58434,2,0,4
227.40200948504307,,1,4,0,2,1,13,33,0,89785,3,0,4
,108.63433849215627,0,4,2,1,0,9,30,1,58602,1,0,4
64.35927210314706,188.11154972072688,1,2,0,0,1,11,55,1,103274,2,0,4
26.22987564162038,141.33784270243066,1,5,2,3,0,6,47,0,54240,4,0,4
267.15254483881324,185.56322377094543,0,4,1,3,1,10,48,0,61870,3,0,4
294.22590532450675,110.50996167486902,1,4,0,2,0,24,54,0,96556,5,0,4
912.1449146643104,27.188882066872356,1,6,2,2,0,21,23,0,95586,4,0,4
19.51514189717407,168.58412663394867,1,4,1,2,0,11,35,0,44372,3,0,4
412.1325225650444,,1,4,0,1,0,11,52,1,101871,4,0,4
,14.595274599832363,1,5,2,3,0,24,38,0,107400,3,0,4
262.82777014547344,88.80770388554791,1,0,0,3,1,11,33,0,71565,3,0,4
844.9974352956377,164.75140635104552,1,3,2,2,0,12,28,0,61888,4,0,4
363.9519948372207,,1,1,2,1,0,3,63,1,73050,3,0,4
17.141662129073644,54.95124411381494,0,4,0,2,0,19,67,0,115891,7,0,4
,91.97999201143163,1,4,1,3,0,24,67,0,114447,4,0,4
582.0487280828243,165.3635408306815,1,2,2,2,0,7,48,0,40689,1,0,4
383.98204918924847,20.019097442730892,0,0,2,2,0,23,20,1,48978,5,0,4
474.94128186797815,127.8022335508596,0,3,2,3,1,20,21,1,52736,1,0,4
707.146707120714,182.9167344034442,0,2,0,0,0,21,33,0,41895,3,0,4
861.6841800726882,,1,0,1,2,1,14,37,1,108477,1,0,4
478.7281266004997,105.66787896047572,1,0,0,1,1,20,50,0,106758,3,0,4
113.02127539748008,197.79443519762955,1,1,1,0,1,9,57,1,76278,5,0,4
41.87393167608688,63.31455100523647,1,2,1,3,1,6,38,1,77980,3,0,4
646.5760166302557,157.53382161510768,1,4,1,3,1,18,62,1,75030,2,0,4
580.8997321815923,4.331006627802814,1,5,2,3,0,5,20,1,43130,1,0,4
543.0135619248339,77.90841683215261,1,1,2,3,1,11,48,1,57087,2,0,4
92.37606322915626,,1,4,1,1,1,9,48,1,48968,5,0,4
,58.993643473401434,1,5,1,0,0,4,26,0,33758,5,0,4
424.9918168000769,141.05052230004134,1,2,1,2,1,24,62,1,51723,1,0,4
545.2383788744114,54.18389532193741,0,4,2,1,1,24,20,1,86412,3,0,4
349.93773384370905,0.3847457157030165,1,3,1,3,1,8,51,0,42584,5,0,4
568.2918627425497,,1,4,0,3,0,22,59,0,113374,2,0,4
579.9876044305554,26.074874647821545,0,1,2,1,0,13,40,1,103582,1,0,4
805.7128713495894,123.71393961904782,0,4,1,2,1,23,60,1,40806,4,0,4
,,0,1,0,0,0,6,43,1,108415,2,0,4
605.2353871173311,178.3808343424576,1,0,1,0,1,17,55,0,103922,5,0,4
338.39328535882305,,1,3,2,1,1,15,28,1,31837,2,0,4
666.3348446398776,178.30294463872875,1,3,0,3,0,9,47,0,98654,2,0,4
184.9764595211182,192.09976340601503,1,0,1,1,0,21,25,1,56762,2,0,4
134.8980112717345,93.11895997875637,1,5,0,1,0,3,50,1,63572,5,0,4
,80.45633482839148,1,0,2,0,0,24,47,1,87615,3,0,4
387.7643927014404,111.8177239220108,1,2,1,0,1,24,67,1,111047,2,0,4
62.89470895514715,8.441142795819179,1,0,2,2,0,2,53,0,114307,2,0,4
848.7877291846557,193.38653737611617,1,2,1,1,0,3,57,1,77467,5,0,4
217.31570119221544,45.58977452663322,1,3,0,2,0,4,47,1,98166,1,0,4
61.05177833097564,,0,0,1,1,1,23,27,0,38186,4,0,4
,78.25745097673283,1,0,0,0,1,22,24,0,91922,5,0,4
323.5847261690472,,1,1,2,1,0,11,38,1,33059,5,0,4
625.4681904362177,140.54440990983767,1,3,0,2,1,21,55,0,77959,5,0,4
717.6013338576025,192.652804970297,1,5,1,2,1,13,27,1,83926,4,0,4
413.4129871665148,133.95044852991097,1,4,2,0,0,14,56,1,90458,3,0,4
613.132051089255,49.125810144564475,1,1,2,3,0,9,42,1,53095,6,0,4
497.4675445244422,22.22612659032752,1,3,0,1,1,21,39,1,108247,4,1,4
153.97451064801393,,1,1,1,3,0,14,25,1,51464,6,1,4
409.079435749091,136.4395537485107,1,2,1,2,1,3,69,0,69137,2,0,4
966.3504682655872,64.13299130531864,0,5,0,3,0,19,34,0,102742,3,0,4
,164.24332241047625,0,4,0,2,1,3,46,0,95533,2,0,4
,133.2825985614247,1,3,2,2,0,21,28,0,86416,1,0,4
548.5488095673982,96.86083002567052,1,0,1,3,1,8,34,1,108494,3,0,4
882.39635572177,133.23265084499008,1,0,1,3,1,22,51,1,86215,5,0,4
262.863319444832,129.78632199608106,1,0,0,3,0,23,54,0,42436,1,0,4
56.60817138176366,,1,5,0,0,0,11,29,0,51937,3,0,4
181.19920882785175,149.3179834315738,1,5,1,1,0,10,39,1,110961,1,0,4
389.3424860603462,141.75710621010126,1,3,1,0,1,23,37,1,67299,3,0,4
574.6229103500596,138.51035713679516,1,5,2,1,0,23,37,1,87673,4,0,4
40.3205458988718,5.62063875081984,1,4,0,0,0,13,26,1,58417,2,0,4
149.5004181552697,13.55040894286994,1,1,2,2,0,1,42,1,41425,4,0,4
25.85469683781305,67.44410782343182,1,1,1,3,0,19,24,1,42181,5,0,4
258.099445089916,31.470808084446777,1,2,1,1,1,12,43,1,105289,4,0,4
811.3216861671846,148.0864543418147,1,4,0,1,1,6,39,1,68136,2,0,4
762.4778150915894,30.46569728853692,1,0,2,2,1,10,65,1,93598,3,0,4
17.48721919295115,169.3557815652824,1,4,2,0,1,6,64,0,88723,1,0,4
111.25095525450811,182.1654728783448,0,4,2,3,0,19,31,1,49661,3,0,4
70.54687071278576,20.171811671037876,1,1,0,0,1,16,57,0,96583,3,0,4
614.5105312298712,,1,3,1,0,0,12,63,1,65622,1,1,4
,18.394085342009568,0,2,1,3,1,2,19,0,99515,1,0,4
,142.65810511061196,1,5,0,0,1,1,65,1,116389,1,0,4
842.0340162973538,194.050520662137,1,4,2,1,0,10,62,1,46667,4,0,4
959.1667354697482,,1,2,2,0,1,16,20,0,51375,5,0,4
464.5068706097005,199.16759426174636,1,5,1,1,1,6,51,0,108414,1,1,4
321.09722889749656,,1,2,2,0,0,11,42,0,64534,1,0,4
384.3561939709744,134.58796959543125,1,0,2,2,0,20,56,1,49889,4,0,4
652.4045844414724,64.80026461044359,1,3,1,1,1,4,24,0,74124,2,0,4
573.3664891983944,75.02508490324115,1,0,1,3,0,17,22,0,29040,4,1,4
960.2895131358072,,0,4,1,1,0,10,43,1,64008,5,0,4
70.33315678142505,,1,3,1,2,0,15,51,1,59060,2,0,4
,103.68785587444565,1,4,0,1,0,15,39,1,81136,5,0,4
538.9420075864415,183.32520590792492,1,3,0,2,0,13,59,0,57744,4,0,4
589.8403158640127,102.56753012831328,1,2,0,3,1,23,52,0,92829,4,0,4
549.2809428938958,22.944958987238493,1,1,2,1,0,20,30,0,73651,1,0,4
,75.16759000287601,1,0,2,0,1,16,38,1,48552,3,1,4
496.73017694874824,102.56369892593466,1,2,2,1,1,10,45,1,99957,1,0,4
257.40517306562526,144.50711989471142,1,0,0,1,0,1,24,0,92838,1,0,4
4.103549590214972,,1,4,1,1,0,18,55,0,89320,3,0,4
472.7885650791086,155.3040545703859,1,4,2,0,0,2,51,1,76206,4,0,4
283.3778516013984,44.459587877725994,0,2,1,1,1,17,32,0,74572,3,0,4
715.4049600654349,194.71750163432145,1,1,2,3,0,5,53,1,82320,3,0,4
113.64105076411523,124.01157324737642,1,1,0,2,1,11,64,0,80287,5,0,4
660.4639111425573,139.71575508991552,1,1,2,1,1,13,52,0,99613,2,0,4
581.0015528083555,9.306029566937736,1,1,2,1,0,16,56,0,113812,1,0,4
626.4664436077912,154.19823017096795,1,1,1,2,0,15,62,1,94527,4,0,4
21.56526121314839,43.993488184706365,1,4,0,3,1,11,47,0,69150,2,0,4
323.7656962869991,139.14468132715552,1,1,1,1,0,1,20,1,71655,3,0,4
,118.37166923852318,1,0,2,0,1,23,33,0,94700,4,0,4
270.31418477610515,,1,1,0,1,0,4,68,1,79443,3,0,4
740.9845497033532,199.0365749607978,1,5,2,1,0,7,67,1,119186,3,0,4
993.555320084039,120.76500282527654,1,2,0,0,1,19,25,0,103118,5,0,4
845.9610568127129,,0,0,0,2,0,20,32,0,47211,3,0,4
249.53676648428237,154.89721968260463,0,2,2,3,1,19,20,0,75444,4,0,4
313.0103305473665,,1,5,0,1,0,3,47,1,96408,1,0,4
706.6709315474856,26.45804039993058,1,2,0,1,0,14,54,1,70436,1,0,4
721.0121182520287,176.5127370465644,1,5,2,3,0,3,59,0,37809,5,0,4
969.2779330977396,119.60271563236392,1,4,2,1,0,19,27,0,30645,3,0,4
525.0887986700978,86.87084508783309,1,3,2,0,1,14,32,1,98844,2,0,4
670.2275141693259,68.82320423813235,0,4,2,2,1,2,51,0,93813,1,0,4
,79.15272466335577,0,3,0,0,1,13,21,0,58537,4,0,4
,113.87167721749316,1,3,2,0,1,5,44,1,87000,3,0,4
93.47453007759898,130.84290145666785,1,3,2,0,1,23,38,1,57821,4,0,4
202.09373611447523,157.7116143925587,1,4,0,1,1,17,27,1,75725,1,0,4
775.0963441275202,166.08005450411136,1,5,2,0,0,2,28,0,67807,3,0,4
860.0387078760111,144.08371391724384,1,4,2,3,0,12,28,1,32325,2,0,4
478.934523989391,,1,5,1,1,0,22,18,1,62881,3,0,4
903.0134623138762,,0,1,1,2,1,2,61,0,86374,3,0,4
749.8319219576523,,0,4,1,3,0,18,49,0,42065,7,0,4
85.85603643872098,15.034243433296693,1,1,2,3,0,7,59,0,66881,1,0,4
726.9866214993306,164.19382907525707,1,1,1,3,0,15,26,0,47552,4,0,4
883.5956319385457,,1,5,2,3,0,24,54,0,65730,1,0,4
588.0548880787392,157.9097563132648,1,6,1,0,1,18,66,1,70454,1,0,4
529.170488206901,127.61551963252136,1,4,0,2,0,22,61,0,58037,3,0,4
778.5052082302793,,1,2,1,0,1,2,68,0,55631,4,0,4
147.80566168807118,135.42186302461306,0,3,0,2,1,18,33,1,94511,5,0,4
469.6436803830428,,0,1,0,0,1,12,67,1,74489,3,0,4
397.62813294386734,76.38112939272416,0,1,0,2,1,1,49,0,48106,5,0,4
,,1,5,1,3,1,5,53,0,105459,4,0,4
491.3161847158862,49.89147814016912,1,0,2,2,0,17,24,0,94443,3,0,4
32.96682258153283,,0,4,1,0,0,13,18,0,95555,3,0,4
164.18112885044567,6.868412787263467,1,4,2,2,0,10,53,0,68167,1,0,4
933.8916749419074,152.5174278706432,1,3,1,2,1,13,61,1,43436,1,0,4
641.7677647955386,51.54783393489269,0,0,1,2,0,21,23,0,36363,3,0,4
,199.4002132185423,1,3,1,3,0,20,60,0,107464,3,0,4
1.6526879087558344,,1,2,1,3,1,2,20,1,48199,3,0,4
527.307213753695,,1,1,2,0,1,16,50,1,109601,6,1,4
,,1,2,1,3,0,4,36,0,110065,4,0,4
79.98396248807626,29.62088078370979,1,5,0,1,0,13,18,0,56118,5,0,4
799.8502064081795,46.416749475597705,1,2,1,2,0,11,23,1,101498,2,0,4
,,1,2,0,1,0,14,65,1,107335,5,0,4
595.5480859679834,30.6903284919261,1,2,0,0,1,9,44,0,50854,1,0,4
926.6355584790656,71.03200972640569,1,4,1,2,1,3,53,1,87820,5,0,4
351.57513703663443,92.512847942708,1,5,2,0,0,24,50,0,78298,4,0,4
202.0700267330592,178.70785995412373,0,1,1,1,1,6,42,1,33826,2,0,4
64.2139604284554,,1,0,1,0,0,4,58,0,87087,4,1,4
62.37994158515714,81.63541693688192,1,5,1,1,1,17,63,1,73730,5,0,4
690.1642662010905,,1,3,2,1,0,16,34,0,54691,2,0,4
669.9339995488629,113.84839001333724,1,1,2,0,1,9,51,0,69362,1,0,4
316.9848124765179,150.50547678490457,1,6,2,1,0,9,50,1,103253,5,0,4
957.8303893324138,79.20748727111904,1,0,1,2,0,20,22,0,27366,5,0,4
989.21897559235,3.01516365978316,1,3,2,2,0,19,50,1,99535,5,0,4
,92.39940082402312,1,0,2,2,0,16,36,1,97085,2,0,4
,29.106405232706535,1,1,2,1,0,6,61,1,86491,5,0,4
25.26869496699602,,1,3,0,3,1,14,40,1,78950,4,1,4
466.9859194051903,4.563767606003721,1,1,2,3,0,22,55,0,99024,4,0,4
109.62487434646762,143.86069628893011,1,2,2,1,1,20,23,0,39198,2,0,4
216.80890857212964,25.974361974268124,1,3,1,1,0,17,20,0,27551,5,0,4
559.0271440892557,182.312764632586,1,2,1,3,0,6,25,0,90275,5,0,4
899.6808290160965,176.3085708236708,0,1,2,2,1,21,64,1,67996,2,0,4
,52.09299590511787,1,1,2,0,0,24,35,0,60969,5,0,4
968.0829953700623,145.914345564577,1,2,2,2,0,20,60,1,62801,1,0,4
255.77695988407513,124.12905395981102,0,4,1,0,0,11,69,1,102301,1,0,4
14.138456999465475,,1,2,1,2,1,2,21,0,52011,1,0,4
674.1062949833444,105.41682507442852,0,1,2,0,1,16,53,0,58253,4,0,4
964.5518462563826,,1,2,0,1,0,24,46,0,102250,5,0,4
985.6892105602594,196.3954203940448,0,5,1,1,1,18,42,0,83777,5,0,4
,166.9016345525353,1,5,2,1,1,5,67,1,89323,1,0,4
269.80158049794966,132.78073398848233,1,2,1,3,0,12,54,1,38072,5,0,4
,191.86209150264528,1,4,2,1,1,19,24,0,82020,3,0,4
,196.47144912160044,1,3,1,3,0,14,22,0,80420,2,1,4
,53.56450276894091,1,3,1,0,1,19,23,0,63589,4,0,4
353.475519895242,124.75204268283689,1,4,1,2,1,14,56,0,88363,4,0,4
993.781023698734,,1,3,2,1,1,20,45,0,68655,3,0,4
296.37681435341244,,1,4,0,3,0,17,23,1,105634,1,0,5
397.0310248646062,,1,5,2,0,0,11,40,0,37190,3,0,5
567.9934950976144,22.196274578181473,1,5,0,0,0,2,22,1,78159,1,0,5
100.08819962945137,147.8558878348606,1,3,1,2,1,15,64,1,48561,4,0,5
,46.03300013153575,1,5,2,1,1,21,65,1,86677,2,0,5
147.50896158119986,,1,2,1,3,1,3,22,1,32248,1,0,5
446.2523170365134,151.5457306131297,1,1,2,2,1,9,19,0,42203,4,0,5
546.0467890735589,75.43456149771043,1,3,1,2,0,11,57,1,69438,4,0,5
904.7799477347196,98.3415139274457,1,5,1,3,1,18,22,0,39106,2,0,5
667.4980958302402,183.3120477266701,1,3,0,2,1,6,53,1,58024,5,0,5
162.7752159871305,136.78224717834215,1,3,2,3,0,10,20,1,73554,4,0,5
350.03220736086536,101.920885777274,1,0,0,2,0,14,49,0,104593,3,0,5
741.5525245850965,11.692011557074489,1,0,0,2,0,6,31,1,71411,2,0,5
,19.755590552435457,1,1,2,2,1,23,32,0,94894,6,0,5
,14.001690059425398,1,0,2,2,0,11,26,1,61268,5,0,5
751.537310617507,20.256604166006788,1,0,1,1,0,21,62,1,110616,2,0,5
862.4765745085188,57.869176042985934,0,5,1,0,0,17,51,0,60070,3,0,5
,,1,2,0,3,1,17,52,1,74171,2,0,5
785.3143661374099,,1,0,2,1,1,23,23,0,65977,5,0,5
754.4162654156412,,0,5,0,3,0,19,45,0,37480,4,0,5
605.5801145399575,22.90677138139914,1,2,0,1,0,22,67,1,113676,4,0,5
,170.60648653836128,0,0,1,0,0,13,57,0,116403,5,1,5
785.8495612437333,62.836251562916765,0,3,0,3,0,22,55,1,59912,1,0,5
325.9539621737739,181.9838830974003,0,5,1,2,0,19,65,1,56851,5,0,5
692.0597475300656,115.95491718282317,1,3,1,0,1,6,51,1,94763,4,0,5
208.9796966862517,137.8571452695528,1,5,1,1,1,13,40,0,56559,3,0,5
,198.18202225292077,1,4,1,0,1,24,20,0,33390,2,0,5
395.6165653541366,164.15275756207893,1,3,1,2,1,24,60,1,71505,3,0,5
,101.55295533293392,1,2,2,3,0,15,22,1,26774,5,0,5
259.6091457661213,194.96055156559325,1,2,1,3,0,1,41,1,98858,3,1,5
,160.94947454509588,0,5,2,1,0,3,34,1,49829,4,0,5
773.6814044995205,187.1053492606253,1,2,0,2,1,3,50,0,36656,2,0,5
987.051790918078,33.70193813649669,1,5,1,2,1,13,49,0,55412,1,0,5
650.8313029971224,61.018891393554675,1,0,0,0,0,4,59,0,62205,1,0,5
,92.89981605281564,1,1,1,2,1,15,34,0,89608,4,0,5
214.9518427666196,159.11194073731286,1,5,0,3,0,7,65,0,87245,5,0,5
690.8917807079507,138.35064724501711,1,4,1,1,1,10,42,1,85166,4,0,5
765.5733859718599,109.0497922124498,1,3,1,2,0,7,28,1,33961,5,0,5
114.56697062043196,157.81014402939078,0,4,0,1,0,12,19,0,80108,3,0,5
317.1039631517838,131.48531229288506,1,0,0,1,0,5,53,0,55060,5,0,5
612.8245702479991,83.09714373536075,0,1,1,3,0,18,24,1,60104,1,0,5
42.18873848424243,102.42259629863273,1,4,2,3,1,18,39,0,43661,3,0,5
361.0166834818248,199.0670156028937,0,3,0,0,1,20,40,0,90080,6,0,5
846.1774729267086,129.77276385805817,0,0,1,1,1,4,43,1,95972,1,0,5
685.5895528731864,121.3113767313936,1,0,1,1,1,12,31,1,53746,4,0,5
312.5348668421347,19.175995438020177,1,3,2,0,1,13,62,1,66003,5,0,5
491.3794983130484,88.9873564604103,1,1,1,1,1,9,37,0,39533,2,1,5
254.30614889849124,,1,5,0,0,0,9,23,1,67767,1,0,5
332.67386328410663,115.07320646973244,1,1,1,0,1,23,18,0,40717,5,0,5
366.7555602009223,173.10804983795336,0,4,2,0,1,6,42,0,67636,5,1,5
,9.495622304738529,0,2,0,3,0,3,46,1,58475,2,0,5
519.495807762706,65.15731522436508,1,2,1,1,0,5,63,0,104896,3,0,5
675.8832246325328,96.17506717954645,0,2,1,2,1,20,43,0,87096,1,0,5
,,1,2,1,0,1,5,41,0,99453,5,0,5
469.9199424470305,173.84039551636567,1,2,1,3,1,17,64,0,60546,5,0,5
,64.2131489023109,0,1,1,1,1,21,36,1,47367,3,0,5
896.3549258607867,79.64854293734894,1,0,2,3,1,15,31,1,70065,3,0,5
651.4683360982528,19.92363535589108,1,4,0,0,0,23,59,1,60515,3,0,5
420.58560289699665,2.6633455085786517,1,1,0,1,0,17,56,0,66687,3,0,5
889.1567672440274,168.80747083955774,1,5,1,0,1,12,62,0,99307,1,0,5
701.3593659085242,174.2250131412276,1,5,0,1,1,7,62,0,83658,4,0,5
542.5228355337237,186.90142721699087,0,2,1,1,0,13,23,1,41339,3,0,5
874.1043758163827,102.71543259301782,1,3,0,1,1,21,66,1,82877,5,0,5
,110.9300884203411,1,5,2,2,0,5,41,1,76537,1,0,5
,90.81695859161604,0,2,2,2,1,10,40,1,49736,1,1,5
584.8676387664021,90.16885672064085,1,4,1,3,0,10,54,1,56251,2,0,5
583.669001406773,117.84959094620442,0,1,0,3,0,2,64,0,85268,5,0,5
145.1047201373169,65.29166889353814,1,1,0,1,1,6,29,0,56848,5,0,5
898.9239081014947,162.1809982139504,1,2,0,1,1,4,62,1,59719,2,0,5
,143.86963028505937,1,4,0,0,0,16,25,1,66025,4,0,5
769.5390365175896,,1,3,0,0,0,6,48,0,87968,3,0,5
690.5260235749902,,0,1,0,2,1,3,19,0,40838,3,0,5
,136.81544112596583,1,3,2,1,0,23,21,0,86819,5,0,5
786.3754571468252,35.687518674781124,1,2,0,1,0,13,42,0,94273,5,0,5
410.6446477852861,150.931112167029,1,0,2,0,0,23,52,0,37278,4,0,5
405.383503088822,177.13987565261365,1,1,2,3,0,11,52,0,99616,4,0,5
,125.20133651209026,1,2,0,3,1,2,28,1,108135,3,0,5
313.41059272748737,188.23052488462065,1,2,1,2,0,12,37,1,92779,4,0,5
496.9762000140108,,1,3,1,1,1,20,59,0,52213,2,0,5
416.33887494889575,,0,2,1,1,1,5,40,1,33363,3,0,5
,119.9269456909657,1,4,2,3,0,20,66,1,78406,1,0,5
779.2939635549919,149.36884602518512,1,3,1,2,0,13,29,0,93937,2,0,5
173.9244568485584,36.238949138086426,1,1,0,2,0,16,19,1,54820,5,0,5
,45.23980355579897,1,5,0,2,0,15,44,0,93727,1,0,5
165.0442548736698,107.50344041765068,0,6,0,2,0,13,53,1,41649,5,0,5
445.63193714610713,184.1117945519119,0,1,0,1,0,2,61,0,60838,4,0,5
980.6623468269864,4.913435928830467,0,4,0,0,1,18,42,1,110508,5,0,5
135.39039781028526,21.805721384997767,1,0,2,3,0,18,58,0,87249,2,0,5
815.7198706443962,160.4423277164041,1,1,0,1,1,2,34,1,84508,3,0,5
,185.5175502897124,1,0,2,0,0,16,23,1,55026,4,0,5
898.8454738949741,,1,4,2,1,1,20,49,1,41789,5,1,5
,131.12866252300876,1,1,0,0,0,10,45,0,35952,3,0,5
91.13328344205816,169.8745297974702,1,3,2,0,0,2,45,0,37485,3,0,5
622.2347866008746,163.64063521660515,0,2,0,3,1,22,42,1,97390,2,0,5
49.219279310042886,,1,0,1,3,1,19,52,0,38443,4,0,5
579.1429216166749,191.71175697827704,1,5,0,2,0,16,40,0,76052,2,0,5
,194.31222882830517,1,2,1,1,0,11,20,0,92935,3,0,5
,46.52623185229285,1,0,0,3,0,2,39,0,92964,1,0,5
,113.4528711972692,1,4,1,3,1,2,66,0,59507,1,0,5
854.2890958769916,73.48800360771222,0,1,2,2,1,15,65,1,113497,2,0,5
,118.18869266773208,1,5,2,3,0,10,58,1,57438,5,0,5
715.7051405024959,168.78874642054,0,4,1,1,0,14,43,0,80008,3,0,5
578.7077452556323,70.06228264062813,0,0,2,1,1,17,64,0,93110,4,0,5
899.6425279717645,104.71614021649482,0,2,2,2,0,7,58,0,49147,4,0,5
715.5453042535487,137.41271044385127,1,3,1,3,0,16,32,0,71543,5,0,5
,,1,2,2,0,0,17,55,0,36912,4,0,5
528.5378831186126,,1,4,0,0,0,12,45,0,107488,2,0,5
553.9385155446049,,1,3,0,0,0,19,24,1,42448,4,1,5
551.8109661815776,112.31272887520228,1,3,2,0,0,3,34,1,85065,3,0,5
164.69386881117453,73.54645656605075,1,1,1,1,1,15,53,0,92313,5,0,5
590.1598182445069,17.619625634062984,1,5,0,2,0,24,55,0,90271,1,0,5
,153.5801429629472,1,3,2,1,1,7,27,0,67710,1,0,5
871.9962819968923,155.5528488136172,1,0,2,0,1,14,44,0,79998,4,0,5
600.5894320397376,,0,5,0,3,0,16,63,0,84684,5,0,5
85.74882008537088,5.812800312088751,1,2,1,3,0,15,35,1,85518,1,1,5
157.11221109432117,24.10809433266836,1,3,1,1,0,3,42,0,59838,1,0,5
319.90857246269996,131.50292502612254,0,3,2,2,1,20,62,0,88133,3,0,5
664.514601914775,41.32387241976685,0,2,2,1,0,22,64,1,76224,5,0,5
395.5842240835059,51.63242633546585,1,2,1,2,0,17,23,0,75353,3,1,5
63.64522753455471,176.1893007706312,1,0,1,2,1,4,31,0,78753,2,0,5
702.5856058666191,185.9735792747139,1,5,1,0,0,1,27,1,29910,3,0,5
,,0,5,2,0,0,1,31,1,105451,2,0,5
979.3273792567178,166.47227795246243,1,2,1,2,0,17,53,0,71663,3,1,5
932.6445408551402,137.74672825029046,1,1,1,3,1,1,30,1,49067,3,1,5
369.7037193450979,138.9222880529751,1,1,1,1,1,5,66,1,59190,3,0,5
118.2126489154317,75.83680260223397,1,5,0,2,1,4,55,0,113884,3,0,5
,140.91340926249777,1,3,0,0,0,12,33,0,51009,4,0,5
334.1859527006106,41.8709727247994,1,1,2,1,0,19,38,1,77460,5,0,5
930.2373593919748,140.36622126173106,1,0,2,1,1,2,58,1,92191,5,0,5
,124.8891192565069,1,5,1,0,1,23,47,1,78091,4,0,5
,177.08134989939987,1,4,0,0,0,18,57,1,56776,5,0,5
458.51756202138273,83.74501360770815,1,4,1,0,0,19,54,0,80520,4,0,5
169.08408479507452,181.5345293280714,1,3,0,2,1,5,36,0,33526,3,0,5
987.795850862985,111.17476357644426,1,5,0,0,0,14,34,0,39897,2,1,5
178.52115189077023,187.07730669243503,1,1,2,0,1,15,39,0,73152,3,0,5
,4.209323941854182,1,0,1,3,1,8,69,1,69783,4,0,5
305.31014448190984,11.897235553851182,1,2,2,0,1,22,34,0,52180,5,0,5
279.6944087454961,159.43584884885837,1,3,2,2,0,4,19,0,86067,2,0,5
194.92298903221504,159.3266860921816,1,4,2,3,1,1,44,1,103714,4,0,5
960.773445237836,43.64146296122793,1,1,1,1,1,18,57,1,85704,3,0,5
500.4178305994334,,1,5,1,2,0,8,20,0,73573,1,0,5
,140.90722382691496,1,0,0,1,1,16,21,0,93517,5,0,5
522.1991337028845,74.2253515542053,1,5,0,3,0,17,22,1,55307,1,0,5
,110.6553641694708,0,2,1,0,0,10,43,0,44410,2,0,5
217.53630723377583,,1,1,1,3,0,18,60,1,39935,4,0,5
262.90351349657425,128.8992958198914,1,1,2,2,0,13,20,1,83001,5,0,5
756.984967917503,39.183118678579845,0,2,0,2,0,7,58,1,110532,5,0,5
,,0,1,0,2,1,19,57,0,72089,4,0,5
466.3260785644635,28.853976538810144,1,4,2,0,0,24,36,0,81650,5,1,5
861.2782913349776,123.3793793372368,1,2,2,3,1,17,24,1,76476,1,0,5
921.0395245070076,143.8049040171399,1,1,2,3,1,23,57,1,103390,2,1,5
314.9208455989843,,1,1,1,0,0,8,23,1,44306,1,0,5
994.494147273242,61.03180317617836,1,3,1,1,0,12,21,0,77596,1,0,5
,,1,2,0,3,1,14,51,1,57898,3,0,5
33.31952487404533,60.87189914352707,0,2,0,1,0,16,68,0,48261,1,0,5
369.04931487091886,190.26131827954552,1,2,1,0,1,8,54,0,37301,2,1,5
854.7740323116471,73.83443396098434,0,4,2,0,0,11,40,0,92376,5,0,5
380.9782661264421,87.7957547097257,0,2,1,3,0,16,52,1,98332,2,0,5
851.7690178478413,,0,5,1,3,1,10,32,1,74037,1,0,5
624.4531398106321,106.8874720569416,1,1,0,2,1,10,47,0,110755,2,0,5
251.17332000697857,,1,4,0,2,1,18,47,0,90973,4,0,5
205.85882374459496,,1,0,2,3,0,3,55,0,77751,4,0,5
406.8089027862074,60.3346605543799,1,2,0,0,1,10,38,0,39606,3,0,5
727.1929683614514,135.14487667419877,1,0,0,0,0,15,33,0,68292,1,0,5
560.6406007934072,68.02261806745156,1,4,1,3,1,2,69,1,68207,4,0,5
263.79261212783854,169.73275650890272,1,1,2,2,0,21,22,1,38300,1,0,5
,59.765217265168104,1,1,1,2,0,24,66,0,55875,3,0,5
59.55829297184467,123.53245764107928,1,5,2,2,0,5,19,0,82613,3,0,5
553.6803241492952,166.14204201705388,1,5,2,1,1,8,36,1,61181,5,0,5
945.8007559472086,37.5388650424152,1,1,0,2,0,19,24,0,79197,4,0,5
345.12005850815086,21.3914384902828,1,2,0,2,1,10,51,1,91510,4,0,5
222.76618227715073,29.64822519210706,1,0,1,2,0,10,20,0,39790,3,0,5
812.7710184964235,46.6788407388973,1,3,2,3,0,19,35,0,77367,4,0,5
154.6472855019149,116.19277664946064,1,3,1,3,0,2,28,1,80312,3,0,5
151.39803122421313,107.48423769468135,1,3,1,1,1,12,46,0,49150,4,0,5
717.9927750614168,194.5071022514559,1,3,2,2,1,10,25,0,52843,4,1,5
,,1,3,1,3,0,8,36,1,107755,1,0,5
425.6569578734475,5.3783538685638455,1,2,1,3,0,17,56,1,99838,3,0,5
690.1279639996919,78.71359000617457,1,1,0,1,0,15,47,0,79977,1,0,5
,177.18897440055804,0,0,0,1,1,13,36,0,56382,4,0,5
333.4338191796301,185.5263010133341,0,5,2,2,1,12,64,1,92359,2,0,5
884.1419093509971,,0,5,0,0,1,7,61,0,112537,5,0,5
,148.3791914734422,1,1,1,3,1,8,62,0,65918,2,0,5
,27.624240137877297,0,5,2,3,0,23,56,1,76332,2,0,5
263.46031005157,,1,5,2,3,0,7,21,0,86244,1,1,5
,195.96230679133745,1,4,0,0,1,24,56,1,72613,3,1,5
135.4347616450453,149.23530755688563,1,2,2,3,1,9,69,1,73900,3,0,5
,,1,3,0,0,1,4,24,1,106349,2,0,5
168.5011272782344,37.28557330466682,1,3,2,2,0,1,40,1,70325,5,0,5
304.3033037441405,10.338265438221873,1,4,0,3,0,17,45,0,82936,1,0,5
,123.422146563247,1,4,2,2,1,13,36,0,91365,4,0,5
,96.89457797064831,1,3,0,1,1,14,38,1,86667,5,0,5
606.3339579247144,77.32892173884348,0,2,1,0,1,19,22,0,33842,3,0,5
882.2571817673088,,1,0,2,3,0,6,67,0,72295,2,0,5
392.4290382489171,34.44968946268976,1,3,2,3,1,19,52,0,62219,5,0,5
567.7126468890679,125.5940035846282,1,3,0,3,0,12,18,1,66136,4,0,5
369.8205490959344,,0,5,2,1,0,13,31,1,60437,1,0,5
286.8975892652356,94.02485615282478,1,4,0,2,1,16,40,0,106772,4,0,5
752.1116778281329,24.109653458851255,1,4,1,1,1,5,58,1,58410,5,0,5
578.4223102079987,183.9104158091488,0,5,0,1,1,19,31,0,92171,1,0,5
543.9039261469702,12.844298057875235,1,0,2,1,1,13,44,1,38329,1,0,5
784.3413863181316,158.57491085163934,1,3,0,1,0,8,54,0,58845,3,0,5
530.8008328003724,120.61096859050949,1,4,0,0,1,6,42,0,37128,3,0,5
,116.20947193390604,1,0,0,0,1,17,53,1,37809,2,0,5
425.5130681529023,127.408181275123,0,3,0,3,1,4,53,0,56383,6,0,5
157.37642255421446,154.50701989208764,1,2,2,2,1,24,38,0,79628,1,0,5
60.320332068362184,181.20248906559905,1,4,1,2,0,5,25,0,48597,4,0,5
,193.29777508680337,1,0,2,0,1,3,31,0,30016,5,0,5
501.31319276329,,1,0,1,0,0,8,67,0,106882,4,0,5
874.1152080188547,,1,2,2,0,1,10,53,0,96372,5,0,5
640.1798336487867,41.50394444899981,1,0,0,1,0,9,37,0,104330,1,0,5
609.809803967166,,1,3,1,0,1,17,53,1,82592,1,0,5
481.63892097336657,198.256920270759,0,3,0,0,0,19,46,0,57240,1,0,5
491.9966159216677,147.4498295408886,1,4,0,0,1,12,60,0,109814,2,0,5
415.9192832822336,,1,0,2,0,1,10,18,0,78304,4,0,5
37.78062269128102,160.5100041470403,1,2,0,2,0,15,53,0,87149,4,0,5
668.2435106061198,75.91155894434485,1,0,0,0,1,21,42,0,44291,3,0,5
622.2311040592264,12.116313473791674,1,2,1,1,1,12,59,0,107318,5,0,5
394.2785502470812,189.07837404763157,1,1,0,3,0,17,29,0,29257,5,0,5
411.1846272921779,171.11317467252996,1,0,0,2,1,1,61,1,38368,2,0,5
727.5292986609368,189.5523265547274,1,1,2,1,1,8,40,0,39859,2,0,5
464.7348010302059,65.70651927652405,0,5,2,1,1,8,57,1,48579,5,0,5
472.78820676821465,121.96578595719242,1,1,1,1,0,14,38,0,44708,4,0,5
922.4205064140118,1.5806544891473484,1,2,2,1,1,3,39,1,48701,5,0,5
,190.86962833105864,1,5,1,3,1,20,18,0,32856,2,0,5
,98.67035092714391,1,5,2,2,0,12,31,0,105831,5,0,5
556.3356255748321,,0,5,1,0,0,6,43,0,42477,4,0,5
551.9349513357337,124.2695839244086,1,0,0,2,0,7,48,1,42979,3,0,5
539.0911964973905,88.30791906889787,1,2,2,2,1,12,57,0,106480,4,0,5
232.04653703828623,,1,0,2,0,0,3,64,1,91760,2,0,5
637.3263470552603,22.883766018611414,0,2,0,1,0,8,45,0,57418,5,0,5
246.1359692929944,38.351674319794625,1,3,0,0,1,11,37,0,67476,5,0,5
835.4876041778384,35.592975862489,1,1,2,2,1,18,58,1,103649,3,0,5
,,1,1,0,1,1,23,31,1,44949,4,0,5
301.0311487000481,15.952142886426255,1,0,1,2,1,17,45,0,41119,1,0,5
851.1885031391876,157.63873373611497,1,1,2,0,1,23,55,1,48465,5,0,5
646.378372571967,0.6844559779472403,0,4,0,1,1,23,63,1,91421,2,0,5
,10.605841277458072,0,3,0,2,1,1,56,1,115863,2,0,5
70.74647322145688,78.36849713016902,1,0,0,2,0,14,67,0,92521,5,0,5
972.4697605685176,35.75810575676594,1,0,1,2,1,17,56,0,51513,3,0,5
615.7502091742112,181.5488659971716,1,2,1,0,1,9,62,0,90462,2,0,5
,14.007764692075364,1,1,2,0,1,5,32,0,94769,2,0,5
277.0321747482956,189.80623486581868,1,1,2,2,0,20,67,0,75947,3,0,5
309.13501652036314,173.68608784648117,1,5,0,0,1,17,47,0,35618,3,0,5
268.12367325725137,120.31526699744416,1,2,1,2,1,15,20,1,52340,1,0,5
923.8462371902264,172.13593474724468,1,3,2,2,1,9,44,1,39482,5,0,5
16.73802969452154,,1,2,1,1,1,20,61,0,61920,1,0,5
194.181392015893,61.424277050459274,1,5,0,2,0,14,50,0,78993,4,0,5
,,1,0,2,2,0,18,31,0,77139,2,0,5
556.0464779291857,194.045280686478,0,3,0,2,0,3,36,0,104232,2,0,5
563.9344861405766,75.18101880799233,1,3,2,1,0,7,49,1,89356,1,0,5
754.3462759907785,183.9633417302186,0,0,2,0,1,5,64,1,91955,1,0,5
488.647169661084,,0,3,2,2,1,15,53,1,86268,2,0,5
610.8911551177306,,0,3,1,0,1,16,53,1,77132,5,0,5
77.48011169508506,,1,3,1,2,0,8,35,1,103434,3,0,5
293.9167247293009,152.7438463067718,1,3,2,1,1,3,20,1,50407,4,0,5
547.2871226736673,26.400856468289312,1,0,1,0,0,16,47,1,49977,3,0,5
248.87102520710357,9.19019082788346,1,4,1,0,0,1,56,1,52547,4,0,5
121.53577984562848,65.0490604765986,1,3,2,3,0,10,49,0,103608,5,0,5
378.1477701600681,95.274538769382,1,0,1,0,1,9,26,0,80217,3,0,5
926.747680349622,,1,3,1,3,1,13,47,0,78728,5,0,5
425.88343133511665,115.7554269441939,1,2,1,3,1,10,54,0,59465,3,0,5
281.6964652650158,32.94738669079196,1,0,0,0,1,9,68,0,42756,2,0,5
813.5824045766439,137.0353106296676,1,2,1,0,0,15,30,1,36884,1,0,5
,113.9723016617008,0,0,2,0,1,3,44,0,88656,1,0,5
284.23282216038024,150.3334805674956,1,2,2,2,1,15,38,1,58525,5,0,5
,47.58042951182444,1,5,2,3,0,14,55,1,49467,1,1,5
488.39566020192416,,1,0,2,3,1,8,40,1,83135,5,0,5
740.041511391759,40.39862196055728,0,0,2,0,1,16,36,0,52726,2,0,5
748.534752529011,45.60611867664666,1,0,2,3,0,5,19,1,66404,1,0,5
95.04652010248972,104.40839701418663,1,1,2,1,1,20,37,1,64669,2,0,5
,65.2311268143063,1,2,2,1,0,17,69,1,74426,2,0,5
596.2654434783948,10.945412230542996,1,1,2,0,1,13,55,0,65120,2,0,5
617.7325945843223,156.36270682399663,1,0,1,3,1,15,51,0,107448,1,0,5
2.7428833374277817,136.63807068160165,1,5,0,1,0,12,53,0,106161,4,0,5
331.71921543424907,140.03039822162611,0,3,1,1,0,11,32,1,48612,2,0,5
877.1654199440871,92.09330803571764,1,0,1,0,1,4,55,0,74084,2,0,5
536.0291224656185,124.91087400585276,1,3,2,1,0,20,44,0,57874,5,0,5
656.01977085982,11.420907142398317,1,4,2,3,1,18,47,0,96897,5,0,5
643.0334192643418,5.765242910791479,1,3,1,2,1,23,46,0,54581,4,0,5
,128.45448891033456,0,3,0,2,0,11,57,1,53459,4,1,5
,189.8277643819285,1,2,1,3,0,15,34,1,56933,5,0,5
782.2435898462585,11.36777963676414,1,4,2,1,1,18,26,1,63916,4,1,5
327.7886998252918,55.96548470571774,1,3,1,3,0,14,51,1,64848,1,0,5
449.2076501352911,,1,4,0,0,1,8,21,1,62567,5,0,5
758.5182036688931,84.2857344220606,0,0,0,1,1,23,39,1,46375,5,0,5
698.7345719738952,149.15633782767372,1,1,0,1,0,7,24,1,52327,3,0,5
802.9668485997631,,1,3,0,0,1,20,62,1,49993,4,0,5
,54.0074829569148,1,2,1,2,1,11,18,1,96834,2,0,5
354.76857892397476,87.8867853593146,1,3,2,1,1,3,38,0,42043,2,0,5
775.5926096773686,52.26205238625037,0,2,1,2,0,3,21,1,97470,5,0,5
,,1,3,1,2,0,6,28,1,30667,2,0,5
709.2436127570362,29.728754732976693,1,5,0,3,0,2,36,1,35778,4,0,5
917.7416009723712,176.9397527432536,1,2,0,2,0,11,46,1,106224,2,0,5
799.6193933744698,187.670373655742,1,3,2,2,1,6,53,1,60672,5,0,5
96.73875775908026,29.31618023357916,1,1,2,0,1,11,28,0,83506,5,0,5
868.0534928030548,135.33298885990158,1,0,2,0,1,22,68,0,73873,5,0,5
,,1,1,2,3,0,5,36,0,102832,5,0,5
980.563910432752,173.12380964368455,0,3,0,1,0,11,56,0,103932,4,0,5
73.4995663960033,134.55386539825517,1,2,2,3,1,17,50,1,55477,1,0,5
699.987504827516,78.13443200065923,1,3,2,0,1,15,66,1,83575,4,0,5
110.35897710503072,100.09188354731084,1,5,0,2,0,10,65,0,45187,3,0,5
256.49067068356845,3.8456082738401287,1,1,1,1,0,20,40,1,61166,5,0,5
943.5365349066152,118.31201626514942,1,1,0,1,1,9,35,1,72232,3,0,5
235.4587540827332,,0,3,1,3,0,11,24,1,96126,4,0,5
,,1,4,1,1,1,23,23,0,93897,2,0,5
140.9979418397147,46.294199093081055,1,0,0,0,1,10,43,0,76175,1,0,5
,33.99825534248973,1,3,0,3,0,2,53,1,37946,1,0,5
,,1,5,0,0,1,23,56,0,72275,4,0,5
618.2909675861645,137.94167522301274,1,4,0,1,1,20,66,0,103009,2,0,5
,94.966762504024,0,2,2,2,1,5,44,1,101864,5,0,5
82.7617423491035,186.23281634417455,1,2,1,0,1,3,66,1,115926,4,0,5
,,0,1,0,0,0,20,23,0,33013,4,0,5
653.4822777671094,,1,1,1,2,0,14,64,1,102300,5,0,5
448.4556931370631,125.88723055513972,0,0,2,3,1,1,68,0,48065,5,0,5
418.76376378538606,176.85522924210372,0,2,2,1,1,19,31,1,67013,2,0,5
248.46214691487077,,1,1,0,2,0,8,58,0,81427,1,0,5
931.8997540329952,136.33602973786202,1,3,1,1,0,8,18,0,96407,4,0,5
349.1506075734995,8.14542495005095,1,5,0,2,0,19,39,1,73589,5,0,5
,178.2818959791162,1,1,0,1,0,15,37,1,78256,5,0,5
847.792221505271,,1,4,1,0,1,22,20,0,36437,1,0,5
496.1115136642497,52.16942896330177,1,0,1,0,1,8,47,1,83376,2,1,5
199.1369858013252,,1,0,0,1,1,3,26,1,86381,2,0,5
,134.4134930707348,1,1,1,3,1,4,26,0,69773,1,0,5
,61.58381325194977,1,1,0,2,1,3,34,1,84503,3,0,5
457.65127308226414,88.90146434735064,1,0,1,0,0,22,38,1,52581,5,0,5
581.066431893825,129.18395326953157,0,4,1,3,0,20,49,1,64935,1,0,5
241.0897321238049,,1,1,1,2,0,15,37,1,91424,2,0,5
,36.40850019602413,1,5,1,2,1,1,58,0,77524,4,0,5
40.75740133579187,161.12375044821715,0,4,0,2,0,14,62,1,106440,5,0,5
792.9618187760141,138.36749867803903,1,0,1,0,0,2,31,1,54119,5,0,5
998.5899245525374,25.713169443431426,0,4,0,3,0,17,66,0,107465,2,0,5
49.38752207656694,,1,5,0,0,1,13,31,1,60391,2,0,5
220.7526341019852,16.309793111269943,1,0,0,2,1,22,49,1,75913,4,0,5
333.0505424035002,172.33943225016074,1,5,0,1,1,20,46,1,85135,5,1,5
548.0861071591394,27.138580369553832,0,5,0,2,0,9,69,0,63730,5,0,5
156.12674172290164,108.62555809189452,1,4,0,3,1,19,47,1,97775,2,0,5
611.275830373468,39.56133444431511,1,3,1,0,0,21,41,1,43358,5,0,5
,55.9356669257788,1,1,1,1,0,10,46,1,55433,2,0,5
278.03466599278835,197.50669937086747,1,0,1,1,0,2,41,1,54873,4,0,5
198.8242830504654,179.85953041204394,1,0,2,0,1,23,49,1,38432,3,0,5
780.9739320590356,,1,5,0,0,0,5,66,1,58493,3,0,5
132.87648204644108,76.29377994508823,1,3,0,1,0,16,48,0,50426,4,0,5
224.92773974757097,38.855270102788865,0,2,1,0,1,12,43,0,102242,1,0,5
177.53640266895133,,0,4,0,0,0,3,42,0,42222,3,0,5
418.0059299812328,87.8254063637253,0,0,1,0,0,24,23,0,86485,4,0,5
419.7222196474023,23.02420153246039,1,4,2,1,0,2,40,0,67912,2,0,5
,176.60127268900513,0,3,0,1,0,18,64,1,115900,4,0,5
437.63922349408847,87.6221406393354,1,1,2,3,0,21,19,1,28306,1,0,5
,145.29861466485067,0,0,0,2,0,6,20,1,44155,4,0,5
193.9130724262873,,1,5,2,1,1,5,66,0,98386,2,0,5
677.8980635486066,91.2565409624684,1,0,1,0,0,13,37,0,70778,1,0,5
76.32803035049085,,1,4,1,0,0,15,52,0,40904,5,0,5
120.00632212034346,,1,4,1,0,1,3,59,0,46732,1,0,5
,46.54099245479746,1,5,2,0,0,19,24,1,43383,4,0,5
735.3689984219785,99.9979517018249,1,4,2,2,0,3,46,1,55385,5,0,5
3.39501469039194,168.25498090025,1,0,2,2,1,12,58,0,106711,5,1,5
,131.0888142311024,1,3,2,2,0,3,62,0,44996,3,0,5
506.0545515886285,168.39911940153866,1,0,1,1,1,3,63,0,57743,2,0,5
180.89735270177488,32.42978338311489,1,2,0,2,1,10,67,1,84696,3,0,5
30.974887179114564,44.52712841248947,1,0,2,1,1,24,54,0,79793,3,0,5
966.5338819243348,130.6211653100971,1,5,2,1,0,5,60,1,85108,2,1,5
,140.80475805529275,1,1,0,0,0,10,21,1,52543,1,0,5
103.41903157180056,88.57812602164907,1,6,1,3,1,24,47,1,103299,2,0,5
690.7362863944561,165.72717709971872,0,2,1,3,1,18,56,1,102800,5,0,5
723.724167292338,158.28842195736038,1,2,1,3,0,11,21,0,74221,2,0,5
119.92129414940476,81.3596610198856,1,0,1,0,0,3,65,1,93432,3,0,5
690.8851345879433,70.41147694231552,1,5,2,0,1,17,40,1,84432,1,0,5
,,0,2,1,3,1,22,50,1,74849,5,0,5
466.4553035712287,,1,3,0,3,1,21,33,1,76072,5,0,5
,29.96605020572487,1,2,0,1,0,15,25,1,34954,3,0,5
337.3553543577389,121.5539792580172,1,5,2,2,1,17,42,1,61710,3,0,5
693.6884924100489,58.49231045253338,1,4,1,1,0,14,56,1,40441,3,0,5
478.3664584762364,170.6342503368756,1,1,0,3,0,4,30,1,34860,1,0,5
745.9741685206991,,1,1,2,0,1,7,65,1,109786,5,0,5
163.25788677034092,85.89285018512885,0,1,2,0,1,3,60,1,44333,1,0,5
870.1609228533723,185.0625639548403,1,4,2,0,1,8,31,1,99739,4,0,5
372.4213117287307,99.11709068140992,1,1,0,2,1,20,56,1,37427,4,0,5
31.193900180873868,80.15310858873256,0,4,2,2,0,6,31,0,50709,1,0,5
,89.18319911047621,1,3,1,3,1,16,67,0,100438,4,0,5
736.2098593426124,85.02515630877012,1,1,1,2,0,14,32,0,38391,1,0,5
895.7121936675377,39.50166004368876,1,4,0,1,0,2,56,0,101495,4,0,5
497.727115671621,108.3485761406832,1,4,1,3,1,19,20,1,31659,1,0,5
420.2401307898344,114.16730328891003,1,1,2,1,0,7,61,0,113135,2,1,5
599.6000088897923,,0,0,2,3,1,8,28,1,43874,9,0,5
555.8177372161781,174.51177280027997,1,2,1,3,0,8,43,0,89783,1,0,5
868.1113079302032,10.945575418831831,1,2,0,3,1,11,46,0,85062,2,0,5
892.1262497344026,88.85068572056008,0,4,1,0,0,11,23,0,94526,2,0,5
87.92292267104396,7.511957258777868,1,5,2,1,0,5,63,0,47535,2,0,5
,103.9577173966434,0,3,2,3,1,18,18,1,76559,1,0,5
775.0490922135435,7.652117561826244,1,5,0,0,1,20,49,1,35616,4,0,5
365.6611039790527,122.96647407733954,1,5,2,0,1,24,38,0,45254,1,0,5
,101.80777724142828,1,2,0,3,0,14,61,1,49503,4,0,5
729.610197531479,95.34969168466026,1,0,2,3,0,8,58,0,60074,3,0,5
597.3260224094979,50.90456044239284,0,1,1,1,0,17,43,1,108190,1,0,5
995.4224745546844,,1,3,1,2,1,23,54,0,36588,1,1,5
,132.8700190605787,1,2,1,2,1,7,51,0,78345,8,0,5
361.11577719314346,117.69009197874556,1,1,2,2,1,15,25,0,59069,3,0,5
916.7286260076391,28.3580624435408,0,1,2,3,1,22,62,1,66852,3,0,5
564.4278007114006,99.68201943580364,1,1,2,0,1,6,68,0,103862,2,0,5
738.796377524482,,1,3,0,2,0,5,25,1,102332,5,0,5
212.48465068204536,36.53446797638114,1,1,2,3,1,19,49,0,51402,5,0,5
499.5914600499013,,1,5,1,3,0,9,43,0,53934,4,0,5
545.0577753679371,25.63841617395106,1,4,2,1,1,19,50,1,81720,1,0,5
,84.19346039000305,1,3,0,3,0,1,51,0,60013,5,0,5
69.08585750311369,178.5486461365782,0,2,1,2,0,11,66,1,60636,4,0,5
333.7100711873416,45.3603000493233,1,2,2,3,1,20,60,0,92854,1,0,5
,92.54012134296391,1,3,2,1,1,12,49,1,91790,3,0,5
,,1,4,1,3,0,13,55,1,48448,3,0,5
801.9208474879573,105.78656530622048,1,3,1,3,0,17,20,0,73452,7,0,5
606.8222392508181,64.10272783657763,1,5,2,2,0,7,46,0,103164,3,1,5
560.7357176487798,195.3423510321341,0,0,2,2,1,19,33,0,105723,1,0,5
725.5966985916145,122.73640511889684,1,0,0,3,0,21,27,1,29721,5,0,5
162.58432729365236,,1,3,0,0,1,4,54,1,44197,1,0,5
63.53570129967323,109.02761511424362,1,1,0,0,1,4,63,1,101531,3,0,5
489.22876862073207,,1,1,1,3,1,13,44,0,44672,5,0,5
,165.15272158912452,0,3,0,2,0,5,48,1,111567,3,0,5
13.107833991354624,43.8095334106817,0,1,1,0,0,16,34,1,60579,5,0,5
657.1925448895029,,1,2,1,0,1,7,42,1,89259,1,0,5
,20.454972952469294,0,3,0,3,0,8,39,0,87292,4,0,5
976.8129493688272,96.7485301630729,1,4,2,1,0,11,64,0,60061,5,0,5
590.7043550829081,151.15233859347356,1,1,0,2,0,13,67,1,73772,4,0,5
878.2934254071179,63.6806279904859,1,2,0,0,0,20,30,1,43889,4,0,5
881.7875911238797,126.1376768335416,1,4,2,0,0,19,63,1,94545,4,0,5
830.2615103577743,58.74379264443475,1,3,2,1,0,15,68,0,103027,1,0,5
,24.7535477575757,0,4,0,0,1,1,48,1,90572,3,0,5
784.3774873044181,144.23816998254583,1,0,2,2,0,15,49,0,101261,2,0,5
,128.49070231661173,1,2,1,3,0,11,56,0,100230,3,0,5
381.84876524274745,197.3466985250643,1,5,2,0,0,6,24,1,87343,4,0,5
752.8712381126448,,1,0,0,0,1,4,26,0,56858,5,0,5
530.248369835351,121.25142340559788,1,3,1,2,0,7,55,1,65269,4,0,5
529.7566185485497,51.24660691393175,1,0,0,3,0,5,37,0,86888,5,0,5
341.52061897938455,161.76468727041382,1,2,1,1,0,16,49,0,40991,2,0,5
715.6594643246914,,1,0,0,0,1,1,63,0,100134,5,0,5
213.99049518393943,,0,2,1,1,0,15,57,0,44604,1,0,5
355.5687652256978,165.6888606612903,1,4,0,2,1,2,50,1,108492,5,0,5
230.94300440409177,52.828195154718216,0,5,2,3,1,24,65,0,87728,5,0,5
76.93893699513976,151.43064871805433,1,0,1,2,0,8,32,1,62531,3,0,5
672.4685020463729,100.0198577582476,1,0,0,0,0,5,63,0,48751,3,0,5
555.0705882195588,9.179945103816056,1,2,0,2,1,18,47,0,87853,1,0,5
259.74464548182607,64.91014506831554,1,1,2,2,0,4,33,0,51405,3,0,5
,191.77838335569,1,5,2,3,1,2,55,1,77677,5,0,5
375.00495394727983,,0,5,0,1,1,14,53,0,52515,6,0,5
,90.44224296321735,0,2,2,0,0,23,33,1,67207,4,0,5
512.8080843597659,198.69028835986268,1,4,2,2,1,8,21,0,48229,5,0,5
,,1,4,0,0,1,6,59,1,111520,2,0,5
364.6162978272137,175.20676880479073,1,3,1,2,1,9,66,0,108659,4,0,5
989.5244310495248,140.70586742989855,0,2,0,3,0,1,60,0,38165,5,0,5
445.28033130613096,37.61680163007581,1,3,0,1,1,8,43,1,69942,5,0,5
352.8657413781555,141.76341589827297,1,5,1,0,1,5,69,1,105946,3,0,5
341.4668185642835,49.01354567349021,0,3,1,3,1,1,24,1,86760,4,0,5
719.355832490766,,0,0,1,3,0,2,60,1,115863,4,0,5
59.44801994981774,54.36530758025977,1,4,2,1,0,18,19,1,51279,5,0,5
594.5294261157985,112.4196942527422,1,2,2,0,0,1,36,0,51722,4,0,5
662.8506708396138,25.263431325472308,1,0,2,3,1,9,23,1,52717,1,0,5
573.0398266560908,79.54871820267493,1,5,1,1,1,1,28,0,92287,3,0,5
347.5148845289422,14.202784379237055,0,3,0,0,1,15,23,0,58542,2,0,5
940.96911507188,5.783395603454666,1,2,1,0,0,7,27,0,61029,5,0,5
403.6508692612268,,1,1,1,2,1,6,55,1,68512,2,1,5
,96.44704156987048,1,4,0,2,0,15,18,0,91726,1,0,5
494.15439473358794,14.060953564000387,1,3,1,2,1,1,61,1,116286,5,0,5
,122.0526593969737,1,3,1,2,0,10,50,1,66992,4,0,5
930.9783046327224,75.0828263264209,1,3,0,0,0,3,39,0,77173,5,0,5
857.9440907142133,64.45699747304026,1,5,0,3,0,1,41,0,90584,1,0,5
870.1013174610882,132.7334163157405,1,0,0,2,0,17,67,0,67178,4,0,5
487.3976503446201,81.74782099672413,1,1,0,0,1,11,46,1,88467,1,0,5
,27.73479642237675,1,4,2,0,0,16,32,0,91041,5,0,5
758.0295204097487,125.92397856323328,0,4,2,1,0,11,62,1,70482,1,0,5
841.099454093612,77.83314809224868,1,1,2,0,0,1,62,0,82806,4,0,5
722.0647489416909,51.30014082287182,1,1,0,1,1,3,66,0,118584,2,0,5
,,1,5,2,0,0,24,64,1,94195,5,0,5
141.85917045095076,,0,4,0,2,1,11,56,0,55662,2,0,5
410.1903315886527,43.815703457719565,1,1,1,2,0,23,20,1,77850,2,1,5
286.8780035690114,139.16850264640246,1,1,1,3,0,8,44,0,63415,5,0,5
495.14979816637293,36.42396539357604,1,4,0,0,1,13,25,0,50030,3,1,5
19.263717442988604,46.595431556433574,0,1,1,1,1,20,47,0,97528,5,0,5
872.8475796615543,76.37137135889347,0,3,1,3,1,17,46,0,44354,1,0,5
796.3648722517232,139.01943688575756,0,0,2,3,0,6,55,1,101616,4,0,5
792.6992104755814,128.97822255910586,1,0,0,2,0,24,49,1,52055,4,0,5
,71.92045169549127,0,4,1,3,1,10,20,0,91314,5,1,5
727.379385430652,90.02265338945487,1,2,2,1,1,4,37,0,75976,3,0,5
,,0,5,2,0,1,6,66,0,107200,2,0,5
249.0990934224846,37.62102440067925,1,2,0,1,1,13,26,1,74901,2,0,5
234.8440720287416,131.07818245875018,1,0,2,1,0,21,59,1,56242,2,0,5
,136.15714637102445,0,2,2,0,1,12,40,0,34620,5,0,5
974.5193416124022,18.00068279332423,1,4,0,1,1,2,24,1,96805,3,0,5
,170.22177907252504,1,0,1,1,0,3,59,1,41600,1,0,5
894.0569063766694,100.01220158376913,1,3,1,2,0,1,69,0,74509,4,0,5
30.89553997981131,51.36074082332567,1,3,1,2,0,19,42,1,59688,2,0,5
632.3032900820939,,1,2,2,1,1,19,41,0,88422,5,0,5
,,1,1,0,3,0,24,42,1,67991,5,0,5
240.80542909864465,51.02084980160906,1,5,0,3,0,7,49,0,85626,3,0,5
30.907804633669265,,1,4,1,3,0,13,45,0,43074,3,0,5
165.9547816770922,101.59953380768744,1,0,2,3,0,16,29,1,65679,1,0,5
697.6191357010289,164.9681611520844,1,4,0,0,1,16,61,0,97428,2,0,5
449.710568115038,183.20076677376832,1,4,1,0,0,4,58,0,61717,3,0,5
,,0,4,0,2,1,24,24,0,45221,1,0,5
965.8623653364554,198.72092876576193,1,1,1,3,1,8,38,0,76861,5,0,5
393.53883772911735,,0,1,0,2,0,17,21,1,67628,3,0,5
183.4121639917119,83.19992344318618,1,3,1,2,0,18,20,0,86321,4,1,5
48.55609946977324,2.350282285643135,1,2,0,2,0,12,47,0,97508,5,0,5
87.74003673970698,17.660047361795183,0,1,2,1,0,7,43,0,89732,3,0,5
182.1314771809036,183.43430653045556,1,1,2,0,0,21,26,1,75200,5,0,5
,21.02101885450052,1,4,1,0,1,19,58,0,88648,2,0,5
829.5577527549572,99.0872190303432,1,0,0,0,0,22,22,0,44580,4,0,5
965.9606180543218,,0,3,1,3,0,1,23,1,68082,5,0,5
893.1680048228835,148.2546845955391,1,5,2,3,1,7,40,1,111237,2,0,5
,,0,3,0,3,0,23,61,1,110650,5,0,5
,132.7691234967593,1,2,2,1,0,11,27,0,82112,1,0,5
,32.61535637201016,1,2,2,3,0,1,18,1,58358,4,0,5
580.5787510682836,142.59414044747948,0,2,2,3,1,13,18,1,43529,2,0,5
48.90971520893339,196.0213923212091,0,5,1,3,1,20,45,1,91739,2,0,5
939.0680042156448,111.7091848911396,1,2,2,2,1,19,20,0,46591,2,0,5
,27.153664126433807,1,2,2,0,1,5,60,1,75067,1,0,5
176.8590556143662,59.65440396672776,0,0,1,1,1,16,61,1,73433,1,0,5
684.5254633297368,31.82421050927442,1,0,0,3,0,24,18,1,39214,3,0,5
330.9677645263234,189.66308257813725,0,1,2,2,0,2,36,1,83157,1,0,5
223.32473301614,75.16551975460976,1,1,0,0,1,11,41,0,56478,5,0,5
154.28375315373344,74.49532710612743,1,2,2,2,0,16,33,1,77502,1,0,5
767.1407462377975,17.55700369086297,1,3,1,0,0,14,29,0,41064,1,1,5
368.7360618093661,9.830848606886564,1,2,1,0,1,23,41,1,77989,3,0,5
,155.97968699444635,0,3,1,1,0,17,34,1,99829,3,0,5
307.48627031108344,51.25604179297376,1,3,2,0,0,11,52,1,84258,6,0,5
578.1654370793191,191.5665102102032,0,0,1,0,1,8,35,1,80261,1,0,5
900.0239428771798,194.21072882135553,1,1,0,0,1,11,29,1,86666,3,0,5
536.4705340413302,126.9457635166693,0,3,0,1,1,1,31,0,64272,2,0,5
963.375540843198,116.18465708452716,1,1,2,3,0,2,67,0,115068,5,0,5
903.1923513573952,,1,1,0,3,1,1,19,0,91759,1,0,5
595.3565509693844,165.0023217184076,1,2,0,1,1,14,59,1,100500,2,0,5
24.965305579118137,141.65443150681932,1,1,1,2,0,18,44,1,87052,3,0,5
,,1,4,0,3,0,5,53,0,110156,3,0,5
80.16830704146739,74.40950400669554,0,5,1,0,1,16,25,0,83817,1,0,5
134.30209010499073,122.6197617609692,1,5,2,2,0,20,19,1,35180,5,0,5
,191.87445660669448,1,1,1,2,0,8,65,0,99653,3,0,5
54.070723090600794,47.61725081060122,1,4,1,2,0,1,45,1,75324,1,0,5
964.1787582251382,11.602633473344582,1,1,0,3,1,20,23,1,81241,2,0,5
773.9999744307313,107.17286512700224,1,3,0,2,1,14,59,1,80825,5,0,5
461.2007336447232,38.14600604381389,1,5,1,3,0,19,47,1,46645,4,0,5
702.4903882885073,,1,0,1,2,1,24,41,1,72261,2,0,5
214.53636774364512,,0,2,1,1,1,19,26,0,61101,5,0,5
,122.53523334922222,1,2,0,3,0,16,24,1,78151,4,0,5
,,1,2,2,3,1,8,56,0,66970,2,0,5
276.7242715982452,97.83860910069842,1,0,2,1,1,7,58,0,116851,2,0,5
145.67869610465033,184.49616359705928,1,3,0,1,0,5,26,0,60199,2,0,5
,157.65587207515196,1,5,2,1,1,11,21,0,93551,3,0,5
576.6242915007681,,1,1,2,0,1,7,26,0,80633,4,0,5
183.0279157677815,32.205408974227346,1,4,0,3,0,18,21,1,79765,4,0,5
621.8316286405815,143.0163284973676,1,2,2,0,0,20,18,1,49130,4,0,5
788.8009994756337,,1,5,1,1,0,15,27,1,96732,5,0,5
857.3946252225699,109.0989505309202,1,0,0,1,0,14,20,1,62151,1,0,5
863.2175753581525,,1,5,0,3,0,23,26,0,81544,2,1,5
85.72385921711923,120.49602364684932,1,2,1,0,0,16,68,1,96736,4,0,5
718.3677285083023,192.27320281292523,1,5,0,2,0,4,62,0,63557,2,0,5
315.83534421884343,192.80156636454123,1,5,0,2,1,7,56,1,62314,1,0,5
286.22008606860305,106.8596015958651,1,1,1,3,1,20,66,0,58347,5,0,5
705.4066626009428,94.41642251411582,1,0,2,2,0,24,64,1,80683,3,0,5
129.67355390453207,193.81990617229405,1,3,1,0,0,3,64,1,39245,4,0,5
247.88674412903225,72.96328281016386,1,0,0,0,0,17,63,0,112263,3,0,5
772.2310219671476,106.07779665303912,1,4,1,3,0,7,45,1,74978,4,1,5
156.70294370907223,196.31269407616395,1,2,2,3,0,13,37,0,51071,4,0,5
,185.99795361072597,1,0,0,2,0,3,48,1,75178,5,0,5
531.5801096118189,,1,3,1,2,0,6,29,0,41877,3,0,5
649.0685277800554,,1,2,1,0,1,22,53,0,62330,1,0,5
876.0912323810439,169.37850511882132,1,3,2,2,1,8,57,1,64917,5,0,5
629.5558715696271,160.74193087056906,1,4,2,0,1,17,60,0,82618,3,0,5
569.9229701191094,,1,2,1,0,0,15,66,1,61174,3,0,5
,176.22125831687651,1,0,2,2,0,2,64,1,85412,5,0,5
138.5883450625781,,1,3,1,0,0,18,32,0,80535,4,0,5
227.0408098396313,0.0575320307546478,0,1,2,1,1,12,42,1,32823,3,0,5
,,1,3,1,0,0,8,50,1,113788,2,0,5
863.5531915102066,100.22884508543363,1,4,1,3,0,7,21,1,91187,1,0,5
240.41978527550089,145.15770169483656,1,1,1,0,1,21,23,0,56326,3,0,5
971.9204042990788,,1,3,0,1,0,2,24,0,28979,2,0,5
,24.28051564843452,1,2,0,2,0,1,45,1,70340,3,0,5
103.87166781429023,41.368356717386455,1,4,2,3,0,22,38,0,58308,4,0,5
551.713622293337,,1,1,0,0,0,2,44,0,86420,4,0,5
871.1576263983685,67.34486587053632,0,4,0,1,0,10,55,0,78441,3,1,5
984.8959220841,120.04274466738237,1,5,1,0,0,8,26,0,31079,6,0,5
621.6308632170594,90.50716481859044,1,5,1,0,1,1,55,0,106220,1,0,5
501.1210339353703,24.05897944616404,1,3,2,0,0,20,46,0,77179,1,0,5
513.711071117629,11.863214727005666,1,5,2,0,1,5,64,0,59734,3,0,5
798.5027625394048,88.42758141551654,1,2,1,0,1,23,41,1,78728,1,0,5
571.2245152014731,22.33796781160524,1,1,1,3,0,2,66,1,73817,1,0,5
873.0712506556149,21.495573643006693,1,0,0,0,1,4,50,1,97307,3,0,5
151.95436596170663,5.059610293330397,1,1,0,3,0,5,33,1,78795,1,0,5
,175.85530167941482,1,2,1,3,0,12,65,0,41215,1,0,5
938.5264576284746,137.62743411262866,0,2,0,0,1,13,43,1,85987,4,0,5
950.6252451496116,,1,1,2,3,1,23,56,0,41099,1,0,5
397.9917297470086,,1,2,2,1,0,14,64,0,83741,1,0,5
836.7708799353937,,1,5,2,1,0,5,68,0,89548,3,0,5
,,1,4,1,0,0,5,19,0,44937,2,0,5
371.34578418324224,,1,3,2,0,0,10,53,1,51798,1,0,5
,50.685694229693645,1,5,0,3,1,5,69,1,98241,4,0,5
356.9297904892517,,1,4,2,0,0,23,64,1,110228,3,0,5
5.09793346976084,,1,2,1,3,0,21,44,0,113137,5,0,5
,127.71731912088391,1,5,0,2,1,11,28,0,37892,3,0,5
167.5810795231838,28.08032307824253,1,0,0,1,0,14,51,0,80303,2,0,5
0.3805383277025731,180.20937392222268,0,0,1,3,1,4,67,1,84507,5,0,5
238.69880483518537,90.6695471052772,1,0,2,2,0,10,49,1,109064,3,1,5
861.847289901217,37.16331662948802,1,4,1,0,1,12,65,0,95358,5,0,5
873.8648866824082,,0,2,0,0,1,21,45,0,74767,2,0,5
997.0460776083728,13.176845734426257,1,1,1,3,0,23,31,0,40940,3,0,5
241.13662560429793,77.53038111342497,0,0,1,3,1,23,22,1,81013,5,0,5
350.3982347488483,167.33745234231696,0,4,2,1,0,9,21,1,81671,4,0,5
399.0105978701468,48.56704170022796,0,4,2,1,1,9,38,0,50145,1,0,5
753.2167375124254,129.44070756555377,1,4,1,0,0,6,41,1,37825,2,1,5
288.9842131884884,168.10132230894465,0,3,1,3,1,7,69,1,96671,5,0,5
798.0529727421844,,1,4,0,1,1,10,59,0,56969,3,1,5
,129.3357080044215,1,0,0,1,0,7,27,0,36425,2,0,5
,,1,0,0,0,0,4,40,1,82691,3,0,5
280.7427072173679,175.0822023409666,1,4,1,2,0,24,27,0,83250,4,0,5
,87.15549658982304,1,0,0,3,1,24,27,1,90882,2,0,5
576.8676716325615,114.62965437985342,1,2,1,3,1,1,18,1,33254,1,0,5
188.74196242472797,61.26284170550424,1,5,0,1,0,24,40,1,58142,1,0,5
802.3305956544201,97.22412592868984,0,5,0,0,0,10,67,0,58193,5,0,5
923.8046124162364,,1,3,1,0,1,9,48,1,72239,2,0,5
,23.945133188136648,1,5,1,1,1,7,43,0,96514,4,0,5
,5.840184529577197,0,0,2,2,1,24,27,0,66301,4,0,5
269.91498278818136,56.81031696318788,0,0,1,0,1,24,67,1,62240,2,0,5
371.5614431556822,,1,2,2,2,1,4,69,1,77286,5,0,5
61.20586790392524,8.857604839329426,1,5,1,0,1,6,22,0,43776,2,0,5
918.6493047722432,,1,5,0,0,1,12,19,1,77540,5,1,5
159.03950411547362,127.738587227726,1,4,0,2,1,13,43,0,81726,1,0,5
27.29981926284719,40.85171839184034,1,0,0,3,0,21,69,1,81426,5,0,5
353.23239001355444,2.7785269193179474,1,2,2,3,1,7,21,0,41425,2,0,5
479.9928373331719,178.32308543316864,1,5,0,3,1,22,63,0,77717,5,0,5
453.47928365764847,,1,0,2,3,1,24,52,1,89978,4,1,5
398.137322748904,73.69516941725772,1,4,2,0,1,19,50,1,62472,6,0,5
814.3959143314136,4.36490052048526,1,1,2,0,0,10,68,1,110205,3,0,5
855.3298220138081,62.404670883025595,0,2,0,3,0,8,64,0,45036,2,0,5
875.9660556694712,,0,5,2,1,0,20,64,0,70805,5,0,5
716.4037194183868,57.38360608527336,1,4,1,2,1,21,36,0,84796,4,0,5
658.9279086264927,2.428660608474198,0,1,2,0,1,20,34,1,50624,2,0,5
,18.68471966515095,0,5,0,1,1,21,54,0,100839,2,0,5
257.2418481186486,85.47546993659591,1,2,0,3,1,21,26,0,106555,3,0,5
258.2586917041983,,1,0,1,3,1,9,28,0,42172,3,1,5
197.5200904905191,10.421734003708805,0,0,2,3,0,10,42,0,91800,3,1,5
169.20800032408823,47.36094613835415,1,4,1,3,0,7,21,0,68873,3,1,5
370.1579639066931,,0,4,0,0,1,12,67,1,82861,1,0,5
853.6139394474526,109.3518710526051,0,2,0,3,1,24,50,1,75764,2,0,5
,198.145897624651,1,4,2,0,1,7,65,1,116463,3,0,5
306.0023820211307,164.39635417042743,1,3,2,2,0,15,63,1,116150,4,0,5
250.2061644773136,,1,2,1,2,0,8,43,1,33480,5,0,5
809.1646475716609,99.76904979539478,1,3,1,2,1,14,25,1,32613,3,0,5
801.3693573274835,196.7756489882935,1,2,2,3,0,7,41,1,44338,4,0,5
110.1634184909258,23.511049187297385,0,2,2,3,0,5,53,1,97584,1,0,5
292.2679342434106,,1,5,2,0,0,8,35,1,78629,3,0,5
,167.6893703221406,1,2,2,3,0,8,67,0,82180,3,0,5
342.42577730621093,149.10534366874398,1,1,2,0,0,7,51,1,79015,2,0,5
308.15745887607017,,1,1,1,1,0,10,25,0,34935,4,0,5
425.7045924051781,,1,4,2,0,1,11,36,1,41119,1,0,5
196.11867588287305,163.78996393616765,0,0,1,1,0,18,26,0,59702,5,0,5
741.5163602348111,121.74281895577607,1,4,1,3,0,18,46,1,107895,4,0,5
,,1,3,1,2,1,10,18,0,42664,3,0,5
26.610843731757928,29.70972026458154,1,2,2,3,1,20,24,0,57197,1,0,5
795.4284494710768,38.85177771929644,0,1,0,2,0,24,58,0,76961,4,0,5
260.42765877564545,,1,2,1,2,0,2,36,0,53856,3,0,5
376.9609466840278,10.100626967376524,1,2,1,3,1,5,60,0,75192,1,0,5
276.4177039986783,,0,5,0,2,0,2,63,1,101562,1,0,5
,121.63516703650808,1,0,0,3,1,13,19,1,89764,4,0,5
641.3956211787083,4.829895856704347,1,1,2,0,1,13,68,0,110138,1,0,5
155.7885335003437,170.81193786495012,1,1,1,3,0,4,35,0,40506,5,0,5
973.6954185819824,47.327591049199434,1,1,0,0,0,4,20,1,56672,4,0,5
689.4604115411396,2.577135985236967,1,3,2,2,0,6,68,0,120228,5,0,5
,125.04999589644297,1,3,2,1,0,3,21,0,56241,1,0,5
771.8708416992827,52.992141056827656,1,0,0,3,1,24,44,0,59398,2,0,5
,117.67664207438524,1,3,1,0,1,6,30,0,38328,2,0,5
805.4417139536877,117.93638721486562,0,3,2,2,0,6,64,0,112897,1,0,5
45.817685999743674,72.02054620220815,1,0,1,0,1,21,18,1,25874,5,1,5
813.2966597392841,,1,0,1,0,0,10,48,1,95906,5,0,5
109.04756456431396,139.79558768824947,1,3,0,0,0,22,36,1,56637,7,1,5
343.0151881216713,,1,1,1,0,1,24,27,0,103578,2,0,5
623.0217224035372,168.5528908695171,1,2,2,1,0,16,45,0,64431,2,1,5
671.966870329952,,1,5,0,0,0,8,34,1,41280,5,0,5
282.18810374323857,168.05118596392197,0,1,2,3,0,13,68,1,73178,3,1,5
,71.13158012218406,1,2,2,1,0,17,24,1,52484,3,0,5
,158.56445335287958,1,5,0,1,1,7,48,0,88109,4,0,5
960.392134163736,36.08709685406068,0,4,0,1,0,2,29,0,63939,2,0,5
529.5748290702851,92.998925386885,1,5,0,1,1,7,37,0,78188,4,0,5
387.51019991172143,67.67770324888556,1,2,2,1,1,11,21,0,102555,2,1,5
,11.53533318433948,1,2,0,1,1,3,24,1,28144,1,0,5
695.5915311506828,117.33556623248568,1,2,1,3,0,23,27,0,101043,5,0,5
693.4972264632028,41.06504265504001,1,0,2,1,1,1,45,0,66943,3,0,5
684.1324961864829,32.41565915548739,1,4,1,0,1,15,18,0,57409,5,0,5
,139.93554569041913,0,2,0,3,0,11,39,1,40367,2,0,5
71.10825552568522,36.28720972026842,1,2,0,2,1,16,58,1,61980,1,0,5
778.7373031792418,,0,3,1,0,0,15,44,0,105524,5,0,5
788.1356034130018,,0,4,0,1,1,4,41,0,95630,2,0,5
736.7233070181371,185.48077833266848,1,3,2,3,1,5,60,0,50074,2,0,5
730.7520600941552,18.355019148329976,1,3,1,2,0,23,47,1,102318,5,0,5
600.372398193382,189.1641168742427,1,3,2,2,0,8,23,1,28788,1,0,5
,66.97124081211008,1,3,2,0,0,13,51,1,99576,8,0,5
637.7013755805483,118.20833705283266,1,3,2,3,1,8,37,0,110832,3,1,5
434.81896821389466,168.36430349901417,1,5,1,1,0,6,55,1,62711,4,1,5
341.62143897227423,,1,1,2,2,1,11,58,1,70301,2,1,5
,85.55422290425328,1,1,0,1,1,22,49,0,93109,5,0,5
145.6814126392858,38.35776414161827,0,4,2,2,0,12,47,1,61609,3,0,5
962.7752142566328,,1,4,2,0,1,19,23,1,28753,1,0,5
,54.47473098809665,0,3,2,2,1,9,67,1,73765,5,0,5
260.44261245446876,73.08628062560463,1,2,2,0,0,22,54,0,77575,3,0,5
894.7390811001795,29.360965275234065,0,1,1,3,0,3,39,0,100952,3,0,5
,77.0083581658994,0,0,0,1,0,1,26,0,52988,3,0,5
203.8831215106384,152.99358716014692,1,5,1,3,1,8,29,0,103307,4,0,5
,59.4603650236736,1,1,0,2,1,12,56,0,43508,4,0,5
963.5499100198812,110.24769804646512,1,5,0,0,0,12,30,0,97654,5,0,5
,,0,1,1,0,1,13,61,0,103246,1,0,5
,143.47243377534502,1,4,0,1,0,1,57,0,67207,4,0,5
891.1061772193639,92.2400822121952,1,5,0,3,1,8,65,0,95423,1,0,5
902.6322109737004,23.456485308462007,1,2,0,2,0,8,64,0,46987,4,0,5
,,0,1,2,3,0,9,29,1,49907,3,0,5
396.8748829911784,,1,0,1,2,1,12,63,0,68507,4,0,5
911.5005723555238,,1,5,0,3,1,13,50,1,60601,2,1,5
359.181319386602,14.532384575735824,0,2,2,1,1,5,27,1,105411,4,0,5
566.3885101922556,112.55341732903122,1,3,0,2,1,19,58,1,48631,5,1,5
270.7451491296297,174.5572621380355,0,3,0,3,1,3,29,0,54893,3,0,5
321.3447258094585,130.15985483555195,1,1,2,3,1,22,67,0,91067,2,0,5
74.66068184558804,50.25592057101902,1,0,0,0,1,1,22,0,103927,5,1,5
795.2649262272846,74.07752875899354,1,4,1,1,0,7,67,1,109073,4,0,5
838.2530088885458,21.911215772038428,1,4,1,3,0,18,32,0,95093,5,0,5
305.9902355883261,,1,1,0,3,1,9,65,1,77518,1,0,5
173.13318514840614,163.4753608049381,1,4,0,1,1,24,26,0,85576,1,0,5
807.961861665767,51.67217778982946,1,1,0,0,0,8,21,0,92609,5,0,5
736.1664535678289,129.30406831676518,1,2,2,0,0,22,66,0,119178,1,0,5
336.20123444389884,160.03577873125596,1,1,0,2,0,14,25,1,62033,3,0,5
740.288170866374,6.196002028313474,1,3,2,0,1,13,63,1,81913,3,0,5
845.7583399836406,,0,1,0,3,1,22,45,1,107355,3,0,5
988.9723003255116,178.25268974933488,1,5,0,2,1,18,48,0,49271,2,1,5
948.4468618938198,187.58713764218456,1,4,2,1,0,22,53,1,49674,5,0,5
201.89470429921485,24.164766555386464,1,1,2,1,1,10,65,0,109715,5,0,5
733.9524184549064,,1,0,0,0,0,24,30,1,38077,1,0,5
0.4073791398676585,,1,0,0,2,1,8,45,1,85601,1,0,5
925.8489794960526,21.240460274093497,0,5,1,3,0,9,63,1,46632,1,0,5
610.9801841048248,79.98278355594708,1,2,2,0,0,24,63,0,109341,4,0,5
884.3625925169312,141.9735870511463,0,4,0,2,1,6,28,1,69932,1,0,5
769.3261770175254,,1,4,1,1,0,4,27,0,80426,5,0,5
570.7391465070168,79.62497413470493,1,2,1,0,0,20,40,0,62820,4,0,5
940.0842706615476,101.17063493895748,1,5,0,0,0,4,42,0,96821,4,0,5
919.276715671248,101.11775750571408,1,3,0,2,1,3,45,1,49871,4,1,5
461.9965578913935,35.091476461189245,1,4,0,0,1,7,26,0,43089,1,0,5
471.92415539088296,81.96109334669362,1,0,1,1,0,5,64,1,119080,3,0,5
549.2027482590354,46.58635824975883,1,2,1,3,0,16,25,0,48728,3,0,5
59.48223811826337,,1,0,2,1,1,9,56,0,48863,1,0,5
750.9818990830378,134.48470663895466,1,2,2,0,1,12,57,1,91326,3,0,5
859.3648776017482,,1,4,1,0,1,23,66,1,48837,2,0,5
,,1,4,0,0,0,13,39,1,76152,5,0,5
289.32007550792747,24.792809645331104,0,2,0,0,1,24,49,0,66924,4,0,5
514.4292292095208,133.67634202161324,0,2,0,3,0,2,20,0,82430,2,0,5
368.2188882610384,24.91246667909868,0,4,0,3,0,20,69,0,107826,4,0,5
813.9272548284448,71.9165273841738,0,1,1,2,0,2,31,0,76143,2,0,5
993.764059702593,0.2043999811389474,1,4,1,1,1,5,61,0,109444,2,0,5
,,1,4,1,3,0,12,48,0,112060,1,0,5
,89.25649714846901,1,0,1,0,0,10,68,0,44744,3,0,5
,175.4835583028581,1,5,0,2,1,22,56,1,59912,4,0,5
52.590842332779445,134.13597424370712,0,4,1,0,0,24,66,1,60721,1,0,5
510.84148831237985,120.63104512633642,0,5,2,3,0,21,40,1,41284,1,0,5
782.4752673820454,,1,0,0,2,1,2,22,0,32165,1,0,5
,153.11024493861066,1,4,0,1,1,18,41,1,108941,2,0,5
752.492028807599,51.7375795421184,1,1,2,1,1,19,61,0,52935,3,0,5
,104.4209748471971,1,4,2,1,0,5,49,1,110813,3,0,5
151.10629438608402,95.96626759615478,1,3,2,2,0,15,68,0,80830,5,1,5
201.95835966557928,178.9981355498411,0,0,2,2,0,16,43,0,92462,2,0,5
,15.458625582959495,1,2,0,0,1,12,39,0,82815,3,0,5
385.37224626720166,58.72324692030182,1,4,0,3,0,23,69,1,109888,5,0,5
477.85515324786934,66.04283657374357,1,3,1,0,0,3,62,1,96180,5,1,5
452.4749173952347,,1,5,0,3,0,14,36,1,71522,4,0,5
351.5963476779035,14.160650679983044,1,0,1,2,1,15,46,1,60993,1,0,5
205.03748391487585,,1,4,1,0,1,19,69,1,71106,1,0,5
697.4218619748714,,1,5,2,0,0,1,34,1,56014,4,0,5
512.5054718686692,130.320631237595,1,0,1,3,0,17,20,1,67018,1,0,5
854.0862207581174,90.3181568955437,1,1,2,2,0,8,62,1,54823,4,0,5
930.323488607236,137.370662858412,1,3,2,2,0,3,41,0,36458,2,0,5
,159.25691307960108,1,5,2,3,0,3,55,1,82385,4,0,5
320.68945015404495,161.80140105968135,1,1,1,0,0,8,28,0,33199,3,0,5
831.9599666805614,117.62852893210552,0,1,2,2,1,16,38,1,108078,1,0,5
475.068459106712,,1,1,2,1,0,11,52,1,105734,5,0,5
,51.80752616590914,1,2,2,0,0,12,69,0,81641,7,0,5
542.3387460834028,122.81687999820588,0,2,0,2,1,24,20,1,64740,3,0,5
,116.88089922767908,1,3,2,0,1,11,57,0,99344,1,0,5
938.436266573553,108.03866553345073,1,1,0,3,1,9,68,1,45218,3,0,5
243.15409120714105,127.694950038336,1,2,2,0,0,2,67,1,72007,5,0,5
,38.527555465502104,1,5,2,1,1,9,25,0,85845,4,0,5
,191.299187649624,1,3,0,2,0,21,63,0,101209,1,0,5
267.5472678835752,124.10433450043207,1,4,1,3,0,14,66,0,100971,5,0,5
,89.20033110858742,1,1,2,2,0,18,54,0,115174,1,0,5
,,1,5,2,1,0,24,61,0,66520,2,1,5
95.09241513982414,104.98669987394068,0,5,2,2,1,5,60,0,115519,1,0,5
428.28644228805024,180.39822217931928,1,0,2,1,0,16,59,1,75969,4,0,5
979.8334638846256,130.21772235996931,1,3,0,0,0,19,28,1,45601,3,0,5
297.64438433509775,144.8496747828626,1,0,0,1,1,5,45,1,83374,3,0,5
,144.01685806370327,1,3,2,3,0,5,29,1,52134,1,0,5
,97.27191611832768,1,3,0,2,1,22,68,0,102015,3,0,5
,141.546546066595,1,0,2,3,0,9,33,0,103426,2,0,5
330.45147646538976,128.09392841572992,1,3,1,0,0,17,34,1,34294,1,1,5
,38.65342673518668,1,5,1,3,0,18,56,0,88893,1,0,5
340.4899037300109,,1,3,0,1,0,23,61,0,59072,3,0,5
710.5182320391358,6.526812894909573,1,1,0,3,1,22,18,0,33102,3,1,5
262.18341408219504,55.68011453807564,1,3,2,2,0,8,23,1,32801,1,0,5
498.6638739924988,,1,2,2,0,0,20,22,0,97713,2,0,5
673.267819206845,5.576973115626083,1,3,1,2,1,3,44,1,111393,2,0,5
49.381767499415474,197.9112528877654,1,2,0,2,1,14,36,0,81691,7,0,5
878.0918579483122,91.15195053301348,1,3,0,2,0,24,41,1,78568,4,0,5
,,1,3,2,2,0,17,49,1,62381,1,1,5
,118.88963090394672,1,4,2,0,1,17,54,1,75536,1,0,5
171.0035526694389,,1,1,1,3,1,16,59,1,88019,1,0,5
868.6367378985326,7.761591042596394,1,4,0,1,0,13,53,1,67906,2,0,5
123.0978868205702,65.15606836201727,1,4,0,1,0,24,22,1,102565,4,0,5
898.9776310304538,86.89898159222822,1,1,1,2,0,9,34,1,39765,4,0,5
240.18736601278445,145.90365810161566,1,6,0,0,1,5,25,1,107381,1,0,5
521.674745688141,,1,1,0,1,0,18,18,0,46861,5,0,5
,,1,5,2,0,0,17,32,1,74629,1,0,5
,,1,4,1,3,0,24,53,0,85864,1,0,5
176.78461256564316,25.436745713204335,1,1,2,2,1,19,32,0,40014,2,0,5
101.08528602138244,107.36212649660293,1,0,2,0,0,18,53,1,84383,2,1,5
993.6398356073522,92.724047345196,0,0,1,2,1,11,49,1,97688,5,0,5
456.219155547568,83.17287379849874,0,1,1,1,1,10,25,1,89527,5,1,5
623.4288063588602,,0,5,0,0,1,6,41,1,76675,6,0,5
306.97287859683877,,1,2,2,1,0,4,36,1,90564,3,0,5
,144.85686486386243,1,0,1,3,0,6,24,1,67703,5,0,5
384.79531273861664,184.4762919830516,1,5,0,2,1,16,37,1,76121,3,0,5
848.791410125349,149.9539963361329,1,0,0,1,1,15,27,0,107455,2,0,5
560.9697735726588,96.17910384716984,1,5,1,3,0,18,27,0,40673,5,0,5
875.2279073061752,31.757028970680356,1,1,2,3,1,4,55,1,106839,5,0,5
210.61830644647216,134.33305129915456,1,5,2,1,1,20,38,1,91894,5,0,5
230.0305405289975,,1,1,0,2,1,9,58,0,99320,3,0,5
952.0095092019204,83.6650000756658,1,3,2,0,1,4,19,0,35604,2,0,5
412.8990112402929,84.95227730374046,1,0,1,3,0,19,42,0,101913,3,0,5
467.23527637772776,160.53207629173846,1,0,0,3,1,16,29,1,94778,1,0,5
372.7675316324176,127.9505920880932,0,0,0,0,0,24,29,0,96138,4,0,5
411.64608096485534,55.32819552840973,1,1,0,2,1,24,48,1,44135,3,0,5
,123.03560589073376,1,2,0,2,1,12,56,0,54408,3,0,5
348.60027218152754,,1,3,0,2,1,19,60,1,51861,5,0,5
458.6349860981377,63.854861662692805,1,4,1,1,0,20,67,0,117911,4,0,5
,41.8709008317965,1,0,0,3,0,14,47,0,82446,1,0,5
208.30384896589672,99.65672151516324,1,4,2,3,1,18,69,1,43115,4,0,5
210.20911751699,159.23880757867005,1,2,2,3,0,13,45,0,100613,2,0,5
453.45570873302535,3.760233661707568,1,4,2,3,1,4,62,0,91021,2,1,5
920.7329150413706,,1,1,1,3,0,13,64,0,110671,4,0,5
,41.864198712188006,1,4,2,2,0,5,48,0,82976,3,0,5
,104.7410047467195,1,1,2,1,0,23,35,0,48146,4,1,5
,,0,4,2,1,1,4,66,0,92214,3,0,5
83.7866651579594,95.92447603528704,1,1,2,0,0,15,61,0,54372,4,0,5
402.52203974216536,116.38907204188853,1,0,1,2,0,22,26,0,56143,4,0,5
709.3612377577263,,1,0,0,2,0,19,18,0,80448,3,0,5
453.2087913822751,159.73921864386705,0,1,0,3,1,19,30,0,107539,4,0,5
976.0085102564208,37.021201326006945,1,4,2,3,1,17,26,1,81344,2,1,5
783.5869148329605,162.19188508621414,1,0,1,3,1,17,40,0,85236,1,0,5
744.2353574205696,40.91362112285177,1,2,1,2,0,9,44,0,105743,4,0,5
892.5878895914366,124.54380417458322,1,4,2,3,1,16,57,0,103084,3,0,5
203.60112572065924,18.77985189679754,0,1,2,3,0,13,35,1,74660,2,0,5
539.0127120496916,,1,3,1,1,1,11,64,1,53704,2,0,5
420.9632864526399,80.50748288089733,1,1,1,0,0,5,39,1,53511,4,0,5
564.9401930036397,,1,1,2,1,1,8,22,1,30373,5,0,5
969.1918633282988,64.17269447663536,1,5,2,2,1,17,20,0,59583,2,0,5
723.6118356652554,146.12901295539604,1,3,2,0,1,22,42,0,43636,3,1,5
,18.12349290524007,1,3,0,2,0,1,57,1,55919,2,0,5
235.07817382439455,,0,5,1,1,1,10,39,0,102000,5,0,5
555.0230799472727,,0,4,1,1,0,15,65,0,95526,3,0,5
962.1849437772642,179.3451544447081,0,0,1,2,1,17,37,1,93394,5,0,5
50.59606328781408,39.981815321652306,0,3,1,2,1,14,37,0,61689,2,0,5
861.7132749010183,,0,0,2,2,1,10,67,0,59181,5,0,5
566.7462393729995,189.8550698893764,1,4,1,2,0,22,68,1,104031,1,0,5
96.2352630853659,103.05178218677612,1,2,2,0,1,13,33,1,105828,4,0,5
778.5144512098753,162.07374522924383,0,2,1,0,0,6,42,0,68677,4,0,5
626.8454124780718,172.38665159150696,1,4,2,2,1,14,31,0,106252,1,0,5
960.3722976493888,,1,1,2,0,1,5,22,1,101498,5,0,5
968.6530958037528,108.55338491745086,1,3,2,3,1,7,35,1,68745,4,0,5
860.582836151302,199.8046486126888,1,3,1,3,1,1,18,1,104822,3,1,5
458.9920292206937,,1,1,1,3,0,20,62,1,53904,1,0,5
,79.79935750459713,1,1,0,2,1,13,44,0,110121,4,0,5
566.429772192888,,1,0,2,3,1,18,59,0,71838,3,0,5
455.5956665365033,161.00849318480692,1,1,2,1,0,20,59,1,112167,1,0,5
254.35013052742627,,1,3,2,2,1,1,52,0,95476,1,0,5
704.7624974088883,,1,0,1,0,0,12,21,0,67879,4,0,5
679.5879532785879,151.07117165080948,1,1,0,2,0,6,60,1,93612,5,0,5
,15.029251049498548,1,4,1,1,1,13,58,1,117034,2,0,5
397.7788039891573,126.21975368892376,1,2,0,1,1,4,33,0,89049,1,0,5
401.6220204893528,,1,1,0,1,1,2,35,0,93570,5,0,5
472.0744132592392,,1,1,2,2,1,5,18,1,77348,4,0,5
330.8994776185097,11.802704496770543,0,1,1,2,1,12,41,1,82295,2,0,5
71.44086790307924,13.36469757616088,1,0,2,3,0,9,49,0,62108,5,0,5
,49.85487355134766,1,2,2,1,0,13,47,0,81738,2,0,5
940.1609258286494,150.82516778038618,1,1,2,1,0,6,58,0,78133,5,0,5
99.0147371147434,52.94227599113077,1,2,1,0,0,8,58,1,49717,3,0,5
437.7476148893562,,1,1,1,2,1,22,65,0,71842,1,0,5
374.03484409749746,102.23403148638042,0,1,1,3,0,8,28,0,88714,3,0,5
676.2304246639495,151.39528369474962,1,3,1,3,0,23,42,1,55681,7,0,5
888.4956565403188,79.24853605925823,0,3,2,1,0,13,51,0,76756,1,0,5
857.7922406772009,177.05998826847406,0,5,0,2,1,10,44,1,85316,4,0,5
236.72672837802077,5.759599276387939,1,2,1,2,1,1,61,1,60115,4,0,5
,56.22791184234139,1,5,2,2,1,16,54,0,61813,3,0,5
437.1846880953088,63.31955174924813,1,1,2,0,1,23,62,1,117710,5,0,5
974.4163503008552,55.20312967295931,0,0,2,3,0,2,62,1,94707,3,1,5
751.1009703571107,74.68388853193852,1,3,0,1,0,12,47,0,51750,5,0,5
458.5423340547915,40.165176251845125,1,5,0,1,0,7,53,0,47150,1,0,5
427.7693951733605,185.0856498149227,0,0,2,3,0,2,44,1,86485,2,1,5
926.726065893826,60.97576655222492,1,3,1,1,0,2,40,1,81475,3,0,5
210.80248824097455,178.11900851555544,1,3,1,3,0,15,31,1,78979,2,1,5
892.5456992482209,14.979516432088149,1,4,0,0,0,4,38,1,44164,2,0,5
659.1316596247553,93.70236597130808,1,0,1,0,1,21,57,0,50740,1,0,5
391.4698990550407,,1,0,0,0,0,22,58,0,37526,4,0,5
950.601133183008,151.29262388159847,1,3,0,0,0,3,64,1,116733,1,0,5
473.855249823987,,0,2,2,0,0,1,56,0,85948,4,1,5
125.2739589245132,156.25310684534614,0,3,0,3,0,21,55,1,113418,2,0,5
937.8019887375946,,0,2,2,2,1,1,34,0,90946,6,0,5
818.0489809538574,,1,4,0,2,0,5,26,1,72499,1,0,5
257.65352188168913,181.33843997865503,1,1,1,3,0,16,19,0,66876,5,0,5
,188.81131913891028,1,5,1,3,0,14,33,1,37026,4,0,5
,29.237220256289294,1,4,2,2,0,6,32,0,87780,5,0,5
,133.86054078073303,1,2,0,2,1,5,60,0,63901,2,0,5
270.41911372529836,37.73831318563552,1,3,2,2,0,19,52,0,48618,3,1,5
27.292948332156897,61.89301518897046,1,0,2,3,0,6,40,1,53006,5,0,5
886.5805104641911,39.540796208551754,1,1,2,0,1,8,33,1,54886,5,0,5
275.1913272599348,91.96915135209696,1,3,1,1,1,17,19,0,29690,1,0,5
,166.71685887201278,0,1,2,3,0,18,18,0,63430,5,0,5
341.95429416810185,192.28490948975875,0,1,1,2,1,12,59,1,114882,2,0,5
428.8852114889869,70.48659957796932,1,5,0,1,0,10,26,1,100516,2,0,5
720.3607147446116,5.492906487787996,1,5,0,2,1,24,29,1,54537,5,0,5
822.9979174133623,51.2459029496235,1,2,2,0,0,24,46,1,78130,3,0,5
248.63559054881543,85.43769432639743,0,4,2,1,1,20,43,0,109154,4,0,5
196.46292724525983,51.65670051757105,1,5,2,1,0,13,23,1,105250,4,1,5
123.85570811322168,176.53917012795182,1,1,2,3,1,23,50,1,111262,4,0,5
838.8967400721955,69.20577938948588,1,4,1,0,0,4,69,0,57374,1,0,5
239.59621233016892,96.25119333430315,1,0,0,0,0,19,60,0,112272,5,0,5
382.2087803140545,159.93480312534462,1,2,1,0,0,2,20,0,93653,2,0,5
,90.59033529246318,1,3,2,0,1,17,40,0,69446,3,0,5
998.0165716724224,122.68212733990642,1,4,2,0,1,19,66,1,72621,2,0,5
127.78432214211688,176.5567724044666,1,1,1,1,1,6,28,1,80335,3,0,5
325.1025005006782,150.44581903102434,1,2,0,3,1,7,21,1,40912,1,0,5
520.3000243109288,163.0911792200749,0,0,0,3,1,15,24,1,82325,2,0,5
484.7176693354677,8.187059341716552,1,1,0,0,0,1,62,1,49929,5,0,5
711.050721781599,88.75991805849428,1,3,1,2,0,22,25,0,74705,5,0,5
,60.396752043759605,1,3,2,2,1,12,42,0,51704,5,0,5
,8.302263026155398,1,3,2,0,0,14,40,0,111975,2,1,5
801.9515688770235,27.49050267139308,0,4,2,3,0,2,33,0,50719,3,0,5
,54.10710831012493,1,1,2,3,0,7,39,1,47594,3,0,5
612.0366136367821,60.10512910236392,1,1,1,1,1,15,26,0,29131,3,0,5
492.88410974876984,95.29252744535506,0,5,2,1,1,16,64,0,99965,4,0,5
511.9363657950907,193.22591506654473,1,3,1,1,0,15,34,1,54022,4,0,5
222.2246096272832,97.9156756817583,1,3,1,1,0,6,25,1,42972,4,0,5
203.89646718633435,,1,1,0,0,1,12,19,1,59062,2,0,5
,57.57462850725297,1,5,0,1,1,9,28,0,84031,3,0,5
102.42841368102096,,1,4,0,2,0,10,35,1,105503,8,0,5
727.7213058120939,180.01657275561814,0,3,2,0,0,23,67,1,115809,1,0,5
124.02428229258176,162.0937283599163,1,1,2,3,0,18,48,1,99369,1,0,5
551.9736759176534,30.70220990879864,1,3,1,1,1,10,66,0,77545,1,0,5
616.6285179265434,42.889374899791946,0,5,1,2,1,4,62,0,109756,2,0,5
121.27088043843028,124.30752269911376,0,1,2,0,0,11,35,1,46103,4,0,5
165.98712899045597,4.880770448938554,1,2,2,1,0,23,46,0,97972,4,0,5
218.674124919464,,1,5,0,2,0,14,46,0,66645,4,0,5
65.13871937502425,32.04759042747041,1,4,2,2,1,11,43,1,84272,1,0,5
786.4949389664761,,1,0,1,3,1,21,61,1,109589,4,0,5
491.42683966294743,,0,3,0,0,0,24,66,1,88711,4,0,5
,11.186519408827,1,1,0,1,0,24,40,0,78587,5,0,5
206.0402655901283,,0,3,0,3,0,17,47,0,76227,2,0,5
734.497773001356,169.132810157637,1,0,0,3,1,6,42,1,53549,1,0,5
665.7771678031166,111.38374188142956,0,1,1,1,1,5,37,1,106612,4,0,5
,,1,0,2,0,1,4,23,0,104912,4,0,5
832.9955122330488,143.27447205022435,1,5,1,2,0,4,25,1,105118,2,0,5
111.44826704842548,82.36689676898862,0,3,1,1,1,10,39,1,38772,4,0,5
,160.69938460294287,1,5,0,0,1,14,68,0,104658,1,0,5
779.3495153242145,133.16862140852996,1,3,1,3,0,17,57,1,52941,4,0,5
,182.19220230331985,1,3,1,3,1,10,54,1,51468,5,0,5
985.4348545539348,,1,1,1,3,1,5,66,1,48175,4,0,5
,136.96525938026957,0,3,0,0,1,11,39,0,38178,2,0,5
958.6619468901192,62.96620678949847,1,1,2,1,0,23,51,0,102421,3,0,5
28.719004180298935,90.77048172563109,1,4,1,2,1,12,28,0,32328,2,0,5
,184.5631895541491,0,2,2,2,1,17,45,0,97896,2,0,5
,120.51771816209214,1,2,2,0,0,1,64,0,64243,3,0,5
19.86149638344703,37.43548482916357,0,5,2,1,0,23,33,1,82269,2,0,5
54.32969396867327,46.391295384370146,1,3,0,0,0,3,61,1,77380,4,0,5
61.36035687691921,65.34938857185337,1,0,0,1,0,2,60,1,39762,3,0,5
849.6009917796753,29.726566983398616,1,2,2,0,0,17,63,0,65123,3,0,5
595.9396869614991,46.00637352525885,1,0,0,2,1,22,53,1,49520,2,0,5
349.01483324726826,132.31663314404688,1,3,0,3,0,13,33,1,107987,1,1,5
629.5712894857347,7.888582966285562,1,4,0,0,0,22,65,1,115282,2,0,5
578.4849360432027,0.4761706113200592,1,4,1,0,1,12,21,0,92118,5,1,5
851.5886909009923,185.58503753757992,1,1,0,3,0,2,43,1,53843,4,0,5
,190.22954328937584,1,0,2,2,1,21,63,0,102636,5,0,5
431.04246998357866,35.99271165530031,1,5,0,3,0,10,29,0,75784,4,0,5
146.36128519101743,129.28715882035542,0,4,1,2,1,7,49,1,64835,3,0,5
,133.49824483698868,0,2,0,0,0,20,24,0,85921,3,0,5
432.89718677832377,194.7399232773932,0,0,2,1,0,2,38,1,55353,1,0,5
,,1,0,2,1,0,3,35,0,107353,5,0,5
604.5407499234803,147.23760091365114,0,4,1,3,1,6,51,1,68672,3,0,5
,77.27869938158078,1,0,0,0,1,18,62,0,48387,5,1,5
104.51514599436383,149.5554592361752,1,5,2,0,0,19,66,1,101991,3,0,5
780.8298452087738,65.10893924368395,0,2,1,3,1,13,60,1,81262,5,0,5
,,0,1,2,2,1,4,18,0,90841,1,1,5
532.5061085363001,154.2409209935846,1,0,2,3,1,22,28,0,52732,5,0,5
105.42821097551314,88.90921811164323,1,5,0,2,0,18,63,1,72854,3,0,5
782.3142498123012,44.19015458977531,1,2,1,1,1,24,57,0,52572,1,0,5
,14.648812715914673,1,0,1,1,1,9,43,1,68382,3,0,5
713.5724301114639,5.225501632447194,1,4,0,0,0,9,62,1,64081,3,1,5
768.1379455599579,31.801006790358286,0,5,2,2,0,3,36,1,88993,2,0,5
526.9928673787526,98.07914677895197,1,3,0,2,0,22,56,0,88192,1,0,5
171.8487040410379,53.913755742206135,1,1,2,0,1,8,26,1,94235,5,1,5
798.2862643259642,78.28414165998427,1,0,2,1,0,6,18,1,75209,2,0,5
233.72047367320624,52.54791975389554,1,0,2,0,0,6,29,0,71821,3,0,5
260.9679392832821,167.8695889960853,1,5,0,3,0,10,69,0,56522,4,0,5
841.2000763950995,106.95345236228552,1,5,2,0,1,20,64,0,108977,4,0,5
634.8750539980268,171.612221045205,0,4,2,0,1,18,25,0,56984,3,0,6
997.6594609999008,5.687927142337457,1,1,2,0,0,16,51,1,103565,2,0,6
,54.59137099983846,1,4,0,1,0,22,42,1,61043,4,1,6
238.11921993997709,,0,0,2,0,0,22,25,0,91335,8,0,6
,37.16336949503525,1,2,0,0,1,7,63,1,42086,1,0,6
262.01270668681997,174.2900783988488,1,4,1,0,0,24,62,1,43006,1,0,6
,,1,4,0,1,1,20,53,0,94535,4,0,6
454.6252521311362,33.77558431722234,1,1,1,3,0,11,42,1,100409,4,0,6
4.68897898876508,,1,0,1,2,0,14,40,1,96466,1,0,6
,155.68720866069086,1,5,2,2,1,5,60,1,116295,1,0,6
463.7750070443405,106.26462474985604,1,0,0,0,0,18,26,0,43640,5,0,6
368.7950172015345,121.0785830544354,1,3,1,3,1,10,58,1,113720,4,0,6
537.4123932536284,100.66763902606728,1,2,2,0,1,8,48,1,66599,1,0,6
163.33718159975797,161.97172971364807,1,2,1,0,0,22,68,0,58708,1,0,6
230.0859116173443,71.46556770603037,0,3,1,0,1,22,56,0,47309,1,0,6
314.80876109145174,,0,4,1,0,1,19,39,1,71297,3,1,6
116.438583193471,159.12923998920343,1,6,2,3,0,16,18,1,104202,2,0,6
431.0141068493049,35.809113660779566,1,4,0,0,0,4,53,1,50070,2,0,6
498.0353012830865,51.76465400411363,1,5,2,0,1,19,52,0,71261,5,0,6
287.3831410593947,,1,5,1,3,0,6,19,0,34607,1,1,6
185.8306540425768,66.90272346501467,1,4,2,2,1,11,55,0,93117,4,0,6
943.1629528142593,124.160454821002,1,1,2,3,1,8,43,0,108321,5,0,6
634.8505601591169,152.35047600068478,1,2,0,3,1,21,52,0,53139,3,0,6
195.88902185040124,191.80751032719976,1,1,0,3,1,16,31,0,43664,3,0,6
145.97191222753492,14.551887520726602,1,2,0,2,0,9,29,1,39313,2,0,6
698.3254217716245,52.53187913095092,1,4,0,0,0,10,37,0,44773,4,0,6
639.5364475445253,39.54387181648917,1,0,0,0,0,21,46,0,108374,1,0,6
,,1,1,1,3,1,2,49,1,83486,2,0,6
702.5130153487087,,1,1,0,0,0,3,20,1,79943,5,0,6
370.74074626892974,168.34297493370477,0,5,1,3,0,8,46,1,106090,2,0,6
964.0194283864404,37.196741904068546,0,4,2,1,0,21,52,0,58749,4,1,6
794.9925660423269,93.61372141354636,1,4,1,2,1,20,21,1,57073,3,0,6
507.89771022858264,46.206543107992104,0,2,2,2,0,8,62,0,50813,5,0,6
477.62455782121447,27.89863376820221,1,3,0,1,0,15,67,0,105767,4,0,6
190.33873846344028,160.14518746998522,1,5,0,3,1,10,27,0,71614,5,0,6
771.3298960127435,,1,1,1,0,1,18,63,0,88042,3,0,6
141.61103080546457,,0,4,1,1,1,21,51,0,41755,4,0,6
101.52473717203814,45.18478561656081,1,5,0,2,1,13,69,0,87841,5,0,6
320.22040382571436,,0,1,1,1,0,19,48,1,99913,3,0,6
110.88607642890967,61.63033266198963,1,0,1,1,1,3,57,0,101461,2,0,6
248.1679317536717,183.46177687946715,1,5,0,1,1,9,60,1,103065,5,0,6
461.90996272976827,90.6148995219328,1,3,1,3,1,4,69,0,86700,2,0,6
224.97254336019367,,1,3,0,2,1,3,54,1,66106,2,0,6
926.3314913385552,152.10664982236773,1,1,2,2,0,21,30,1,52789,3,0,6
,112.00727295854946,0,3,0,0,1,9,18,1,40574,3,0,6
,,0,3,2,3,1,10,61,1,114632,5,0,6
239.96972287792428,,0,5,1,0,1,23,46,0,72021,3,0,6
,32.772574092683506,0,0,0,3,1,2,38,1,86848,4,0,6
845.4149107006117,68.11892519547023,1,2,1,3,1,11,69,0,57758,2,0,6
588.3607798330149,132.90312159540753,1,4,1,3,0,7,61,1,68108,1,0,6
380.10914313222776,133.94023955914537,1,5,1,1,0,11,37,1,60333,3,0,6
,188.03486682895056,1,0,2,2,1,15,51,0,60844,1,0,6
841.511562754173,81.95323087182156,1,1,2,2,1,13,19,0,50850,4,0,6
554.6480086752293,,0,5,1,3,0,10,39,0,37719,4,0,6
777.602244881868,23.12279589391086,1,4,2,2,0,15,62,1,56797,2,0,6
489.0332654084502,9.517561986687184,1,2,0,2,1,21,43,0,44533,3,0,6
,59.56934210303544,0,4,1,1,0,11,30,0,87604,5,1,6
,2.529611707547907,0,1,2,2,0,20,30,1,34254,4,1,6
599.7339382333408,47.8249776301614,1,4,2,1,1,9,68,1,103189,6,1,6
260.2641586157153,54.14675398821905,1,5,2,0,1,16,41,0,64711,2,0,6
,100.90220355717452,1,3,1,0,1,11,19,0,75570,4,0,6
,44.074297218722734,1,0,2,1,0,23,21,0,79295,3,0,6
693.5918391380903,112.22454907002697,0,4,2,1,1,21,24,1,63050,4,0,6
579.636658234253,50.788566984036066,1,2,0,1,0,18,65,1,53603,5,0,6
,103.5687973168053,0,1,0,3,0,23,52,0,70435,2,0,6
,118.94111035008444,1,1,1,3,1,6,48,1,89680,2,0,6
583.7336031690684,111.10941918720722,1,3,1,3,0,23,39,1,67316,4,0,6
,116.79443830695293,1,2,2,2,0,7,25,1,70028,2,0,6
626.9774262685174,138.4288721058559,1,3,2,3,1,4,24,0,76926,4,0,6
,,1,3,1,3,0,12,42,1,74612,2,1,6
,52.97142933369451,1,0,1,2,1,5,57,0,64831,4,0,6
,134.64313138152667,1,1,2,0,1,16,54,1,81405,4,0,6
911.0740083414688,135.83294674707236,1,5,2,2,1,12,31,1,102845,1,0,6
,60.93772697750075,1,0,0,3,0,1,63,1,116689,1,0,6
627.0413566997534,106.26207937638048,1,3,2,3,1,22,20,1,31458,4,0,6
,76.4381081472616,1,1,0,1,0,5,19,1,26787,2,0,6
553.8800696757501,153.45980099364712,1,2,2,2,0,3,55,1,83084,3,1,6
868.918880801913,110.7109509276364,1,1,2,0,1,21,40,1,53417,1,0,6
706.5233318838356,91.3211241028667,0,2,2,0,1,18,31,0,77805,5,0,6
604.1902127750354,158.05722223423325,1,2,1,0,1,22,27,1,94514,5,0,6
292.61899872189923,116.32585032771712,1,0,0,0,0,14,41,1,32762,3,0,6
,46.45356297325813,1,3,0,0,1,1,57,1,101025,4,0,6
354.3156387120233,36.67994638851191,1,2,0,3,1,16,57,0,41377,3,1,6
,83.66278791246859,0,4,1,0,0,8,40,1,90333,4,0,6
952.4548750542524,57.30247036620757,0,4,1,0,1,3,57,0,58164,2,0,6
831.3880343808848,,0,1,0,1,0,16,69,1,44249,2,1,6
294.42506252162224,175.86058419637533,1,4,2,0,0,4,40,1,104564,4,0,6
242.73688449572617,,0,1,0,2,1,3,39,1,87107,5,1,6
994.153008792966,66.14842982998393,1,2,0,3,0,3,41,1,109131,2,0,6
,47.754533762120424,0,4,2,3,0,15,25,0,53291,2,0,6
15.405414714620647,122.42582728909098,1,5,1,3,0,23,28,1,98090,3,0,6
,178.50208873188228,1,2,0,2,0,23,28,0,85161,3,0,6
256.7646940447973,,0,3,0,1,1,12,52,1,57536,2,0,6
303.1983276186723,90.12876334777388,1,0,2,1,0,15,32,1,61489,2,0,6
502.92853678081696,189.2514705439609,0,1,1,3,1,4,25,1,74619,4,0,6
32.262921647446376,30.25718890359543,1,2,2,1,0,10,39,1,68778,5,0,6
567.2518931513129,162.14246566221607,0,0,2,1,1,14,51,0,99696,2,0,6
593.6895931427755,,0,3,1,1,1,17,57,0,49155,2,0,6
725.9709200156605,91.21071918005312,1,5,2,3,1,21,63,1,66163,2,0,6
,153.71264022171653,1,5,2,2,0,19,47,0,56055,5,1,6
639.3355410616513,51.11355183172679,1,4,0,0,0,19,18,1,62446,5,0,6
496.53345235746013,132.03527030937576,1,4,1,2,0,3,24,1,54677,4,0,6
895.3185235601702,105.07159275497398,1,4,1,2,0,8,56,1,65244,5,0,6
,81.41313473508902,1,5,2,0,1,2,20,0,83095,5,0,6
103.4179357272359,64.85246299120726,1,2,0,3,0,13,24,0,69537,1,0,6
688.3604013551485,187.23272838901713,1,1,0,1,0,19,40,0,86538,4,0,6
,145.31782821754072,1,4,0,1,0,11,43,0,44777,2,0,6
79.55133633644141,,1,0,2,3,1,19,29,0,42113,4,0,6
449.46309207987144,60.769031204665346,0,5,2,0,0,2,52,0,100062,5,0,6
724.1780546314623,42.55550959277754,1,2,2,2,1,24,47,0,46522,1,0,6
,83.02230885050375,1,5,2,0,0,15,50,0,108577,2,0,6
320.1258937406746,76.6626237394505,1,4,1,2,0,13,66,0,78081,4,0,6
502.9094915224294,61.56103660163144,0,1,1,3,0,15,47,1,105015,4,0,6
207.0756346957352,58.263427210858424,1,2,1,2,0,15,69,0,88361,2,0,6
,188.8043457315257,1,0,0,2,1,3,26,0,83519,3,0,6
427.840355782552,180.94056832718175,1,1,2,2,1,6,53,0,72746,1,0,6
702.2346164199056,131.6514894343858,1,1,1,1,1,4,28,0,90388,5,1,6
,95.12238416726817,1,2,0,2,1,3,19,1,33280,2,0,6
213.0186950401286,54.69107622124842,1,5,0,0,1,7,30,0,37378,2,0,6
594.2860456070092,93.09283668367544,1,4,1,0,0,20,25,0,55676,1,0,6
,27.072608592135296,1,0,2,2,0,2,56,0,63096,5,0,6
,54.04013562161543,1,4,1,2,0,15,33,1,38329,4,0,6
421.6507291729573,158.71877068283564,0,0,1,1,0,17,53,1,37244,3,0,6
638.3647117065818,132.78283026287318,1,2,2,2,0,15,30,1,102467,2,0,6
292.2591276101594,128.0588671768548,1,1,0,1,0,21,19,1,65771,3,0,6
209.43477547944144,173.71068519485863,1,1,0,3,1,17,56,1,77838,2,0,6
361.1702856275595,155.4244675665477,1,2,0,2,1,8,20,1,72913,3,1,6
157.77278132060323,11.764371291360607,1,1,1,0,1,6,23,1,73973,1,0,6
672.773632065972,193.71203683421655,1,4,1,1,0,2,29,1,54508,1,0,6
,,1,1,0,2,1,11,29,1,66836,8,0,6
12.337234918771587,173.7688143188914,0,5,2,1,0,13,41,1,89129,2,0,6
325.1035991296972,,0,3,0,2,1,22,66,1,82973,4,0,6
,,1,2,1,0,0,7,24,1,90011,5,0,6
192.33047465007056,18.522604458719517,1,4,0,1,1,13,66,1,44452,5,0,6
619.374883216763,21.99617269032266,1,1,2,3,0,20,68,0,43309,2,0,6
671.6932974425514,42.45176944445728,1,5,0,1,1,3,41,1,73486,3,0,6
,99.26889895700842,1,0,2,2,1,5,29,1,90071,4,0,6
294.0699036215604,177.80656917124645,1,2,2,0,1,16,54,0,81635,3,0,6
461.1410930148134,,1,4,0,3,0,5,64,0,98334,2,0,6
550.5227501166795,5.109941069114643,1,1,1,1,1,11,47,0,75756,4,0,6
104.57549644825048,,1,1,2,0,0,3,20,0,66603,1,0,6
229.76288773645905,,1,4,1,2,1,23,20,0,63181,3,1,6
876.8646177535281,99.3797554723936,1,3,1,0,1,24,52,1,89476,2,0,6
144.82896672119938,138.94235000829934,0,5,0,1,1,17,23,1,52026,4,0,6
92.9891854888336,,0,5,0,1,1,10,37,1,53223,3,1,6
,24.55324140335977,1,4,2,3,0,15,36,1,94337,1,1,6
665.8133273495282,19.961616901970757,0,4,0,0,0,15,60,0,84278,2,1,6
560.4440506627235,132.07986690483168,0,3,0,1,0,11,37,0,83674,4,0,6
485.40862071987857,142.02879830953063,1,4,2,3,0,1,36,0,44755,5,0,6
235.14629790138707,87.50615667352409,1,1,0,3,1,20,18,1,56741,3,0,6
514.4804770794275,99.21180562918587,1,1,1,1,1,22,62,1,45159,4,0,6
18.667938213575265,38.39295112873635,1,4,2,0,1,6,32,0,107809,2,0,6
419.70513451876354,24.98313589659005,1,3,2,1,1,19,24,0,89578,3,0,6
,,1,0,0,3,1,5,25,1,61494,3,0,6
662.0687124498933,,1,0,2,2,0,14,53,1,100960,4,0,6
,142.71381194162734,1,5,0,2,0,22,53,1,47383,3,0,6
538.933672828274,107.98616001856344,0,0,2,1,1,18,58,1,98844,3,0,6
935.6048067026928,138.99745682496606,1,4,1,3,1,13,56,0,45524,2,0,6
675.7273881337944,78.24471393181373,0,5,0,3,0,3,56,1,46511,4,1,6
,0.8497247900091542,1,5,0,1,0,14,53,1,73344,1,1,6
,73.98065111741694,1,5,0,1,1,10,40,0,91355,1,0,6
85.8557763057527,99.68932447420715,1,2,0,1,0,10,40,0,40322,4,0,6
434.263527531519,118.350042326173,0,3,0,1,0,20,62,0,46013,5,0,6
198.22331278321337,76.4815324564571,1,3,1,2,1,8,18,0,102746,5,0,6
414.75433125044714,49.23084052829434,1,0,1,2,1,11,41,1,75334,5,0,6
738.807076862151,19.66786797440987,0,5,0,0,0,19,42,1,67576,3,0,6
114.71413810196862,46.080571461370745,0,1,2,1,1,3,18,0,83437,5,0,6
530.6749224842902,19.49968457479827,1,1,1,3,0,10,58,0,81977,5,0,6
683.5032816338296,,1,5,2,2,1,21,22,0,65066,3,0,6
317.6005387103219,141.87018560006896,0,1,2,3,1,14,25,0,59079,2,0,6
612.3781717189238,109.87284925104166,1,0,0,2,0,22,39,1,75399,1,0,6
14.534141653386843,93.02492678142676,1,5,2,2,0,16,32,0,52654,3,0,6
398.5091984153156,,1,1,2,3,0,21,28,0,38832,5,0,6
96.50662742067172,,1,1,0,0,1,3,39,1,75834,5,1,6
305.33843826726013,115.91385465776548,0,2,0,2,1,4,36,1,52962,4,1,6
23.8288308928708,120.43021246646217,0,2,0,0,0,24,26,1,42064,5,0,6
129.17030118998474,119.19826152046012,1,2,0,0,0,4,57,0,77418,2,0,6
469.5992605584125,64.32342377357278,1,0,1,3,0,12,21,0,40766,3,0,6
399.5201394039788,37.90858811147615,1,5,2,2,0,10,51,1,67853,2,0,6
877.9289347394152,136.25510307352863,1,1,0,1,1,2,42,1,84344,2,0,6
183.91003650225423,,1,2,2,3,0,20,20,0,101080,2,0,6
,78.97285064300372,1,3,0,0,0,24,28,0,101018,5,0,6
177.5536900879423,149.8820274190392,1,1,0,3,1,15,43,1,39292,5,0,6
966.662669017328,,1,5,1,3,1,23,64,0,43791,2,0,6
991.000468253328,67.4216111152766,0,2,2,3,1,1,19,1,105175,2,1,6
,24.261380267434475,1,2,2,0,1,6,29,0,37020,1,0,6
68.55755913146677,13.180645485164888,0,0,2,2,0,24,54,1,101240,1,0,6
328.48889411802264,,1,5,1,2,1,5,56,0,55822,3,0,6
,93.29126883222712,1,5,1,3,0,10,37,1,37896,4,0,6
536.7444371043812,139.54540283758905,1,2,1,3,0,19,60,0,83797,5,1,6
561.6347105826818,,1,0,2,3,1,22,27,0,42879,4,0,6
956.1697101235166,126.648410929784,1,1,0,0,1,14,48,1,111155,5,0,6
85.45389287242855,121.63424570810682,1,0,0,2,0,12,21,0,37686,5,0,6
921.5377973601258,199.3702796450731,1,1,1,3,0,23,42,0,88415,3,0,6
879.0884126258865,,1,1,0,3,1,15,51,1,113153,4,0,6
,134.98666413382082,1,4,2,0,0,5,57,1,46490,3,0,6
340.8791116169555,95.61346292000994,1,1,0,1,0,11,47,0,88074,4,0,6
171.58509943006428,156.3247915564236,1,5,1,1,0,5,48,1,58732,1,0,6
74.57035693480852,116.6436677597854,1,0,2,1,1,17,44,1,77903,1,0,6
406.7572330079108,69.40447329634058,1,2,2,1,1,24,51,0,99522,4,0,6
263.3122037328701,18.98525110144744,0,3,0,3,0,10,50,0,35401,5,0,6
478.4982362406281,,0,5,2,2,0,18,41,0,100944,2,0,6
901.6565366558992,83.90135223248004,1,5,0,2,1,7,44,0,75115,4,1,6
29.23315829578932,53.69633623503525,1,1,2,2,0,12,40,0,77106,3,0,6
536.0639711821417,30.046149304732705,0,4,1,0,0,21,31,1,43618,1,0,6
502.4099391530718,11.727576208302873,1,2,2,3,1,24,21,1,75340,2,0,6
700.8064572460817,,1,4,1,1,0,7,49,1,98937,1,0,6
937.6733336158557,162.8612128047574,1,3,1,2,0,7,29,0,89228,3,0,6
319.7717068025464,,1,3,0,1,1,14,25,0,57567,3,0,6
269.05106908974165,,1,2,2,0,1,14,52,1,40653,2,0,6
,,1,5,0,0,0,20,66,1,45723,3,0,6
,184.98504837104937,0,0,0,0,1,18,42,1,100255,4,0,6
119.34325575265814,137.3267470261627,1,3,2,0,1,12,39,0,65957,3,0,6
4.352995485237376,123.15062701246266,1,4,1,2,0,22,64,0,94526,4,0,6
190.39604031388413,99.36684339914407,1,5,0,1,0,8,65,1,82358,2,1,6
799.7512561713017,,0,2,0,0,0,22,44,1,59598,3,0,6
619.5467754448573,,1,1,2,3,0,17,23,1,98987,1,0,6
,30.290933665620923,0,5,2,0,0,4,41,1,41633,5,0,6
820.0531785437414,39.78454809269702,1,1,1,2,0,14,30,1,99030,1,1,6
257.5218473788343,38.56369277283924,1,5,2,2,1,16,52,0,111128,4,0,6
775.8802643042051,128.1486834449717,0,1,2,0,0,4,65,1,107052,5,0,6
66.16353967608202,26.39729695062909,0,1,1,0,0,5,31,0,40489,5,0,6
810.4941634494361,61.04507540184425,0,3,2,1,0,22,26,1,44684,5,0,6
,36.90914289862239,1,4,0,3,1,21,21,0,27884,1,0,6
,171.8885236989937,1,0,0,1,1,23,28,0,52918,5,0,6
582.269142639892,8.427918277425196,0,1,0,1,0,13,53,1,81247,1,0,6
5.742536368504636,31.138805611704655,1,2,2,1,1,21,25,1,84330,5,0,6
356.3828925593051,1.0703432225140697,0,3,1,1,0,18,44,1,89238,3,0,6
413.4960317404854,118.57589234967128,1,2,0,1,0,10,33,0,50293,4,0,6
149.509995229281,69.97658089387973,0,5,0,2,0,8,49,1,43784,1,0,6
641.6445469511901,158.89729034722032,1,3,1,2,0,18,36,0,101288,4,0,6
516.2530128119613,,1,0,0,1,1,4,24,0,46821,4,0,6
,129.89686228689828,1,5,1,3,0,13,19,0,79559,4,0,6
89.3851095821403,133.6511260152702,1,4,0,2,0,12,48,0,69843,2,0,6
,28.27761311886505,1,1,0,3,1,6,27,1,57121,2,0,6
490.61474959586513,45.960179647658265,1,5,2,0,1,4,61,0,70110,1,0,6
634.0597194221231,,0,1,2,3,0,11,60,1,62468,5,0,6
904.9643832191424,89.29341854934314,1,2,1,1,1,8,52,0,77402,8,0,6
718.6360120607826,160.1733917583126,1,4,2,2,1,11,18,0,45656,3,0,6
127.48607295981571,2.452800681515699,1,2,0,0,1,2,58,1,55961,4,0,6
287.9120247216037,88.28334985619455,0,2,0,3,1,6,52,1,40180,5,0,6
898.2760934643023,,1,1,1,1,0,7,57,0,49503,1,0,6
,168.01198603919818,1,3,1,2,1,2,25,1,71490,4,0,6
,3.560984826194291,1,5,2,2,0,9,61,1,97581,5,0,6
670.8706544364478,150.43931185744384,1,2,2,1,1,22,49,1,60021,5,0,6
168.12147053928152,,1,2,1,3,1,19,29,1,79337,4,0,6
603.81127949814,43.39501388409377,1,0,1,3,1,20,52,0,101717,4,0,6
628.26040324009,114.84056993946628,0,4,0,1,1,8,19,1,38670,5,0,6
730.2372618793039,,1,3,1,3,1,13,68,1,65697,4,0,6
753.1941476648852,,1,3,2,2,1,21,20,1,87135,2,0,6
776.7119500964905,185.7990840150169,1,0,1,0,1,14,42,1,65159,4,0,6
892.5135626376704,116.81459232232515,1,0,1,2,1,24,53,0,52333,5,1,6
7.2056865480069066,126.7880015348386,1,5,1,0,0,15,59,1,61767,3,0,6
,,1,2,1,2,0,16,61,0,75866,3,0,6
600.1925058188003,,0,0,1,3,1,8,62,0,79754,5,0,6
37.56383423216736,86.64311463931165,1,1,2,2,0,10,38,1,50184,4,0,6
,152.75474392795957,1,5,2,3,0,16,22,0,42897,4,0,6
963.684897117416,,1,3,2,2,0,20,27,0,66065,5,0,6
461.4148700730194,131.103804843654,0,3,0,1,0,16,43,0,81327,4,0,6
,57.75974268018877,1,3,2,2,1,16,22,1,86089,4,0,6
222.20737985234595,66.94211389805751,1,5,2,3,1,18,18,0,97994,5,0,6
901.9724275987296,,1,0,2,2,1,9,34,1,85834,5,0,6
34.365698972696364,,1,5,1,2,1,8,31,0,99763,2,0,6
711.0958770893072,87.08486681757164,1,1,1,1,0,1,39,0,76450,1,0,6
249.33888701687613,,1,1,0,0,0,22,63,1,106780,6,0,6
751.7445793800559,47.555530918633735,1,4,1,0,0,19,67,0,106405,5,0,6
,33.691684429650294,1,1,1,0,1,14,66,1,46892,1,0,6
584.4467627876113,,1,2,0,2,1,10,28,1,54642,2,0,6
10.1233241961578,101.65527718482863,0,5,2,0,1,2,49,1,51130,5,0,6
425.7760925932115,150.0655910643521,0,2,0,1,0,23,57,1,78650,1,0,6
298.61643248401526,119.41826816926395,1,0,0,3,0,4,53,0,103882,2,0,6
662.9244295299784,,1,3,1,2,1,6,61,0,111237,3,0,6
865.2547571913183,172.00140239746295,1,3,2,0,1,21,29,0,104553,4,0,6
910.4551576840158,117.02268822122068,1,2,1,2,1,18,33,1,51735,1,0,6
240.40854710690704,,1,4,2,0,0,15,18,1,84194,5,0,6
439.9202449794463,189.52664019112143,1,0,2,3,1,17,53,0,70262,5,0,6
879.9618428803584,25.19844821858981,0,4,1,2,1,20,22,1,54246,8,0,6
471.3400012716169,,1,3,0,2,0,10,20,0,86921,5,0,6
141.45538627364985,153.14849722621867,1,4,0,2,1,3,49,1,74983,5,0,6
477.41321213095256,125.11998127070532,1,1,1,2,0,5,57,1,83746,2,0,6
611.3738540812391,185.9619020834905,1,1,0,1,1,8,33,0,57173,4,1,6
849.9611981265111,158.91744187596348,1,3,0,0,1,10,69,1,96201,1,1,6
216.7054009138597,170.86345031860003,1,5,2,3,0,16,50,1,81811,4,0,6
955.179448649681,36.172810889870945,1,4,2,2,0,1,37,1,103578,3,0,6
777.9910009141967,84.01796293598412,1,0,1,1,1,17,45,1,109041,5,0,6
,74.43007298120435,0,0,2,3,1,8,39,0,77979,1,0,6
,51.45289751220881,1,3,2,2,0,22,64,0,82073,2,0,6
941.5356205629962,50.0870824998902,0,0,1,3,0,9,21,0,68285,2,1,6
,34.227932061544905,1,4,1,3,0,3,58,0,72990,1,0,6
,119.58569026704686,1,0,1,2,0,7,50,1,81681,1,0,6
921.1944711130492,131.99395488621715,1,1,1,0,1,21,24,0,54358,3,0,6
442.4371251430739,194.4278204363789,1,1,2,0,0,9,66,1,102691,4,0,6
425.7334383036405,199.34276653946353,1,5,1,3,0,4,23,1,67427,4,0,6
377.4270117682563,102.0825898336072,1,2,0,2,1,23,42,0,101010,5,0,6
824.5740888695371,138.45599580254247,1,5,2,1,0,13,58,1,56084,8,0,6
155.63125238968846,102.2982291007111,0,2,0,0,1,3,22,1,69449,5,0,6
67.71133553553233,24.273929792098503,1,5,1,3,0,8,43,1,83585,1,0,6
,164.3029075554644,1,2,1,0,0,2,27,1,77567,1,0,6
944.0069015311168,77.55417353767126,1,3,2,2,1,19,65,0,78473,2,0,6
457.7397584065312,74.81629120430107,1,1,2,1,0,20,22,0,95055,3,0,6
307.4932591860023,128.9435306155112,1,2,1,3,0,2,45,1,104423,4,0,6
53.90454273241352,143.80908504049043,1,2,1,2,1,9,58,1,56884,3,0,6
663.2982865241812,140.60874078611548,1,1,1,2,1,24,27,0,91715,1,0,6
,126.76381784062984,1,1,1,2,1,20,53,1,102069,2,0,6
791.8048266440161,140.72983241367996,0,2,0,0,1,17,34,0,107403,4,0,6
406.00530036430746,110.56663454982844,1,2,1,2,0,15,68,0,77014,3,0,6
742.8309423980396,67.23957307642254,1,5,0,3,1,9,69,0,92761,5,0,6
181.0306063230258,79.21488130677363,0,4,1,3,1,20,41,0,79569,3,0,6
708.4236827504697,,1,0,2,0,1,20,66,0,110845,1,0,6
255.27494189787603,66.44734057446682,0,0,0,3,0,1,28,1,99287,4,0,6
816.5691132592017,165.1898759073783,0,2,2,1,1,2,20,0,74280,2,0,6
637.4529625270756,,1,2,0,0,1,1,56,0,84557,8,0,6
449.1191600619643,25.297025398088092,1,2,2,1,1,11,24,0,95237,3,0,6
129.26036878271307,10.315978888135556,1,3,0,1,0,7,40,0,46680,5,0,6
,185.5247280204971,1,3,1,0,0,17,27,1,98523,2,0,6
162.95945978244697,101.51379838175824,1,3,0,0,0,11,44,0,93649,5,0,6
376.4739190349072,17.4213050259711,1,5,0,0,1,24,54,0,107840,1,0,6
231.01372599915183,88.82497741900433,1,1,2,2,1,22,59,1,77619,2,0,6
,,1,2,0,0,1,16,28,0,65183,2,0,6
941.8073992328945,139.88606150298176,1,3,1,2,0,3,47,0,51971,2,0,6
50.85618056380736,0.8368393226054982,1,3,1,0,0,8,18,1,93559,4,0,6
129.90334304783346,112.61296405933808,1,3,1,2,1,14,41,1,33995,3,0,6
518.4862851026761,34.16271366769461,1,4,2,0,1,6,58,0,114666,4,0,6
741.3118848055042,,1,4,2,1,1,14,26,1,72080,4,0,6
287.142748235823,7.996761226507587,1,1,0,0,0,24,34,1,49142,3,0,6
797.8744469350268,3.0189837210865544,1,2,0,2,0,16,27,0,56672,5,0,6
220.67429066293985,42.05049179446028,1,0,2,1,0,2,69,0,102184,2,0,6
929.5707460018336,145.95535311836792,0,5,2,1,1,22,61,0,62482,3,0,6
553.8082726466691,114.35106940793014,1,1,2,2,1,14,33,0,54586,3,0,6
238.1520085023212,23.02581410865576,1,1,1,2,0,7,41,1,34622,4,0,6
546.8974994570128,96.72528111907376,0,5,0,1,1,18,48,1,65214,4,0,6
930.7078933753312,20.49562874344413,1,5,0,2,1,7,57,1,99489,2,0,6
836.1736029536863,101.1909122582196,1,4,1,3,1,13,48,0,89584,1,0,6
536.4810848719635,,1,4,0,0,0,10,66,0,92952,2,0,6
165.6144557479291,99.79198032132804,1,4,1,0,1,7,29,0,96497,2,0,6
942.546144378539,,1,1,2,2,0,6,45,1,64322,3,1,6
876.469028380358,91.27587084881344,0,0,1,3,1,16,39,1,49841,4,0,6
12.403090445255115,94.21488593664678,1,0,1,2,0,20,27,1,76042,4,0,6
72.82192885637362,132.8836438042256,1,1,0,1,0,11,22,0,48576,4,0,6
466.86999447210786,73.66597519601221,1,1,2,0,0,17,63,1,115585,4,0,6
569.1826197928995,137.26545726073238,0,4,2,3,0,18,48,0,92399,2,0,6
560.8353196869754,84.35727497253151,1,1,1,1,0,24,20,0,101494,3,0,6
615.6818857164741,,1,5,2,2,0,24,59,1,115794,2,0,6
684.847125402896,118.9542313170418,1,1,0,2,1,11,22,0,66438,3,0,6
937.6288256712362,107.3231046912323,1,4,1,3,0,23,52,1,78138,3,0,6
398.1606894091627,79.84609812547016,1,5,2,2,0,17,20,1,79013,1,1,6
28.96780278986544,,1,3,2,2,0,7,47,1,54998,4,0,6
565.701964623577,76.18796638425312,1,2,0,3,1,20,66,0,51264,1,0,6
,108.15191175249436,0,0,0,2,1,21,65,0,94397,5,0,6
232.9151562562708,2.3078584640016997,1,3,2,2,0,20,45,1,45674,2,0,6
,167.5497421094903,1,4,0,3,0,2,36,1,107009,2,0,6
896.6297911321064,27.28957004127104,1,4,2,0,0,18,68,0,70112,2,0,6
627.8234180491655,149.53241060850476,0,5,0,0,0,10,56,0,48997,3,0,6
737.1375442431267,195.3437860548588,0,5,0,1,1,9,69,0,94993,3,0,6
655.3160230919848,55.985915816515245,0,1,2,2,1,19,26,0,81422,2,0,6
329.3409704472685,194.2842690791982,1,2,2,0,1,5,27,1,44074,5,0,6
178.75322053733422,2.066905463967572,1,1,0,0,1,23,31,0,39859,2,1,6
384.7219514945376,169.28605306702173,1,5,1,3,0,17,63,0,75390,3,0,6
689.4206263125574,,1,4,0,2,1,13,62,1,98611,4,1,6
428.66356499201544,181.66661658083265,1,5,2,3,0,18,44,1,79427,4,0,6
455.7008704934868,117.76543284955582,1,5,2,0,1,13,35,0,102781,5,1,6
,158.43019860418093,1,1,2,1,1,24,63,0,76774,1,0,6
651.4361190722997,25.616712593924063,0,3,1,0,0,17,34,0,49492,4,1,6
839.3496979877056,88.70270027056817,1,5,2,0,0,2,35,0,107828,2,0,6
825.3467931593003,35.51021009045978,1,2,0,1,1,1,56,1,69756,3,0,6
152.41311552166582,70.31419941383828,0,5,1,2,0,4,68,1,66870,1,0,6
441.17507731237714,152.6917010365911,1,3,0,3,0,17,50,0,97864,2,0,6
302.5169716588352,,1,3,1,3,0,22,30,1,33878,3,0,6
971.9975553299332,141.80687248981442,0,1,1,3,0,24,48,1,82545,3,0,6
,110.02043020789604,1,4,2,2,1,17,58,1,78733,2,0,6
579.1095826263795,111.05071421599884,0,1,1,3,1,2,52,1,70864,1,0,6
544.4825011645055,3.5261156438530783,0,2,1,0,1,18,57,1,109453,3,0,6
714.7163277764234,39.276130964675815,1,1,2,0,0,2,68,0,102319,1,0,6
146.81298153025278,179.11664039725846,1,5,0,2,0,6,29,1,79256,1,0,6
,82.47255321801062,1,0,0,2,1,18,42,0,67311,1,1,6
,,1,4,1,2,0,7,36,1,73312,4,0,6
641.5973022003219,136.52087006239026,1,4,2,0,1,2,64,1,49566,3,0,6
995.2283122243904,171.71975412388483,1,2,0,1,1,4,42,0,69846,3,0,6
946.1714865284206,156.52329438786506,1,0,0,1,1,8,66,0,62887,5,0,6
242.3406580183725,111.12370756994454,1,1,1,1,0,23,53,1,50621,5,0,6
435.52749508341407,12.95203649440353,1,1,2,3,1,15,48,1,92987,3,0,6
512.1935576054157,41.93584424274657,1,0,1,3,1,2,32,0,61904,2,0,6
,121.29464976788088,1,3,1,2,0,15,35,1,44496,1,1,6
,140.3872339392361,1,0,2,3,0,7,44,1,90910,3,1,6
504.5853765151648,,1,5,0,0,1,20,64,1,77310,3,0,6
279.2309215716701,153.39408985214325,1,2,0,3,1,5,44,0,79420,3,0,6
915.9540511248834,107.67851005052928,1,3,2,1,1,10,33,0,77611,4,0,6
222.1495640206983,122.34563918048468,0,5,1,2,0,11,54,0,81849,2,0,6
242.20719452968152,39.953796509483986,1,5,2,2,1,8,58,1,115254,3,0,6
940.5229548113888,35.35678913710911,1,2,0,1,1,9,61,0,52938,5,0,6
,,1,4,2,1,0,1,35,0,93171,2,0,6
767.1522106017057,156.03923902189533,1,1,0,0,1,6,25,1,64521,3,1,6
426.4334602256909,,1,1,1,3,0,7,33,1,82458,5,1,6
708.3371171971855,166.2740563316902,1,0,1,3,1,15,57,1,60564,2,0,6
,82.73837002879785,1,3,1,3,1,18,44,0,92335,2,0,6
747.4407503388737,107.25304709211905,1,5,0,1,0,16,66,0,63775,3,0,6
490.7681671093991,158.82833325823017,1,5,1,1,0,10,62,1,87414,2,0,6
,42.55404486894741,1,3,1,0,0,3,54,0,65902,3,0,6
480.70887260835025,39.374519801643345,1,1,2,0,1,19,49,0,63032,2,0,6
777.5546969922252,98.883513008526,1,1,0,0,0,7,23,1,29005,6,0,6
37.20427342495392,,1,2,0,1,1,4,48,0,57145,1,0,6
403.20214094332874,,1,4,1,2,1,3,19,1,102093,3,0,6
92.60478606251054,,0,1,2,0,0,13,26,0,101548,1,0,6
290.8418086293355,,0,1,0,2,1,19,63,1,105723,4,0,6
,119.88349671846004,1,1,2,0,1,21,39,0,94984,4,0,6
134.54553805435188,74.68220553296341,1,1,1,0,0,19,51,1,85597,2,0,6
,72.66591495476258,1,2,0,3,0,21,58,0,55991,1,0,6
999.7303153104992,,1,4,0,0,0,18,54,1,77622,1,0,6
811.2602691014431,0.9308580571737446,1,4,0,1,0,11,22,0,79371,3,0,6
442.2412026341078,9.555780994244367,1,3,1,2,1,8,33,0,98150,5,0,6
,2.384823465655028,1,3,2,1,0,22,39,1,56509,3,0,6
585.4632007193253,164.05190911239444,1,0,1,3,0,2,65,0,116830,3,0,6
789.9434380239724,,1,2,2,1,1,3,18,0,77101,2,0,6
465.6169923121438,4.778840957042618,1,1,2,2,1,10,23,1,32754,5,0,6
275.2139531110644,103.1107049693412,1,3,2,0,0,14,29,0,50869,4,0,6
759.8667724222968,,1,3,1,3,1,18,64,0,70682,3,0,6
847.6129425958337,,0,0,1,2,1,6,42,0,110841,5,0,6
246.8406021367532,102.99024938146296,1,4,1,2,0,21,61,1,40335,4,0,6
230.7051124072047,16.240638241009677,1,2,2,1,1,6,44,0,65184,1,0,6
,105.27919140248493,1,5,1,3,1,13,27,1,94260,4,0,6
69.11537719752658,,1,0,2,0,0,7,23,1,30614,4,0,6
,2.4112706455494237,1,2,0,1,0,14,64,0,115627,1,0,6
757.0034454997788,108.8193182055864,1,1,0,1,1,21,69,1,99221,3,0,6
61.79069768817269,30.008573499665992,1,0,1,2,0,4,23,1,75454,4,0,6
949.2699734442024,,1,2,1,0,0,22,33,0,64153,2,0,6
494.9776778981915,16.925657854316476,1,0,0,1,0,15,54,1,44822,4,0,6
271.4169799432026,180.77031647008977,0,0,2,3,0,17,35,1,58392,2,0,6
928.5867610071416,26.528972560937536,1,2,0,2,0,18,25,0,92262,5,0,6
852.1077863165574,,1,2,1,3,1,23,53,1,93757,7,0,6
343.07237705571714,199.97643075807937,1,4,1,1,1,18,67,0,102167,2,0,6
721.6264296943524,174.5904749645114,0,2,0,3,0,21,53,0,81641,3,0,6
233.3084473960537,189.1481456097551,1,0,2,2,0,6,24,0,80646,1,0,6
973.7565317779045,112.53977970156828,1,2,2,0,1,16,54,1,83435,3,0,6
,14.92810656258765,1,1,2,1,0,3,40,0,63480,1,0,6
,94.02229357659198,1,0,0,1,0,15,25,1,79795,2,0,6
,,1,0,2,2,1,12,40,0,52977,4,0,6
897.0650676768661,76.41143726408164,0,1,1,2,1,8,62,0,116750,5,1,6
717.3115544185486,168.7158270869959,1,1,2,3,1,5,23,1,76888,4,0,6
91.95687342734573,180.0707958721808,1,3,1,2,1,18,37,1,80770,1,0,6
448.1049362043421,167.9249424647191,1,4,2,2,0,18,62,0,85026,2,0,6
345.350993515777,,1,1,0,3,0,11,44,0,74915,4,0,6
306.91423563289146,39.68885685813741,0,2,2,2,1,14,19,0,87458,1,0,6
272.4269033536673,9.122638656513416,1,3,0,2,0,14,48,1,92932,3,0,6
637.8753497326302,124.429993041918,1,5,1,3,1,21,25,1,95309,2,0,6
130.91123282495565,125.84410072099278,1,5,0,1,1,17,46,1,45892,2,0,6
784.7240097439392,38.440735350702894,1,0,1,2,0,17,23,0,41798,2,0,6
,130.6165380647252,1,3,2,3,0,8,43,1,61044,5,1,6
361.9775642933656,0.312016119611691,1,5,2,0,0,19,38,0,67629,4,0,6
827.1983052043678,56.51759340155369,1,4,2,0,0,19,68,0,47717,1,0,6
460.1249848025123,91.73531810207363,1,1,1,2,1,5,46,0,112133,2,0,6
,19.843099583927824,1,2,2,3,0,6,45,1,46472,3,1,6
502.0878970181493,89.36740506863539,1,3,2,0,0,1,43,0,105561,4,0,6
419.42974873003067,40.616269928996054,0,5,0,0,1,1,34,0,75271,2,0,6
651.7819159641208,55.51906081920816,1,0,0,2,0,24,53,1,41871,1,0,6
,95.6225129889344,1,2,1,0,1,21,69,1,46658,2,0,6
752.6183295827504,,1,3,0,3,0,17,67,0,118057,3,0,6
675.7400841874424,115.68146034380412,1,5,1,3,0,20,24,1,90038,3,0,6
,3.5336251412762865,1,3,2,2,1,12,47,1,95925,5,0,6
,28.70232523000869,0,5,1,1,0,16,35,0,57730,3,0,6
236.49774358606356,,0,4,1,3,1,14,48,1,53497,1,0,6
717.7705380289816,37.25303700104292,1,1,0,1,0,15,67,0,73659,5,0,6
,,1,3,2,1,0,8,51,1,45000,4,0,6
552.6689936121425,35.0123065336803,1,2,1,3,1,13,65,1,73206,5,0,6
911.8939684774336,92.33563875284996,1,3,0,3,0,9,38,1,75945,1,0,6
999.811985993506,164.83673554952028,1,3,1,2,0,17,50,0,60172,5,0,6
578.6804945368151,165.10851161818542,1,3,1,2,0,20,39,0,89791,3,0,6
645.680163608216,67.92649028179699,1,0,2,2,0,15,22,0,100572,5,1,6
599.5683122522504,65.33400520303034,1,5,0,1,0,14,53,1,80026,2,1,6
102.74654460063148,149.1507228625597,1,1,1,0,1,9,69,0,84306,3,0,6
,83.01456260197205,0,2,2,3,1,16,36,1,79355,5,0,6
437.06514592555845,194.02320489888052,0,3,0,1,0,12,62,1,98505,1,0,6
60.80802674880359,,0,0,0,1,0,7,23,0,59781,1,0,6
795.3697645088016,48.63616555566783,1,4,1,2,0,17,21,1,48748,3,0,6
139.3501777990931,1.964051666781641,1,4,2,3,0,17,57,0,55984,1,0,6
598.1987526031318,190.82257445291816,1,2,0,0,0,17,29,1,30065,2,0,6
140.94428387656265,23.748767952462035,1,0,2,1,0,24,19,1,53491,5,0,6
538.8022907114574,35.03533625117634,1,3,2,3,1,8,48,0,110490,4,0,6
25.903681436161175,,1,3,0,2,0,4,59,0,50923,1,0,6
589.0408376066631,92.9874922546928,1,2,0,0,1,13,43,1,66516,4,0,6
561.0374954608612,81.67720356263506,1,5,2,2,1,13,21,0,87818,2,1,6
,,1,5,2,0,0,19,50,0,85063,2,0,6
56.17330245774033,,1,1,2,2,1,23,42,0,32695,1,0,6
796.8271956167434,116.45870001918983,1,2,1,2,0,12,63,1,39746,3,0,6
510.7830651756637,,1,0,1,2,1,11,27,0,30380,5,0,6
210.98907196373585,116.58646043759352,1,0,1,0,1,7,57,1,102227,5,0,6
549.729855354785,113.0758250974376,0,2,2,0,0,2,55,0,106348,4,0,6
,185.7051279213612,0,4,2,1,1,22,29,1,28978,2,0,6
552.2676966315764,87.40991975223528,0,5,1,2,0,11,67,1,119639,1,0,6
105.47265861131704,126.8872186664441,1,1,2,0,0,5,29,0,67229,3,0,6
146.7972889339295,,1,2,2,2,0,21,63,1,117176,4,0,6
423.0818577770788,130.13487654456415,1,4,1,1,1,3,58,1,77572,1,0,6
,2.0112439564564433,1,0,0,3,1,4,63,0,105071,5,0,6
446.3681396692075,145.33650035565876,0,2,1,2,1,6,36,1,76179,2,0,6
420.7433115803767,156.3521918573888,1,5,1,2,0,12,19,0,73295,5,0,6
345.56491571160683,175.47402205003146,1,5,1,0,1,23,52,0,50554,1,0,6
454.0120903704721,99.96622905510029,1,0,2,2,1,5,56,1,103919,5,0,6
843.6299372934748,57.23615266730411,1,4,0,1,0,6,58,0,97536,4,1,6
593.6722514130436,146.09572958278153,1,0,1,3,1,22,46,1,55597,2,0,6
614.3667957765516,189.80365353059216,1,0,2,1,1,1,38,1,39836,4,0,6
42.48897735874135,153.97038824490744,1,1,0,2,1,5,68,0,97831,1,0,6
439.7728892062932,182.23652946525863,1,4,1,0,1,16,49,1,37241,5,0,6
678.55557743945,23.867603084832357,1,4,1,0,1,12,25,1,64445,5,1,6
228.7252971135698,184.8517086302472,0,1,2,3,0,15,41,1,73209,1,0,6
170.56130299360106,142.15547301788237,1,5,1,1,1,11,43,0,66272,4,0,6
23.168241544563315,164.45675918794112,1,1,0,2,1,14,22,0,82816,1,1,6
,84.17941482171696,1,4,1,3,1,21,52,1,109194,4,0,6
128.0497057791331,113.9942115215672,1,0,2,3,0,15,21,0,100250,3,1,6
917.579547524164,,0,2,1,0,0,1,38,0,94016,2,0,6
221.97840232719616,103.75469344593364,1,2,0,0,1,24,34,0,95107,5,1,6
,,0,3,2,0,1,5,19,1,26373,1,0,6
,46.39743522046555,1,3,1,3,0,2,54,1,51647,2,0,6
488.2671291321611,27.90935210115384,1,3,1,2,0,4,32,0,64329,5,0,6
649.1789138511358,165.62184980556708,1,5,0,3,1,15,68,0,76453,4,0,6
230.11024498374576,74.51727951845659,0,3,0,2,1,2,25,1,85015,1,0,6
,57.597988107978225,1,2,2,1,1,8,20,1,37320,4,0,6
746.3295204325947,,1,1,2,1,1,22,28,0,89687,1,0,6
301.7752047529141,140.4391378734353,1,1,0,1,1,15,53,1,43394,4,0,6
780.6829115082475,104.01366053853008,0,5,0,3,1,5,31,0,61256,1,0,6
982.9238353239472,118.41408414390686,1,5,2,1,1,2,54,1,44093,4,0,6
904.7729455194248,,0,4,2,0,1,13,34,1,35128,4,0,6
272.27339767104644,193.96660287245032,0,4,2,3,1,13,54,0,82630,5,0,6
749.1952281173697,,0,0,1,2,0,17,67,0,41805,3,0,6
175.18246594547404,,1,4,2,2,1,11,46,1,64275,5,0,6
484.2975740782287,139.53002683755642,1,0,2,2,0,18,68,1,72829,2,0,6
915.4637984093793,135.44354767531237,0,1,0,0,0,11,25,1,50990,5,0,6
23.02135463310395,,1,5,0,0,0,18,23,0,85980,5,0,6
696.0499300550118,18.594931570860584,0,3,0,2,0,19,37,1,109199,4,0,6
958.0941756688989,4.785841234414656,1,0,0,2,1,18,21,1,27613,1,0,6
371.0853945249346,138.7439774522685,1,5,0,0,0,9,38,0,46714,5,0,6
678.9449933586411,129.81159031426947,0,4,0,3,1,16,42,1,44515,4,0,6
114.45367773571591,,1,1,2,1,0,22,59,1,86548,3,0,6
374.2655422703353,,1,0,0,1,0,16,50,1,66465,2,0,6
747.7059398029761,137.67224942067534,1,2,0,1,0,11,26,0,106705,1,0,6
3.844859970076997,167.10435021785068,1,4,2,0,1,1,29,1,100726,5,0,6
259.6184555983637,145.2211876991699,0,3,1,0,1,12,34,1,87473,3,1,6
414.6131879860175,119.85914840214112,1,3,0,3,1,19,57,0,95701,2,0,6
652.817923655491,43.586727544822445,1,0,0,3,1,19,51,1,77409,2,0,6
227.21154262662557,153.4540988254257,1,0,2,1,1,18,31,1,76956,1,0,6
,49.92495945208753,1,5,1,1,1,22,58,1,59176,1,0,6
441.28242163141095,,1,2,2,1,1,16,42,1,104605,3,0,6
234.61012815722583,26.94083455475031,1,1,2,3,0,8,32,0,53233,5,0,6
742.4464990827956,102.00840194507089,1,1,0,3,0,7,40,1,38957,1,0,6
468.5164988649745,126.58163916301916,1,5,2,1,1,7,25,0,51388,5,0,6
837.3349429163733,,1,0,2,1,1,16,20,0,39733,2,0,6
,140.50757993124603,0,5,0,0,1,19,53,1,37799,3,0,6
503.392322430382,161.28727405908492,1,0,0,0,0,6,56,0,66063,6,0,6
,171.04246532112143,1,6,2,1,1,13,64,1,78344,1,0,6
,175.3340739066869,1,5,1,2,1,21,31,1,92907,4,0,6
993.5190588553936,,1,1,1,1,0,7,25,0,101570,3,0,6
38.052912320424845,52.70127823372139,1,1,1,1,1,24,29,0,103806,1,0,6
252.75998500848073,161.5812543974386,0,4,1,0,1,19,44,1,104779,5,0,6
,,1,1,0,1,0,21,67,1,67335,5,0,6
611.1502094944516,187.20815298045565,1,5,2,3,0,4,61,0,83104,3,0,6
884.735096829178,37.24251865345054,1,3,0,2,0,13,29,0,53284,2,0,6
,176.70072038964662,1,2,2,1,1,6,26,0,85819,3,0,6
624.9862000804943,160.86087636121007,0,5,2,1,1,17,54,0,73406,2,0,6
853.2510841379127,77.9079335731931,1,5,0,3,0,21,22,0,81732,5,0,6
483.0325719000499,192.6796722703432,1,3,0,0,0,17,23,0,95532,1,0,6
454.9637234292132,18.81225639241113,1,4,0,1,0,6,51,1,100481,4,0,6
968.64326967128,,1,5,2,3,0,12,67,0,46725,4,0,6
816.6683471392765,50.645397077516854,1,3,2,1,1,20,20,0,76898,5,0,6
,1.6423491874653529,0,4,0,2,0,7,32,0,43487,4,0,6
940.128050311647,32.922803300865986,1,3,2,0,0,11,58,0,65326,2,0,6
675.974649736986,158.8075225478123,1,2,0,2,1,16,45,1,112498,1,0,6
892.6055918862836,166.35798928074206,1,0,0,3,1,12,32,0,105627,4,0,6
625.280342807194,149.0088773868254,1,1,2,0,1,8,44,0,99505,2,0,6
509.5532468581243,109.5077112171968,1,4,2,0,1,17,38,0,37617,2,0,6
232.90058007566873,126.4612709249804,0,3,2,0,1,15,36,0,73352,5,0,6
288.27772629138946,116.3111571311783,1,3,0,1,0,8,18,0,32973,2,0,6
184.84774724899444,50.46305532748359,1,5,1,3,0,17,24,1,37384,3,0,6
,76.92722751822969,1,3,2,2,1,7,35,1,103986,5,0,6
138.10215573561914,,1,2,2,3,0,11,69,0,87219,1,1,6
,,1,4,2,1,0,14,63,0,71153,5,0,6
863.9700037203957,,1,5,0,2,0,24,65,1,70072,1,0,6
23.34628409784234,137.61240491444528,0,3,0,2,1,12,23,1,45033,5,0,6
652.6355891483688,,1,3,2,2,1,16,65,1,90668,2,0,6
627.5281636205387,,1,2,2,1,0,18,64,0,53360,2,0,6
638.6635508101292,152.4671788682952,0,4,2,3,1,24,41,0,85486,3,0,6
702.9986724447111,195.4630124246862,1,4,0,1,1,9,48,0,69782,4,1,6
,126.18872782722435,1,0,2,1,1,9,44,1,89776,2,0,6
,88.82439527167045,1,0,2,1,1,20,30,0,88720,1,0,6
,198.63488078683685,1,4,2,0,1,13,33,0,82457,1,0,6
100.57259772114836,125.71986733367116,0,4,2,2,0,23,58,0,89959,3,0,6
499.5092244241534,35.497282505347336,1,1,2,2,1,9,28,0,65854,4,0,6
925.5775875881033,137.0275172978872,1,1,2,0,1,13,36,0,84189,5,0,6
74.56712525954123,,1,3,2,1,0,3,26,1,61736,1,0,6
771.4036312580785,2.2546458850399187,0,1,0,0,0,18,34,0,49458,2,0,6
942.3048443565416,,1,1,2,2,1,2,53,1,54802,3,0,6
,189.2643442432732,1,3,1,2,0,24,19,1,55189,5,0,6
328.3526660539824,163.24850031657346,1,0,1,2,0,8,68,0,42228,6,0,6
680.5847878081785,40.94708842974815,1,2,1,2,0,10,44,0,57193,5,1,6
656.3736688518908,60.929288330601985,0,0,1,3,1,1,57,0,49211,2,0,6
438.17443255402225,132.03603651232964,1,4,0,2,1,4,52,0,48220,3,1,6
447.4828604334251,,1,4,1,3,0,19,43,1,84201,4,0,6
877.5622746021616,175.63073398031355,1,5,0,1,0,19,39,1,91722,5,0,6
398.8524551969118,48.55805792776644,0,1,1,1,1,7,27,1,65258,5,0,6
989.7793511504684,136.29758485044522,1,3,0,1,0,6,31,0,75530,1,0,6
,112.8341878306533,1,1,0,0,1,3,27,1,107777,1,0,6
,,1,3,2,1,1,11,38,1,72633,4,0,6
198.1478589571288,60.20859180779756,1,0,2,3,1,15,38,0,82854,5,0,6
239.2790147162267,99.66335496256931,1,2,2,3,1,11,25,1,105272,3,0,6
,113.6950255582843,1,5,2,0,0,15,46,0,44515,4,0,6
946.3198285751392,179.89656547835736,1,0,1,2,0,5,42,0,101517,3,0,6
45.81810183133972,149.82918232479165,1,1,2,3,0,5,32,1,53735,3,0,6
320.92134237810455,12.03350492087274,1,1,2,2,0,7,26,0,100731,3,0,6
536.3624305626013,,1,1,0,2,1,12,62,0,39170,1,0,6
108.86846799718232,47.545373341782216,0,5,0,1,1,21,40,0,33428,2,1,6
153.77811535458287,41.205173267030546,1,5,1,0,1,8,63,1,79693,2,0,6
707.049555795198,59.21773229323064,1,1,0,1,1,1,64,1,51466,4,0,6
775.592578679193,81.2822872748982,1,4,2,3,1,19,28,0,106579,2,0,6
551.6308081524306,,1,2,0,3,1,17,32,0,59199,3,0,6
220.01677785529296,13.638425051618386,1,4,1,0,0,13,23,1,64189,4,0,6
149.2263784228649,,1,4,2,2,0,7,28,1,95791,5,0,6
627.8016827548245,120.14321272224728,1,1,0,1,1,2,51,0,85076,3,0,6
200.50174670562015,175.2693792692458,0,4,1,3,0,13,53,1,41140,1,0,6
176.6361828095606,191.0029935719682,0,4,1,3,1,13,57,1,73870,1,0,6
,146.33868147860966,1,2,0,2,1,1,28,0,41209,2,0,6
,78.93392337075167,1,5,2,2,1,2,18,1,47488,1,0,6
269.77718367890935,148.78668328539436,0,2,0,0,1,12,36,1,31541,4,0,6
719.6124530442349,,1,1,2,2,1,12,57,1,66867,5,0,6
,,1,5,0,1,0,5,42,0,106738,1,0,6
577.1605160956625,,1,4,0,0,0,11,54,0,105278,5,0,6
728.6248243660284,168.04506889162667,1,3,1,0,1,2,52,0,113803,4,1,6
296.70681610511906,130.07735029565893,0,3,0,1,0,1,56,1,61121,2,1,6
,,1,5,2,0,1,23,19,0,42088,3,0,6
,153.93269230826277,1,0,1,3,1,20,53,1,115883,2,0,6
522.8700307496549,175.76656208820606,1,2,1,0,0,14,61,0,49821,5,0,6
,150.18263422096996,1,3,0,3,1,2,50,1,44868,5,1,6
,117.12538498804297,1,5,2,1,1,10,18,0,37616,5,0,6
907.8046069578896,148.87423780212535,1,2,2,1,0,8,59,1,88641,3,0,6
789.5996483654254,73.23047066294237,1,0,1,2,1,11,62,0,71491,4,0,6
353.69484547189546,28.042244107145443,1,4,2,1,0,4,31,1,98588,2,1,6
593.6379640390101,67.60691222028106,1,4,1,3,1,16,60,1,47156,1,0,6
725.42445274429,172.0799314409477,1,1,0,2,1,3,41,0,42522,3,0,6
,179.1970819590746,1,5,1,1,1,23,43,0,51806,1,0,6
537.6836474288659,40.11814755721592,0,2,0,2,1,16,65,0,110115,1,1,6
80.1718699262548,17.501370643492308,1,0,1,1,0,7,32,0,78244,4,0,6
,19.59323036169152,0,4,2,0,0,3,45,1,108495,5,1,6
354.344242844572,109.14350047117384,1,1,0,1,1,11,53,0,41963,3,0,6
,,0,1,1,2,1,13,45,0,100204,5,0,6
236.6381070308564,85.54184198931938,1,0,1,2,1,20,35,1,45318,4,0,6
803.0675613768856,109.09883147132892,1,2,0,0,1,7,33,0,51135,2,0,6
29.391445522178316,,1,0,0,2,0,19,26,1,70967,5,0,6
777.2868223958926,157.85084446181398,0,5,0,1,1,6,35,0,79766,5,0,6
256.3197389544256,35.881048421076336,0,4,0,0,1,18,18,0,77899,2,0,6
547.1330413015338,90.27773049535568,0,4,2,3,1,23,65,0,97421,2,0,6
274.50493102488815,174.25761644896497,0,5,0,0,1,17,46,0,70287,2,0,6
,,1,1,2,1,1,13,59,0,88374,2,0,6
297.965411350123,177.71904222554602,1,0,1,3,1,5,43,1,84164,3,0,6
841.2189333451508,142.32721118091206,0,0,1,3,0,2,55,0,55257,2,0,6
,,1,5,2,0,0,16,28,1,46972,3,0,6
956.8969777200266,79.3609413639812,1,3,2,2,1,9,27,1,64364,2,1,6
269.1076842277968,,0,4,1,3,1,11,26,0,51501,5,0,6
327.2318447336547,74.55242631634262,1,3,0,2,1,14,21,1,84136,3,0,6
,0.9858675956925468,0,2,1,0,1,20,66,0,88311,2,0,6
518.9597025091591,108.50370329709908,1,2,0,3,1,11,42,0,45127,3,0,6
390.33783942901937,10.353237708515415,1,0,0,0,1,8,38,0,48108,4,0,6
240.45496708142863,,1,3,2,0,0,2,60,1,69475,5,0,6
246.40094664283296,116.48797782180036,0,3,1,0,0,4,42,1,36113,4,0,6
,,1,2,0,1,1,10,65,0,45744,4,0,6
235.45373414954284,,0,5,2,1,0,4,69,1,106741,4,1,6
847.9271296006816,134.8205897411876,1,4,0,0,0,13,46,0,39275,3,0,6
236.1135327413434,183.02245436340127,1,2,1,0,0,4,43,1,42819,2,0,6
993.7043842919512,93.7180539904231,1,3,0,2,0,18,62,1,49211,3,0,6
460.37488853511246,198.6034832586344,1,5,2,1,1,23,57,1,80737,3,0,6
578.1166558034072,184.37233501610783,1,4,0,1,0,11,30,0,84254,2,0,6
,86.36324206180386,1,4,0,3,1,15,18,0,71395,2,0,6
613.3340781511986,,1,1,1,1,0,18,54,0,53105,4,1,6
,97.73514524901148,1,5,2,1,0,23,47,0,46039,5,0,6
,94.30201307149166,0,0,1,3,0,6,22,0,41610,3,0,6
352.86871826503454,32.09801237749039,1,3,2,0,1,4,47,0,57505,6,0,6
,160.39206812759593,1,5,1,2,1,22,38,0,87692,3,0,6
317.8007995705171,19.300604163025348,1,4,1,3,0,17,37,1,93504,3,0,6
,,0,2,0,2,1,2,18,0,69487,4,0,6
621.1117109166022,115.68154385733264,1,4,1,1,1,19,20,1,35611,4,0,6
,45.922655866671235,1,5,1,0,1,23,27,0,42348,3,0,6
177.1092358297668,176.9264029425438,1,5,0,0,0,13,31,0,86636,4,0,6
877.3390123593294,199.62731791592552,1,2,1,3,1,23,33,0,91994,3,0,6
,30.981039283240296,1,3,2,2,0,24,52,0,109296,3,0,6
,187.75234999049172,1,5,2,2,1,20,45,0,83608,5,0,6
253.9852003130475,,1,5,2,3,1,12,43,1,96049,5,0,6
256.5486362216546,75.73104417685128,1,0,1,0,1,22,45,1,88970,5,0,6
974.5504144364678,,1,3,0,1,1,4,64,1,44765,5,0,6
476.77918217465896,,1,2,2,1,0,3,63,1,40355,5,0,6
,102.81015213673064,0,4,0,2,1,4,31,1,99337,3,0,6
,102.92018543641952,1,5,0,0,0,3,47,0,83679,3,0,6
333.35221801040524,,1,1,0,0,0,4,43,0,44473,2,0,6
679.2676588858841,,1,4,2,2,1,21,66,0,102985,4,0,6
,15.515543409826726,1,2,1,1,0,11,32,1,83058,6,0,6
787.5948863448818,59.63309545566264,1,2,2,1,1,21,22,0,65313,4,0,6
947.117021153126,16.7650032445537,0,5,2,0,1,2,21,0,80634,5,0,6
543.533781426239,85.44315922793362,1,3,1,2,0,12,36,1,47570,5,1,6
198.90653304351125,96.6477947432281,1,5,2,2,0,4,63,1,111853,2,0,6
191.53931814223745,71.20991947574157,1,1,2,0,0,7,65,0,98238,2,1,6
637.6465590800707,,1,4,2,0,1,1,33,0,80424,3,0,6
827.216609392513,73.71580814144349,1,1,2,3,0,16,60,1,60262,3,0,6
236.02282952684027,,1,1,1,1,1,6,40,0,55317,1,0,6
845.113468071788,,1,0,1,2,1,13,47,0,55809,1,0,6
979.4267838761892,104.95767642087024,1,3,0,0,0,4,34,1,77297,3,0,6
992.1456354433705,,0,4,0,0,1,24,44,0,112689,3,0,6
,41.22990708027565,1,1,0,1,1,22,65,1,118232,5,0,6
,184.2901076712142,1,1,0,0,0,12,53,1,97223,2,0,6
8.249338707111198,27.128417574215135,0,3,2,2,0,2,57,0,52511,3,0,6
939.8443155014144,31.5921102841048,1,4,1,2,0,16,28,1,52383,2,0,6
,24.9488898192892,1,4,2,1,1,9,65,0,39991,2,0,6
269.76037542484966,159.86497925448234,1,3,0,2,1,15,29,1,56161,1,0,6
887.6780161354519,,1,1,1,1,0,22,56,1,71737,5,1,6
397.4656767877312,101.1442752464949,1,1,2,3,0,5,34,1,46647,2,0,6
282.9503217106508,177.53369252557064,0,1,0,2,1,17,66,0,40427,5,0,6
162.4818183493022,113.78273555012704,1,3,2,2,0,24,61,0,114953,1,0,6
873.6527967599327,72.57221653480335,1,0,0,3,0,20,30,0,47653,1,0,6
534.815823026937,90.70760169147673,0,2,0,1,1,3,36,1,40608,2,0,6
,5.210483444520286,1,5,2,2,0,8,30,1,36489,1,0,6
540.0248422822349,100.23287517822006,1,1,2,1,0,7,64,1,104493,4,0,6
936.8765968313884,180.11853752270503,1,2,2,0,1,9,57,1,111408,1,1,6
,174.88604143177614,0,5,1,2,0,14,22,1,55954,1,0,6
549.5485372129865,13.93779043296175,1,1,1,3,1,7,50,0,113879,3,0,6
611.5425819880369,98.11583363954924,1,5,2,0,0,19,52,1,81905,2,0,6
124.03802509824736,,0,0,2,2,0,19,39,1,69957,4,0,6
677.731591982486,117.47476825999412,1,2,0,1,1,9,34,0,92968,5,0,6
757.0637997391424,91.2465900647333,1,1,0,2,1,3,55,0,106284,4,0,6
749.2639708120955,,1,5,0,2,1,5,34,1,99471,5,0,6
171.77401084781928,101.21441876339132,0,2,1,3,1,7,48,1,47213,4,0,6
,87.75268844479129,1,1,2,3,1,21,46,1,51344,3,0,6
583.7227857742715,71.05729582689015,1,2,2,1,0,12,50,0,46285,1,0,6
239.73384114975215,13.140123862674846,1,2,0,0,1,15,18,1,89931,5,0,6
14.598481716565749,,1,4,0,0,1,12,32,1,85517,5,0,6
959.395485782253,34.98083134142891,0,3,1,0,1,12,54,1,86513,5,0,6
,163.51491895936192,1,4,2,0,1,4,40,1,69395,2,0,6
703.1272604932894,,0,0,2,0,1,4,61,0,75626,1,0,6
,136.62609305209256,1,1,0,3,0,6,67,1,99421,1,0,6
469.83458633105954,196.090251814027,0,2,2,2,1,18,41,0,97534,3,0,6
594.8235010454136,,1,1,2,3,1,9,40,1,70323,5,0,6
47.647061723080974,154.2759948590462,1,4,0,2,1,19,56,1,56560,4,1,6
522.8359625712119,158.3971246011659,0,1,0,1,1,9,30,1,35672,1,0,6
433.4371532235951,6.7213384365070405,1,1,2,1,0,19,62,1,107717,2,0,6
374.5416141317169,107.61156393494686,1,2,2,3,1,14,38,1,31744,2,0,6
576.9643458492052,64.85543482075822,0,0,1,3,0,15,46,1,72835,3,0,6
281.74895219759367,89.39741625138961,1,2,0,2,0,5,62,0,41471,4,0,6
211.1674308139092,60.05548398685181,1,2,1,2,0,8,43,1,57119,5,0,6
,108.25609105564412,1,1,2,3,0,16,59,0,64483,5,1,6
225.27995444004833,180.48179432914577,1,4,2,1,0,23,49,0,74142,3,0,6
201.61081222076928,,1,3,1,1,0,23,50,0,108190,4,0,6
186.76821263052068,42.963998359105474,1,5,2,3,0,14,62,0,72287,3,0,6
604.0721606090987,178.64915400502878,1,1,2,2,0,5,46,1,101053,3,0,6
487.2684331257662,,1,3,1,3,1,1,46,1,36665,2,0,6
537.5686647331363,73.71837678853808,1,5,1,2,0,19,59,0,115794,5,0,6
571.7251841859651,50.29995304575638,1,0,1,0,0,5,51,0,98870,2,0,6
121.08018105434417,34.953561063994876,1,3,0,0,1,7,38,0,98125,5,0,6
452.2583712586662,54.50205069946183,1,0,1,0,1,9,31,1,105765,5,0,6
,116.29979504485294,0,0,1,3,1,5,34,1,44528,2,0,6
170.0028611007758,193.61148279558157,0,1,2,0,1,12,36,1,104928,2,0,6
289.77247602970004,82.85596852460542,1,4,0,1,1,4,25,1,70763,3,0,6
305.72616666782704,89.27863751602835,1,0,2,2,1,3,61,0,55209,5,0,6
708.5198229215067,79.85372117474019,1,2,1,2,1,21,67,1,105367,1,0,6
47.93659236117953,191.0821015745012,1,3,1,1,1,17,34,1,91016,4,0,6
,26.21487282268964,1,3,0,0,1,5,29,0,34615,2,0,6
673.4495422956479,61.080513897544854,1,5,2,0,0,24,58,0,116119,4,0,6
269.08271201925436,,1,5,0,0,1,9,20,1,84944,3,0,6
675.2309514895825,68.82805905645768,1,5,0,2,1,11,29,1,101763,5,1,6
713.3713522469008,55.52246011042201,1,5,0,3,0,24,56,1,97263,3,0,6
,48.584346480119336,1,5,0,2,0,17,27,0,78238,4,0,6
205.05962394666565,44.554467891123714,1,0,2,2,0,18,31,1,104904,3,0,6
908.237909068471,,1,3,2,1,0,22,67,1,93157,5,0,6
805.477147901864,50.42858732459305,1,2,0,3,1,2,28,0,30616,5,0,6
550.9913780979537,,1,1,1,0,1,8,19,0,28922,3,0,6
,52.74854507662325,1,4,0,0,1,21,21,1,91932,5,0,6
266.1117146819255,195.43350731062785,0,2,0,2,0,24,42,1,112118,2,0,6
,188.93203653402307,1,1,1,1,1,2,65,1,116488,5,0,6
444.0576694776525,142.9094940058547,1,4,2,2,1,12,43,1,94071,5,0,6
688.8849496573571,,1,4,0,0,1,19,46,1,75564,8,0,6
955.6004298679026,115.04585167105358,0,5,1,0,1,10,69,0,49117,2,0,6
589.004245795949,,0,2,2,1,1,3,38,0,39519,1,0,6
272.512312106684,22.133331183180637,0,3,1,2,1,15,54,0,88238,5,0,6
,106.13187365909072,1,3,2,1,0,17,46,0,44214,3,0,6
941.30668160493,61.38913626369629,1,0,1,2,0,15,59,1,53363,3,0,6
,80.15068663201926,1,1,0,2,1,2,66,1,81175,3,0,6
489.6799731827341,,1,5,1,2,1,16,56,0,92692,1,0,6
156.3451848449725,95.86636253818293,1,3,1,0,1,21,40,1,55775,1,0,6
384.3741319874934,183.80334899683453,0,1,1,2,1,11,48,1,78739,1,0,6
398.53551226949094,106.63603195737434,1,0,2,3,1,19,45,0,113414,5,0,6
917.52380881366,,1,2,2,2,0,2,26,0,43025,2,0,6
777.2925418049963,111.37680193449792,1,2,2,3,1,19,24,0,94627,5,0,6
259.83215910524495,,0,3,2,2,1,7,47,0,64722,5,0,6
,41.19618878977778,1,3,1,0,1,2,57,1,60483,1,0,6
285.5551862702709,16.215589111497298,1,4,1,1,0,12,19,1,28489,5,0,6
101.948157946273,135.4817885038636,1,3,0,3,1,16,41,0,33827,4,0,6
822.8934416290793,20.291513132686426,1,0,1,0,1,3,38,1,81495,5,0,6
411.51456709579,16.6728667769656,1,0,2,0,0,15,35,1,76226,3,0,6
,183.0982694984936,1,2,1,0,1,16,57,1,86846,4,0,6
283.74636907908047,194.0571347306763,1,3,1,2,1,2,27,0,50453,5,0,6
,,1,1,0,1,0,22,20,0,37825,6,0,6
184.75335683083827,6.370637137974766,1,4,0,0,0,16,61,0,74511,5,1,6
568.228590886052,152.5305612521413,0,1,2,3,0,15,32,0,81331,8,0,6
669.4272998191955,102.87326070031592,1,2,0,3,0,12,55,0,39381,2,0,6
684.369369805463,155.04524223773058,1,2,1,0,1,9,33,1,41967,3,1,6
8.33966948064202,,0,3,0,1,0,18,43,1,101309,2,0,6
476.61014596960337,148.9741659081358,1,1,1,0,1,7,51,0,39683,1,0,6
344.7803698776054,159.06284631220748,1,5,1,3,1,22,18,0,58704,2,0,6
560.2943497224104,109.29396350461802,1,5,1,1,1,11,36,1,55906,3,0,6
168.7468805243958,193.76698938996535,1,0,2,2,1,1,29,0,50893,3,0,6
143.09635360941087,61.42888563890367,1,3,0,2,1,21,56,0,58053,5,0,6
784.0010030464393,189.2126519955493,1,4,0,1,0,2,27,1,97801,2,0,6
358.9354461592856,8.843526509785459,0,1,0,3,0,17,68,1,64107,2,0,6
,,0,3,0,1,0,14,61,1,54015,2,0,6
939.5783473076366,,0,4,2,2,1,11,41,1,43480,2,0,6
696.5748667768295,68.69347958332818,0,4,1,3,0,21,29,0,49613,2,0,6
975.4504306425798,15.224522467092072,1,0,1,0,1,2,41,1,37711,4,0,6
23.328491729771585,137.97154185028228,0,0,0,2,0,7,47,1,102614,2,0,6
454.10194635317447,135.11722774287216,1,2,0,3,0,12,23,0,78819,3,0,6
514.2486298216127,,0,1,0,0,1,10,59,0,59709,5,0,6
,148.52405941294273,1,4,0,2,0,22,46,0,63238,1,0,6
297.4899387933829,23.75971392823628,0,0,1,2,0,14,20,1,75739,4,1,6
61.138534328561754,171.76800522036308,1,5,2,3,1,23,59,0,47566,4,0,6
198.25283749282363,,1,5,2,1,1,9,61,1,103542,1,0,6
612.8367781891629,113.18808089549638,1,3,2,1,0,1,54,1,101243,4,0,6
,159.3731962097907,1,4,2,1,0,18,46,1,66072,5,0,6
237.30553316964708,199.97641747384452,0,0,0,0,0,17,63,0,39719,1,0,6
124.6639663609057,,1,1,2,0,0,12,23,0,103570,1,0,6
641.2462453407219,57.966847910490024,1,4,2,2,1,5,49,1,72015,1,0,6
,59.20320095019535,0,2,0,2,0,11,59,0,111915,2,0,6
384.9531393558383,,1,1,1,0,0,9,46,0,54328,6,0,6
,101.94843777919723,1,2,0,2,1,15,21,1,78660,5,1,6
307.7550003806193,79.14594357845688,0,2,0,0,0,11,41,1,68232,5,0,6
519.2785747664589,189.31300094203388,0,0,1,3,0,23,46,0,71502,1,0,6
506.160327932516,114.977335243655,1,5,0,1,1,16,31,1,56613,3,0,6
641.101982829646,167.1326578036082,0,0,1,3,1,7,27,0,78660,3,0,6
912.618264366918,193.02824157908293,1,4,2,2,0,24,66,0,97113,5,0,6
388.19882636355874,,1,1,0,0,0,11,28,1,75851,1,1,6
,,1,1,0,1,0,20,52,0,41781,2,0,6
52.488865569157994,159.7671760623498,1,0,0,3,0,11,20,1,66158,2,0,6
,199.468869170871,1,4,1,2,0,16,64,1,84849,2,0,6
,90.07049238455367,1,0,0,1,0,18,64,1,79664,2,1,6
656.0212164356449,4.311589713415076,1,2,1,3,0,17,29,1,51249,4,0,6
440.8504737074086,21.84669038779894,1,5,1,2,1,1,32,0,107954,5,0,6
,150.1322028935263,1,2,2,0,1,3,52,0,100679,1,0,6
692.9842712260818,162.65721034905755,1,3,1,1,0,10,59,0,39032,2,0,6
907.2964134923152,,1,0,0,0,1,16,43,1,87866,1,0,6
,23.082038403386296,1,4,1,1,1,21,44,0,49282,1,0,6
273.3584592211651,141.81472014961693,1,1,2,3,1,21,29,1,103715,3,0,6
799.6748285738574,126.97963731673433,1,5,0,3,1,1,43,0,62443,4,0,6
959.3604387202384,11.011679384059756,1,3,1,1,0,2,36,1,95014,1,0,6
320.5442305803613,109.46720080753288,1,2,1,0,0,9,48,1,77521,1,0,6
,49.51251030691273,1,1,2,2,0,7,26,1,68468,3,0,6
,,1,2,1,3,0,5,26,1,64924,4,0,6
967.686841567756,36.29698831294657,0,4,1,0,0,22,37,1,103931,4,0,6
985.92800421797,41.95482097298608,1,2,1,3,0,6,41,0,61637,3,0,6
511.5741636950334,,1,2,0,2,1,6,18,0,48453,2,0,6
845.6517217965272,36.41558310284974,1,3,0,0,1,11,30,1,95373,5,0,6
839.7475907802354,107.66725796934958,0,3,0,0,0,21,35,0,104368,1,0,6
565.9941225925642,8.997206569489258,1,2,1,0,0,5,63,0,93126,5,0,6
880.1011198045707,59.60339398927985,1,5,2,2,0,8,42,0,65284,2,0,6
746.3066678566886,21.75960472099845,1,0,2,0,0,23,25,1,52646,3,0,6
812.6586114733926,124.34533704863811,0,4,1,2,1,20,20,0,64023,1,0,6
,189.59497359097392,0,2,1,1,1,6,44,0,84606,5,0,6
764.060655169556,8.887883041031275,0,0,0,1,0,10,57,0,109312,5,0,6
179.28586202041808,,0,4,1,0,1,24,57,1,55759,2,0,6
550.2700058613871,153.02675322894035,0,3,2,2,1,16,36,0,62571,3,0,6
690.0014021602069,108.90434553089568,1,3,1,0,0,12,27,1,79829,1,0,6
604.4235605415209,189.86058750700408,1,3,0,1,0,21,25,0,93453,4,0,6
692.7649561432676,44.13589625486576,1,0,2,3,0,12,54,1,95345,3,0,6
262.37513317660233,8.825006679984204,1,5,0,3,1,12,29,1,104551,3,0,6
,156.74502456021224,1,0,2,2,0,21,55,1,92057,5,0,6
733.3104282038021,24.617515863762307,1,2,0,3,0,24,31,1,30398,2,0,6
979.7010624268976,,1,1,1,2,0,16,54,0,94291,4,0,6
535.5107826698023,,1,3,1,3,1,22,62,0,80119,4,1,6
23.553111286919616,49.71300667310168,1,0,1,0,0,1,26,0,106975,4,0,6
666.6903725484112,172.63879473729008,1,1,2,2,1,23,66,0,64326,3,0,6
,106.69769519534378,1,3,0,2,1,14,40,0,106786,4,0,6
727.3268452591847,69.48821805174464,0,1,2,0,0,16,52,1,105957,4,0,6
7.432348035959935,55.935881005776736,1,1,0,0,0,14,46,0,51709,3,0,6
,,1,0,2,3,1,3,45,0,96418,4,0,6
,132.51216858119412,1,4,1,2,0,24,28,0,38278,2,0,6
256.92171701098033,168.68519049661774,0,4,2,1,1,15,32,0,48699,5,0,6
,122.68687478844724,0,1,0,3,0,2,32,1,63405,4,0,6
150.77420972063814,71.38259197865204,1,2,2,0,1,11,42,0,99541,4,0,6
72.90156141583215,72.18435654390593,0,1,2,1,0,2,19,0,104604,5,0,6
239.0225782965242,182.44773023460877,1,3,2,3,1,16,32,0,47681,7,1,6
26.81642621573177,133.4870292422343,1,2,2,0,0,15,34,1,62184,1,0,6
633.1764878364714,168.49980163604474,1,1,1,1,1,23,62,1,76277,3,0,6
152.30866034488122,152.35496547797828,1,2,0,2,1,2,39,1,64523,3,0,6
249.07053891574128,,0,3,1,1,1,17,51,0,94632,5,0,6
,90.89634165437504,1,2,1,1,1,14,24,0,86475,4,1,6
560.7375153283452,16.770765762812623,0,3,2,1,0,17,52,1,65927,1,0,6
578.1462017024884,167.3074130990682,1,0,2,0,1,15,43,1,42038,2,0,6
928.6857200428334,111.87598154007227,1,1,1,2,1,13,19,0,88750,5,0,6
559.0842751476819,182.59353833482768,1,2,1,2,1,11,18,0,34055,5,0,6
,,1,2,0,0,1,6,59,1,112656,3,0,6
297.7206050987781,,1,2,1,2,1,22,27,0,69815,4,0,6
36.58765602587999,177.44787101839984,1,1,2,2,0,2,34,0,100143,1,0,6
769.8858925751655,32.20020098270615,1,0,1,2,1,14,20,1,104828,2,0,6
647.9418379558734,152.5457846034983,1,1,1,0,0,12,35,1,57762,5,0,6
239.7421343937918,94.12324316576836,0,3,0,2,1,6,47,1,91052,1,0,6
288.91502198009647,52.80959975860456,1,5,2,0,1,19,58,1,92445,4,0,6
268.24253546731916,184.278361574403,1,2,2,3,0,1,38,1,40925,3,0,6
875.7403167382997,159.14806966047013,1,4,2,0,0,1,36,0,93381,2,0,6
870.3367104446999,32.799070982262,1,0,1,3,1,19,60,0,69295,1,0,6
680.1972779669139,190.2150385623872,1,5,1,3,0,14,50,0,55286,1,0,6
993.7051509553992,105.60260958072294,1,3,1,0,0,11,32,0,30025,4,0,6
,109.60943858388256,0,2,1,2,0,16,57,1,94856,5,0,6
943.1812890230036,,1,3,2,0,0,2,61,1,45915,4,0,6
275.6323205311099,,1,4,1,0,1,13,58,0,106439,5,0,6
792.2007644122476,,1,4,1,3,0,12,19,1,92582,1,0,6
960.534135961106,151.8976265549569,1,3,1,2,1,20,31,0,31638,4,0,6
822.1247213423269,,1,3,2,3,1,6,53,1,64819,3,0,6
936.351946039682,115.63436325872252,1,4,1,1,1,20,39,0,95611,3,0,6
628.1808604951699,71.35780559172397,0,0,1,3,0,7,48,1,107102,1,0,6
,118.47896255980986,1,5,0,1,1,12,28,1,50836,1,0,6
865.0634698704565,132.00296110204863,0,2,0,2,1,9,69,1,105260,2,0,6
22.236490256889564,49.863580238084594,1,1,0,3,1,11,55,1,61282,3,0,6
992.001393426948,,1,5,1,1,0,12,42,0,77192,1,0,6
678.2395237269087,102.16192039972292,1,2,2,3,1,1,20,0,56084,1,0,6
167.30715431559463,74.13619046156863,1,0,1,1,1,22,46,0,43787,2,0,6
805.5752151701528,,1,1,2,1,0,24,31,0,65808,1,1,6
132.96065695356728,187.90663381525255,0,5,0,1,1,4,61,1,85222,5,0,6
134.11113612161373,108.95210034560505,1,4,0,3,0,15,68,0,66722,3,0,6
939.7628342353946,66.24029046021327,0,4,1,3,0,17,51,1,76453,3,0,6
690.6865136188343,132.71388665234355,1,1,2,1,0,8,68,0,117146,3,0,6
193.99580458851673,184.3275007120987,1,1,2,2,0,8,34,1,79044,1,1,6
680.0386039981507,36.09319743923276,1,0,2,0,0,20,67,0,70725,2,1,6
275.0225538620879,106.87054234755398,1,3,0,0,0,15,45,1,40259,3,1,6
,44.32054755816759,1,1,2,3,1,21,32,1,34159,3,0,6
450.1686253041571,106.62817915014398,1,5,0,0,0,24,42,1,108696,2,0,6
491.37218321074016,155.28658514646864,1,1,2,1,1,17,63,1,90389,3,0,6
723.1290265271659,160.6772117202063,1,4,0,2,1,12,27,0,101192,2,0,6
792.5738581510386,,0,2,2,0,1,3,18,0,25451,5,0,6
413.3782825058616,,1,4,2,0,1,11,62,1,116281,2,1,6
180.54373307284663,40.9100705510951,1,2,2,3,1,6,56,1,79641,4,0,6
155.1117167550381,,1,5,1,1,1,20,30,1,73198,5,0,6
874.4317752885783,,1,2,0,2,1,20,50,0,72304,5,0,6
809.9514979552428,14.037357851311082,0,5,0,3,1,1,69,0,82977,2,1,6
,,1,1,0,3,0,9,34,1,46034,1,0,6
777.3679464148883,146.68892498125714,1,0,1,0,0,6,48,1,110132,5,1,6
,99.37911044779472,1,2,1,3,1,2,36,1,68189,3,0,6
723.6348044363291,130.17231882483446,1,3,1,0,1,21,25,0,83246,1,0,6
789.0257956170883,155.4045813730631,1,0,1,2,0,20,34,0,32859,5,0,6
,186.30538011185928,1,0,2,0,0,7,64,1,84478,4,0,6
69.04646906194267,168.47830948738672,0,3,2,0,0,3,57,1,64929,1,0,6
,169.85061968641253,1,5,1,0,1,10,40,0,74689,5,0,6
775.0734146511722,62.268684128661334,1,2,0,3,0,15,19,1,58935,1,0,6
337.2423973430849,71.40176459182842,1,2,0,3,1,19,43,1,109022,1,0,6
,57.36412978382026,1,4,0,2,1,24,65,0,119377,3,0,6
565.0311337102751,,1,4,1,1,0,8,23,0,72535,5,0,6
104.66304124863656,,1,2,2,3,1,16,66,0,83285,6,0,6
655.3168626321407,1.6909610291140798,1,1,0,1,0,13,38,1,93777,1,0,6
77.91189370974728,18.4271384119578,1,4,2,0,0,23,29,1,80569,5,0,6
,25.27685494212386,1,5,1,0,0,21,24,1,65433,2,0,6
770.0526847980818,11.67416938469945,1,1,2,1,0,1,55,1,62495,5,0,6
,117.38801743875015,1,1,1,0,1,17,44,1,66364,3,0,6
559.6173341608699,15.967619441032443,0,3,2,3,0,19,59,1,43625,3,0,6
261.21573724082015,130.5140052608269,1,1,1,2,0,8,53,0,67859,4,0,6
569.5322494422944,49.96922686463219,1,4,2,2,1,4,41,1,36890,5,0,6
184.19429412916756,155.32451801769423,1,1,2,3,1,4,61,1,56680,1,0,6
854.6074249811952,123.38790715172902,1,2,0,1,1,13,68,1,94178,6,0,6
,179.97276987121026,1,3,2,1,0,6,53,1,63947,3,0,6
314.8671649758451,92.82133418898113,1,4,2,1,1,20,21,1,74956,2,0,6
,,1,4,2,0,0,5,63,1,100023,4,1,6
8.962478024764575,65.66307248721415,1,5,1,3,0,16,47,1,112958,4,0,6
632.8518756383912,36.35639308137919,1,5,0,3,1,2,44,1,93355,5,0,6
448.4392530732757,66.70793644826021,1,1,1,1,1,19,58,1,101213,4,0,6
379.90898831302576,1.679575657412813,1,5,1,1,0,17,56,1,94079,3,0,6
33.877742548033886,182.3626302628786,1,2,0,3,1,5,44,0,97958,1,0,6
985.8853541600178,,1,0,0,2,0,24,39,1,59611,1,0,6
497.3123781370322,180.42189459440496,0,2,0,3,0,8,35,0,30692,1,0,6
879.2965731779874,13.952946990138605,1,2,0,1,0,3,30,0,39716,1,0,6
185.16752803343596,28.384859348224765,1,2,0,0,1,19,54,1,95447,2,0,6
667.9943710778649,165.4660754002022,1,2,0,3,0,15,67,1,64955,1,0,6
774.5569999044839,99.60104619275484,1,2,1,3,0,24,33,1,75399,4,0,6
,11.852394853112358,1,2,2,1,0,12,33,1,32865,5,0,6
589.7015408467528,64.97815417578776,1,2,2,2,1,8,47,1,101661,1,0,6
623.0290561456861,,1,0,2,1,0,7,67,1,68138,3,0,6
98.81557385766573,128.3648723462833,0,4,1,1,1,12,58,0,53362,1,0,6
,12.788345389407564,1,1,1,3,1,5,54,0,38829,4,0,6
283.17261075209234,180.58560849673916,1,1,2,0,1,4,27,0,64908,2,1,6
,17.746805627454144,1,4,2,0,1,9,20,1,39095,2,0,6
444.1196945573992,76.048110271,1,0,2,0,1,14,48,0,53102,4,0,6
349.15121337454923,7.629043708242178,1,1,2,2,0,24,39,0,91612,1,1,6
292.2628695655789,119.14678116043412,1,5,0,3,1,13,68,1,72208,4,0,6
,179.6289820411234,1,3,0,0,0,15,47,1,85456,4,0,6
299.62441970910015,175.18236976945084,1,3,1,1,1,22,55,1,62909,4,0,6
394.5898342067091,91.2557586825433,1,1,0,1,1,4,32,1,86328,3,0,6
,42.981226363567075,1,2,2,2,0,11,37,1,63765,4,0,6
434.0739513957398,,1,3,2,0,0,13,30,0,72472,1,0,6
767.4305291490539,27.569160117488735,1,0,0,0,1,7,23,0,51286,2,0,6
354.39103674247406,110.77643133267978,1,1,0,1,1,13,32,0,94417,2,1,6
900.7544243607553,40.66593064894912,1,0,1,0,0,23,29,0,33511,3,0,6
854.8371549783109,93.31456553284936,0,2,0,0,1,24,35,0,94067,2,0,6
,,1,1,2,2,0,3,37,1,31978,2,0,6
363.5249886003312,26.687359909388064,1,0,2,0,1,9,26,0,35931,4,0,6
856.2317589323413,66.94793980869736,1,5,0,0,1,3,65,0,52902,2,0,6
133.0770569960572,,1,2,1,2,0,14,65,0,58796,4,0,6
963.6676568021312,79.05542853289288,1,2,0,1,0,14,43,0,62817,2,0,6
,112.9934978083619,0,3,1,0,0,22,37,0,93712,3,0,6
672.627641875746,6.7134868515325685,1,0,1,1,1,8,48,0,106480,4,0,6
,20.45241897239778,1,4,1,1,1,20,57,1,71911,4,0,6
969.6542109990332,108.94145757873277,1,5,2,1,0,12,68,1,74391,7,0,6
624.5819875568031,12.871555607575647,1,5,2,1,1,21,45,1,88032,1,0,6
240.61512400151364,173.31803948641414,1,5,0,1,1,20,49,0,113058,4,0,6
,168.9648595121397,1,1,1,1,0,10,49,1,49436,3,0,6
806.8523077651657,0.4050994226533877,0,3,2,2,1,17,20,1,81180,5,0,6
,158.68160146877543,1,0,1,2,1,9,65,0,115161,1,0,7
258.59141021669853,,1,4,1,3,1,20,28,0,75072,4,0,7
170.43064699597775,179.56097468446015,1,4,2,1,0,14,67,1,60499,5,0,7
865.9306842196543,,1,0,1,0,1,8,33,1,41801,1,0,7
858.7152568716914,65.92101615712255,1,4,2,1,0,19,26,1,31823,2,0,7
233.5205314635567,,1,0,2,2,1,24,31,0,51917,4,0,7
61.948366321733616,195.97097914588952,1,2,1,3,0,20,54,0,104144,5,1,7
178.98278589163962,,1,1,1,2,1,19,58,0,70308,4,0,7
614.3168584660303,147.16203583348846,1,1,1,1,1,15,65,0,103789,5,0,7
,100.0394445847182,1,4,0,3,0,17,52,0,53271,3,0,7
348.89597775147496,35.984166204656034,0,2,1,1,1,23,25,1,93146,2,0,7
183.301369627643,101.68457058351854,0,4,1,0,0,20,27,1,36354,3,0,7
675.4296012910454,83.29624243813491,1,3,0,2,0,4,61,1,71533,2,0,7
897.8834268080783,,1,3,0,3,0,18,25,0,92975,2,0,7
775.161100591171,40.13807126515101,1,0,0,2,0,6,30,1,30655,5,0,7
204.11439204919157,47.21128310915896,1,2,2,3,1,2,64,0,45043,2,0,7
609.8457716986941,115.16983705502491,1,4,1,1,1,11,50,1,72110,2,0,7
684.4847627485095,196.2017897493942,1,3,1,0,0,22,47,1,77352,3,1,7
854.0329977818535,178.84998097707424,1,2,1,3,0,13,32,0,52116,3,0,7
850.9658612504388,75.62355876107523,1,5,2,1,0,20,33,0,39839,3,0,7
646.9421267419067,49.33584673341485,0,1,2,2,0,17,37,1,70718,2,0,7
904.7197686411056,81.11364579480494,0,3,1,2,1,10,53,1,55040,2,0,7
923.4730505768192,129.34269456376782,1,1,0,2,1,14,58,1,42657,2,0,7
163.14193717770053,,0,5,0,1,1,9,20,0,75434,3,0,7
678.4109671739997,153.7313182241736,0,1,2,2,0,4,64,1,40763,4,0,7
,103.449719783982,1,0,2,2,0,22,33,1,34625,5,0,7
268.17759890848316,80.8217194103851,1,5,0,0,1,23,56,1,84957,5,0,7
636.8693088057609,129.5519520751964,1,2,1,0,0,15,29,1,86565,3,0,7
,10.597828779674344,1,3,0,0,1,11,58,1,85953,2,0,7
877.893803422748,159.89431394350558,0,5,0,1,1,4,69,0,48598,4,0,7
,7.156220314512485,1,0,2,3,0,12,33,0,57057,2,1,7
127.22633383960137,139.06484417937415,0,1,2,3,1,3,24,0,49069,5,0,7
,,0,0,1,3,1,21,51,1,93655,3,1,7
473.2829827309223,10.925784004618366,1,4,1,2,0,5,42,0,63592,4,0,7
710.3828566635393,8.894886540828395,1,3,2,1,1,6,66,1,64248,2,0,7
,155.5372415453491,1,5,2,0,1,11,66,0,96297,1,0,7
911.153861260874,,1,1,1,0,1,2,45,0,63901,3,0,7
,151.48016364927037,1,2,2,3,0,8,54,1,61974,3,0,7
126.85763346038004,116.42332810192916,1,4,1,2,1,6,51,0,69272,5,0,7
416.3602425855786,31.815814661210485,1,0,0,1,0,1,62,0,92018,3,0,7
261.58106684040115,163.5986774187969,1,0,2,0,1,11,46,1,60654,4,0,7
742.6961147490578,51.20031110625083,1,5,0,1,0,7,19,0,59102,3,0,7
,69.06503594363032,1,5,1,0,1,8,22,1,76196,2,0,7
,,1,0,0,2,1,20,40,1,74212,2,0,7
254.90705003908587,5.483509116980456,0,3,2,0,1,4,22,1,49130,4,0,7
,144.4608261776922,1,2,1,1,0,17,67,1,70619,5,1,7
689.5674731544597,105.29176397548858,1,0,2,0,0,17,62,0,53979,3,0,7
,84.87014526081455,1,2,0,0,1,24,55,0,116277,2,0,7
387.6014028298596,,0,0,1,3,0,11,64,1,46920,2,0,7
793.5296855120557,95.5913182409798,1,0,0,1,0,16,54,1,47746,1,1,7
567.1641879364513,46.87056779856302,0,1,1,1,0,8,60,1,81656,1,0,7
373.5734145407029,116.42287961363331,1,4,2,3,1,7,41,0,54057,4,0,7
410.5874846322519,195.1954545496657,1,0,1,2,0,3,48,0,66293,4,1,7
386.55025335251014,,1,2,2,2,0,9,43,1,54320,2,0,7
,44.49767794854769,0,3,1,1,0,9,34,0,32587,3,0,7
611.2318555470597,107.20998976437298,0,2,0,1,1,1,47,0,105678,1,0,7
864.0001189910528,28.13414512923005,1,3,1,0,0,12,42,0,76332,4,0,7
647.7427726027934,81.0927861109987,0,4,1,0,1,8,38,0,57424,2,0,7
856.7641408898846,33.04086165720934,1,2,1,3,0,4,29,0,103564,5,0,7
800.6413882552924,47.25236392729275,1,0,0,0,1,14,34,0,60681,2,0,7
914.1996301337872,158.292894389871,1,0,2,2,1,10,32,1,92244,3,1,7
696.5923169994406,91.5784653786432,1,3,1,3,0,6,43,1,111034,1,0,7
818.3668107587046,,1,4,1,0,1,4,43,0,99028,5,0,7
539.0742605148318,73.8393295306351,1,4,0,1,1,8,39,0,107510,1,0,7
976.805427791936,,1,0,1,2,1,11,69,1,47623,2,0,7
,58.03590579899824,1,2,0,0,0,21,51,0,111993,1,0,7
351.0323809714395,53.145202239793065,0,0,0,2,0,11,48,0,47840,1,0,7
627.0966701800523,184.2837582469128,1,2,1,0,0,17,30,0,74872,5,0,7
905.6124376720755,196.56583791068664,1,2,1,3,1,1,59,0,69161,3,0,7
412.3904657771227,91.96758088531593,1,4,0,0,1,10,38,1,110233,5,0,7
,90.4822134103787,1,1,0,2,0,20,32,1,47664,2,0,7
632.0668005458922,53.802834880668016,0,5,1,0,0,11,27,1,65126,5,0,7
851.0555261610431,135.77998725340285,1,4,0,3,0,17,49,1,62555,3,0,7
269.97075657269943,,1,0,0,1,0,16,46,1,74043,2,0,7
913.9309198966342,143.5468398557156,1,0,2,3,0,13,64,0,110413,1,0,7
100.54719358983056,72.12562198861374,1,2,0,2,1,4,39,1,87925,3,0,7
281.64982701318917,22.576689335652244,1,4,1,1,1,17,32,1,96478,4,0,7
80.93054104988062,41.58391311479379,1,1,0,1,0,18,36,1,88942,5,1,7
436.036207198771,18.024632233823688,1,0,2,2,0,1,52,1,75543,4,0,7
49.86095177858563,111.849162188386,1,5,0,0,0,10,36,1,86591,6,0,7
613.0987937008881,190.54799424045203,1,1,2,0,1,4,48,1,99383,5,0,7
38.24313225299625,71.25227408845419,1,4,0,0,1,19,51,0,88794,2,0,7
824.7933400723194,63.75084601506702,1,1,1,0,1,15,52,0,69066,4,1,7
,115.91516423312838,1,5,0,1,0,18,63,1,108543,4,0,7
169.3721848445294,,1,3,2,3,0,10,22,0,104309,5,1,7
204.3606426983038,,1,0,2,1,0,14,40,1,47772,2,0,7
257.9133722014597,64.78617500521912,1,0,2,3,1,8,22,1,39355,4,0,7
873.4718051772097,146.63627369454687,1,4,2,1,0,2,54,1,85793,5,0,7
413.47605213709846,149.63401823912366,1,4,0,3,0,5,50,0,46187,4,0,7
132.950064367928,,1,4,0,3,0,5,30,1,51421,4,0,7
703.788639991856,95.71960251635888,1,2,2,2,1,3,19,0,34095,1,0,7
672.7344354803449,171.29963153733257,1,2,2,3,0,3,29,1,104678,5,0,7
,174.56834039947518,0,1,0,3,0,8,30,1,87405,4,0,7
,18.111964541637484,1,1,0,1,1,5,37,1,77881,2,0,7
,176.95559344733644,0,5,1,3,0,23,35,0,99356,4,0,7
133.56658756300376,,1,4,0,0,1,4,64,1,95606,2,0,7
26.560457209023113,,1,1,0,1,0,3,63,1,70710,2,0,7
322.2521632035342,13.238215459383795,0,0,2,2,1,10,48,1,48046,5,0,7
552.4523408478725,164.2024681518117,1,0,0,1,1,5,30,0,67017,3,0,7
80.05048344600362,24.896308150280653,1,2,1,3,0,10,55,1,76186,3,0,7
585.5640194122607,41.285737195945394,1,4,2,1,1,15,27,0,91091,5,0,7
695.7615083387125,96.28598326686388,1,0,2,1,0,23,18,0,38739,5,1,7
94.88372755867135,,1,5,1,3,0,2,54,0,49189,3,0,7
789.4214306526978,81.4729848967817,0,0,1,1,1,7,44,1,95705,3,0,7
476.9070376102571,125.95476967881336,1,2,2,3,0,21,55,1,106109,1,0,7
219.77490636713648,54.70511834124774,0,1,2,1,1,9,69,0,83055,5,0,7
434.5791552677775,32.197434114584624,1,0,1,2,0,14,31,0,86210,1,0,7
182.65860718532625,,1,2,1,2,0,23,37,0,40946,5,0,7
72.52058734876321,,1,1,2,2,1,16,52,1,75252,1,0,7
879.964423470952,191.26127879527303,1,0,0,0,0,15,38,1,33760,3,0,7
,96.98284037349023,1,4,0,0,1,19,42,0,64280,2,0,7
987.030479251386,6.852856498672311,1,1,0,1,0,7,51,0,68791,4,0,7
583.019159589904,75.45024725244913,0,5,2,0,1,24,58,1,93908,3,0,7
334.3822280714173,82.4338155354087,1,1,0,2,1,17,30,0,46419,1,0,7
981.1785939840596,135.02356577989144,1,5,0,2,1,17,21,0,53630,1,0,7
,182.771525936946,0,0,2,1,1,6,38,1,80777,6,0,7
377.3492888308594,95.03159370255447,1,0,2,3,0,2,66,1,87283,4,0,7
54.94323715749616,62.4662759513843,1,0,0,2,1,7,41,0,57666,3,0,7
49.253461419247024,143.72554189353258,1,1,1,2,0,13,62,1,66339,6,0,7
419.63103173859975,,0,0,1,2,0,2,50,1,59186,4,0,7
962.598368370214,184.2287301571727,0,0,1,0,1,2,63,0,105713,3,0,7
839.0803182573288,43.178809658075835,1,2,2,2,1,17,40,0,105406,5,0,7
,,1,4,1,1,1,7,29,0,40174,1,0,7
,74.85088334736534,0,5,1,2,1,9,63,0,53490,3,0,7
941.2096090154134,100.21608725948523,1,4,2,1,1,22,32,1,66183,1,1,7
815.9906538029385,141.97341125462845,1,3,2,0,1,5,40,0,32973,7,0,7
438.76383502764605,85.985749162393,0,1,2,1,0,12,58,0,55548,5,0,7
687.7210138508776,41.040773124868714,1,4,1,1,1,20,27,0,61669,2,0,7
,128.1455363562443,1,1,0,3,1,11,53,0,74387,1,0,7
,158.617475449178,1,5,2,3,1,8,46,1,102882,4,0,7
637.6026927611733,196.58556238260377,1,4,2,3,0,23,30,0,80695,3,0,7
,,1,1,2,3,0,23,66,1,106072,2,0,7
100.79698009987482,35.894483671896296,1,4,1,0,1,16,67,1,73950,5,0,7
886.7181315802936,153.03117075756168,1,5,2,0,1,18,48,1,75677,3,0,7
50.29922179355428,147.8273290898977,0,5,1,3,0,6,56,0,81474,5,0,7
,38.64334688246773,0,4,1,0,1,20,64,1,108813,5,0,7
,,1,4,0,3,1,16,33,0,55585,1,0,7
728.6577829929761,,1,1,0,3,1,18,65,1,80725,3,0,7
394.8162040352705,195.966088183168,1,0,1,0,0,14,28,1,91791,2,0,7
496.6584090710758,197.52195555566988,1,3,1,1,0,19,45,1,107526,5,0,7
802.5936610617116,20.929633941368884,1,1,1,2,0,2,60,0,62995,6,0,7
308.7504879090115,149.43922065698382,1,0,0,2,0,5,63,1,46313,3,0,7
479.8659276248697,190.76084226252817,1,1,2,0,0,4,46,1,101676,6,0,7
,,0,5,0,3,0,24,35,0,79885,5,0,7
210.9664449887272,125.95327602093047,1,2,0,1,1,10,63,1,113813,3,0,7
159.78454641062402,,1,4,2,3,0,2,49,1,93739,2,0,7
,4.679936558642983,0,5,2,3,0,14,30,1,90620,4,0,7
654.335507164034,16.535645480311125,1,5,1,0,1,11,59,0,72634,3,0,7
710.0918877329059,56.19352911640323,0,4,0,1,1,6,52,0,54055,4,1,7
,127.82221592305932,1,2,1,1,1,8,59,0,54135,1,0,7
,109.65312518521776,1,1,2,0,1,23,47,1,88324,3,0,7
149.58385601681468,34.78792931086549,0,2,2,2,1,16,63,1,108055,3,0,7
,,1,3,1,2,0,11,35,1,57944,4,0,7
,14.820103153360154,1,3,0,0,1,1,54,1,63556,4,0,7
109.6461272033402,141.69308488692815,1,4,2,2,1,8,61,1,105056,5,0,7
910.2378646060334,,0,3,2,0,0,10,57,0,109398,1,0,7
,,0,4,1,1,0,11,46,0,74277,5,0,7
578.6561066324664,,1,3,0,2,1,15,62,0,83029,2,0,7
607.2632034171182,160.44985547926126,1,5,1,3,0,23,53,1,115484,4,1,7
381.35222155621307,,1,5,2,2,0,20,48,0,69771,3,0,7
691.7063338611215,,1,0,1,1,1,4,24,0,39421,1,0,7
,86.85052234570169,1,1,2,0,0,8,41,1,80095,4,1,7
71.73771264639306,53.78455158541555,1,4,2,3,0,20,69,0,61379,1,0,7
627.4144500735542,114.64963138909832,1,1,1,0,0,15,25,1,57750,4,0,7
628.8881196662413,106.8325716190279,1,5,1,0,1,21,20,0,60128,1,0,7
,159.64269437895726,0,4,2,2,1,16,65,0,85665,6,0,7
570.5263491680074,127.26697422811328,1,4,1,0,1,14,39,1,85707,2,0,7
245.3523319290234,108.26048072148431,1,0,2,3,1,8,38,0,54537,3,0,7
183.8004340950864,184.9182140549269,1,3,2,0,1,22,54,1,57232,1,0,7
791.9499956465474,148.4665350761341,1,2,0,0,0,12,37,1,108555,5,0,7
320.1290634047248,90.75493832090528,1,1,1,1,1,23,36,1,57335,5,0,7
,83.51701556704725,0,4,1,1,1,1,68,0,84225,4,0,7
569.3608703369337,,0,0,0,1,0,15,35,0,96596,4,0,7
868.9356608850659,101.77219065582672,1,4,2,3,1,7,47,1,42630,4,0,7
828.4949412239462,67.60981202655083,1,5,2,2,0,16,27,1,105725,4,0,7
,116.8376640788275,1,4,2,1,0,19,62,1,85424,5,0,7
,106.55430521494442,1,3,2,2,1,11,68,0,108921,1,0,7
112.7184529999583,193.69442928952117,0,5,2,1,0,18,44,0,76791,1,0,7
911.6770900168434,90.79405804614171,1,5,1,2,1,18,63,0,39220,2,0,7
913.9806799553326,157.9520384227356,1,0,1,2,1,4,18,0,83437,3,0,7
300.13309839926006,,1,3,1,2,1,18,28,1,44988,1,0,7
464.9473865674778,100.2728178635192,1,3,0,3,1,17,20,1,38685,3,0,7
853.0916343906895,,1,3,0,3,1,4,21,0,73735,3,0,7
5.680632408446296,,1,4,2,2,0,24,41,1,57886,5,1,7
317.93914914966024,,1,4,1,3,1,18,28,0,85064,1,0,7
171.99095203969193,40.42779926955726,1,2,0,3,1,5,50,0,54170,5,0,7
880.1620606379829,1.3634634822607072,0,4,2,2,1,2,42,0,37213,5,0,7
607.5101443601617,143.0291122498196,1,3,2,0,0,21,48,1,53936,1,0,7
371.2885182757073,68.48966778967824,0,1,0,3,1,5,19,0,78996,2,0,7
39.75532992852826,192.91047385485075,1,3,1,3,0,20,30,1,69795,2,0,7
823.1970800516884,128.87599855633,1,4,2,3,1,3,59,1,116565,2,0,7
748.4680382304616,25.305300980435085,0,0,1,0,0,23,29,0,34027,3,0,7
9.17519957250079,90.9543401521336,1,2,2,0,0,1,29,0,29406,4,0,7
,156.76205209711426,1,1,0,1,0,4,21,1,65541,3,0,7
262.69798622439953,113.66388854924814,0,1,2,3,1,13,22,0,77714,5,0,7
507.6280012347848,48.342614937441944,1,1,1,2,1,13,67,1,56492,5,1,7
549.0001171113587,34.773076746799745,0,4,0,3,1,5,66,0,78136,2,0,7
465.09628577251584,190.18544102413657,1,2,2,2,0,23,22,0,78797,1,0,7
926.2405897692604,38.212206390815865,1,5,2,0,1,17,60,1,59913,5,0,7
675.1842006411257,,1,5,2,1,0,22,46,0,44637,3,0,7
639.7875357291485,68.19316341141351,0,1,1,3,0,4,21,0,97137,4,1,7
494.2844042951801,176.13975425282456,1,3,2,0,1,9,59,0,101005,1,0,7
57.728787038622166,,1,0,1,0,1,23,55,0,45651,3,1,7
744.6157997271155,156.04773235975162,1,4,0,0,1,17,34,0,102171,5,0,7
422.13803297464744,,1,3,1,1,0,7,40,0,42639,5,1,7
855.8600789282301,181.72579911736213,1,0,2,1,0,18,30,1,103624,1,1,7
,,0,2,0,3,1,23,28,0,47663,1,0,7
,,0,0,2,2,1,7,27,1,61803,3,0,7
,146.2856419743434,1,5,0,3,0,15,51,0,92026,2,0,7
739.6892814704007,42.400477203965515,1,4,0,2,1,1,50,0,99385,1,0,7
858.3643946930545,182.424745828708,1,1,0,3,1,24,45,1,108527,3,0,7
650.0900818528817,45.80585312375065,0,4,2,1,1,18,62,1,95291,3,0,7
780.786165155581,50.44710054667863,1,2,2,3,1,6,38,1,99188,5,0,7
259.012591097719,150.2987154961922,0,5,2,2,0,19,48,0,97277,4,0,7
263.3613567141969,148.41986142098173,1,2,1,3,1,18,61,1,64626,4,0,7
386.4495243345707,71.24125618397174,0,5,1,2,0,13,46,0,110030,3,0,7
,147.69113481862576,1,1,2,0,1,9,68,0,70041,5,0,7
410.00496331692494,188.5751113633849,0,4,2,1,0,9,69,0,105376,5,0,7
906.7635440831848,33.7873776396721,0,4,2,3,1,18,60,0,77491,5,0,7
54.8851585661293,,1,2,1,0,1,12,23,0,64067,2,0,7
550.3498712323218,135.83482949863463,1,3,2,2,1,1,66,1,79680,1,0,7
,197.31642652060745,1,0,2,2,1,9,63,0,70658,4,0,7
521.7622267541182,111.80694540402156,1,4,0,1,0,20,27,1,91228,1,0,7
301.9695595076424,107.26274734200707,0,5,2,2,0,12,27,0,42923,5,0,7
807.3879665781981,37.695577071107934,1,0,2,0,0,8,60,1,44357,1,0,7
761.6237817901417,59.82831892099296,1,3,1,2,0,21,49,1,60412,1,0,7
706.83513817936,,1,4,2,3,0,3,50,0,41454,5,0,7
483.36521624037056,68.14372693452376,1,0,1,0,1,9,51,1,58961,1,1,7
242.1985339898656,18.362123414918273,1,1,2,2,0,5,28,0,86149,2,0,7
,,0,1,0,3,1,21,36,0,73002,2,0,7
988.049239296148,6.363437172891628,1,4,0,3,1,8,47,0,61953,1,1,7
896.1615490041414,81.09639448683699,0,0,2,2,0,10,57,1,89406,2,0,7
465.39766114556494,88.3866147963141,1,1,2,2,1,7,60,1,107473,3,0,7
319.97540407162404,48.969053906370185,1,0,0,3,0,20,48,1,36326,4,0,7
263.3479894845646,21.439232352097747,1,4,1,3,0,12,26,1,40446,1,0,7
570.133255319575,122.9182469929093,1,0,2,0,0,13,57,1,115417,3,1,7
837.8037319994763,93.6047211444381,1,5,2,2,1,7,31,1,67365,3,0,7
748.5935636249347,,1,5,2,1,0,16,44,1,75378,5,0,7
189.44868023139335,198.27218533859028,1,3,0,1,1,7,48,1,102022,3,0,7
536.6076981267712,152.13113663656588,1,4,1,0,0,14,32,0,51512,2,1,7
286.58371844000595,193.8108464858575,1,5,1,3,1,7,45,0,74793,4,0,7
661.8666152206756,121.72030613198712,1,4,2,0,1,4,19,1,39727,1,0,7
842.9214259990398,,1,0,0,1,1,20,65,1,95503,5,0,7
16.20310697180194,105.9024297659086,1,2,1,3,1,8,54,1,89097,1,0,7
298.0552879571129,183.27382492363913,1,3,1,1,0,24,64,0,45835,1,0,7
,,1,5,1,0,1,11,48,1,102335,3,0,7
133.62322445762632,169.07909105445296,0,0,1,2,0,15,56,0,76671,3,0,7
465.9744375722775,71.86041589086551,1,0,1,3,0,20,39,0,69647,4,0,7
332.7227076739834,,1,3,1,2,1,9,27,1,40593,3,1,7
141.77414953035805,36.66020906684513,1,4,1,3,0,13,37,1,85011,4,0,7
,104.845422403203,0,5,2,0,0,23,51,1,38635,3,0,7
701.3798902850558,,1,1,1,2,1,10,24,1,41235,5,0,7
724.5675547176619,132.86496852819974,0,2,2,0,0,3,24,0,96087,5,0,7
622.1653116398875,75.73443532117994,1,0,0,2,1,16,19,0,72244,4,0,7
,69.08032779738417,1,3,2,0,1,3,65,0,87914,5,0,7
490.4041186781178,137.43279163094556,1,4,2,3,0,11,33,0,69245,3,0,7
187.29969224149613,158.91041946768166,1,4,0,2,0,11,20,1,96807,2,0,7
227.13663777838167,75.46100339666523,1,4,1,1,0,8,40,1,90424,6,0,7
348.0602487828733,71.32249402065769,1,4,2,2,0,10,46,1,72617,4,0,7
779.8988311269427,,1,3,0,3,0,19,24,0,107051,4,0,7
978.5500676915816,34.09874489544895,1,0,2,1,1,8,31,1,73709,3,0,7
610.7953797983927,1.8279575286616945,1,2,1,3,1,9,66,0,117394,4,0,7
494.5324565833078,,1,2,1,3,0,4,57,1,75160,5,0,7
110.21104495715106,81.38577135389917,0,4,2,3,1,1,33,0,36808,2,1,7
,,1,2,1,2,1,3,67,0,49596,1,0,7
187.5915134892987,167.33602963507676,1,0,1,3,1,23,26,1,47975,3,0,7
317.5664571764165,67.7668361429125,1,0,2,3,0,21,63,0,115058,2,0,7
21.562243346367023,,1,1,2,3,1,19,18,1,62140,4,1,7
63.985887754063,109.16546656470912,1,3,2,0,0,6,57,0,109276,1,0,7
44.73553224199822,,1,1,1,2,1,24,45,1,44963,1,0,7
388.8170945771409,,1,1,1,1,1,6,62,1,103586,2,0,7
717.5662751290187,143.54800666606127,1,3,2,0,0,20,56,0,63780,2,0,7
943.4638734555248,125.92964187204576,1,4,0,1,0,8,21,1,86438,3,1,7
546.724002849036,144.88601040543813,1,4,0,0,1,17,66,1,109000,2,0,7
159.45209139232185,93.93124588766696,1,2,1,0,1,10,42,0,89437,3,0,7
614.1425028937374,164.73910926298524,1,3,1,0,1,18,58,1,49918,4,0,7
326.359555505909,53.68831854645797,1,4,2,3,1,13,65,1,110123,8,0,7
971.8811517382094,155.13508949748842,1,5,1,2,0,23,61,1,100640,5,0,7
27.23480664796407,,1,0,1,1,0,23,18,1,62407,2,0,7
496.28690191121063,91.254997431157,1,1,2,2,0,1,41,1,39165,4,0,7
554.8166661352869,,1,2,0,0,0,3,24,0,28984,5,0,7
982.624747278006,120.95884351469488,1,5,2,1,0,5,47,0,108875,1,0,7
781.6206225936412,3.998062023968929,1,2,1,3,0,10,42,0,73532,5,0,7
921.1158322981418,170.00273558737217,1,3,0,2,1,13,56,1,87039,3,0,7
10.907491328648987,61.452072803279265,1,3,2,0,1,16,60,0,49779,3,0,7
,,1,5,2,1,1,10,67,1,98553,2,1,7
42.717677158558566,196.862765172302,1,2,1,2,0,20,34,1,105902,4,0,7
,,1,2,1,1,0,21,53,1,86495,2,0,7
157.84635749087562,71.65469471735109,1,4,2,3,1,14,29,0,37640,3,0,7
106.71886172951284,143.86076563326662,1,2,1,3,0,9,67,1,50218,2,0,7
201.20568829909524,176.8738266182442,1,1,0,3,0,8,37,1,77781,4,0,7
170.6573585043718,134.31668605930824,1,4,1,0,0,17,45,1,35390,4,0,7
481.3330203175743,143.84788621479953,0,2,2,3,0,13,62,0,91261,3,0,7
946.6306661995123,136.6078924596406,1,5,2,3,1,24,53,1,106291,1,0,7
435.05308144179935,,1,0,0,3,1,19,51,0,96813,9,0,7
352.8270980522917,111.7650928979524,1,2,1,1,0,13,69,0,107706,5,0,7
,37.13905676915263,0,1,2,0,0,9,22,1,39085,5,0,7
526.0849508201985,121.69431752414074,1,3,2,0,0,9,44,0,96691,5,0,7
,181.84170750137028,1,4,0,0,0,6,52,0,76973,4,0,7
373.462323481799,171.49146467981936,0,1,2,3,0,11,51,0,77519,4,0,7
866.5467085244388,80.53706897373871,1,5,0,3,0,22,43,0,75080,2,0,7
,171.8953789302852,0,4,0,0,1,5,26,0,88480,5,0,7
,57.27107580203376,1,0,1,3,0,22,40,1,72170,1,0,7
,169.3401999178558,1,4,1,0,0,11,45,1,91077,2,0,7
621.14204755793,178.44238991330005,1,4,0,0,1,17,35,0,92196,1,0,7
944.4974821775974,197.53812935716192,1,3,1,2,0,16,32,0,85859,3,0,7
496.7891126514159,,1,2,0,3,1,23,25,0,56272,2,0,7
940.3306565111196,90.08780918053267,1,0,2,3,1,2,61,0,100685,6,1,7
247.22119955543732,17.933750703718232,0,1,1,3,0,5,23,0,44711,4,0,7
51.1165034698885,183.07770525700911,1,2,2,0,0,3,25,0,54500,5,1,7
851.5288996069077,25.01692656617771,1,1,2,1,0,20,69,0,61538,1,0,7
525.7885025661101,132.7632350544181,1,0,0,1,1,8,48,0,52616,2,1,7
226.15363340784856,90.37471408276345,0,4,1,3,1,24,54,0,99114,2,0,7
,60.569666466373384,0,0,0,1,1,16,57,1,95477,2,0,7
0.4952885780339366,100.82840277153085,1,4,0,0,0,21,64,0,100785,3,0,7
368.96954373156075,90.14885277227864,1,5,2,1,1,9,34,0,72491,3,0,7
888.8535619948761,125.26526487740875,1,2,0,0,0,11,40,0,102791,5,0,7
572.2169377154604,191.34762522725592,1,4,0,1,1,12,63,0,48857,4,0,7
145.46886455879914,194.5740853420768,1,2,1,0,0,16,60,1,92531,2,0,7
332.88446406340046,95.22863960550872,1,3,1,0,1,18,23,1,36253,5,0,7
463.51459863092094,11.092862707062825,1,3,1,3,1,1,27,0,71642,3,0,7
,142.53109230876203,1,0,1,1,1,11,53,1,89806,3,1,7
,26.691405738367145,1,4,0,3,0,2,47,0,66783,4,0,7
61.92549593028307,146.24760769850042,1,5,1,3,1,21,67,1,55178,3,0,7
738.3619460643108,139.00027010267223,1,4,2,0,1,15,40,1,77355,3,0,7
,,1,4,1,0,0,17,44,1,36100,2,0,7
,,1,0,0,0,1,5,23,1,31689,5,0,7
,14.196053329749937,0,1,0,1,1,2,25,1,83906,1,0,7
,,0,2,1,2,1,24,59,0,56019,3,0,7
810.6380252804557,169.1919889905099,1,5,0,1,1,3,34,1,103440,5,0,7
809.5815607441082,98.92406200654102,0,2,1,1,1,18,53,0,100582,4,0,7
,155.3324240782539,0,0,0,1,1,8,46,0,106876,2,0,7
92.69333555103154,,1,2,1,2,0,24,49,0,62722,3,0,7
140.5421893444694,149.83091401766706,0,5,0,2,0,4,37,1,93356,5,0,7
963.7705667435932,121.86631118987914,1,1,2,2,0,13,36,1,105927,1,0,7
150.89418780667296,121.38821882539617,1,4,2,2,0,15,48,0,57719,3,0,7
14.97972138636472,103.9373364589401,1,5,0,2,0,6,42,0,57039,5,0,7
539.2158819175405,10.659379510140798,0,1,1,2,1,23,55,1,92123,1,0,7
867.4978365390205,43.33259834879022,0,1,1,3,1,4,61,1,94332,2,0,7
551.806453548562,,1,2,2,3,0,2,60,1,100422,2,1,7
987.2080884439756,81.39684132440206,1,4,0,1,0,7,31,0,103373,1,0,7
290.7160742846964,74.17043398122445,1,0,0,1,0,4,67,0,54915,4,0,7
913.866398029268,,1,4,0,3,1,12,23,1,29354,1,0,7
420.1165272188791,79.47457269579562,1,3,0,0,0,3,65,1,70893,3,0,7
735.8760923755987,150.9347944953456,1,5,1,3,1,15,55,0,46042,3,0,7
,51.19639401442553,0,3,1,0,0,15,55,0,45349,4,0,7
397.6646281639323,13.340844380423643,1,0,0,0,0,13,59,0,68579,4,0,7
783.3911988669869,118.93869110302862,1,5,1,3,1,2,25,0,61118,1,0,7
,73.0790925153576,1,4,2,0,1,7,59,1,92200,3,0,7
296.4820108927462,146.6637830586037,1,1,1,1,1,23,37,1,39498,1,0,7
,194.5619869640427,1,1,0,2,1,23,36,0,50249,4,0,7
797.4888499183982,140.4697761799862,1,2,1,1,0,21,64,1,46593,5,1,7
,55.13745296874693,1,5,0,3,0,2,44,1,54569,1,0,7
744.2714550104373,,1,5,0,3,1,21,24,1,87876,3,0,7
453.1598178012337,,0,3,1,2,0,3,22,0,63507,5,0,7
669.3954488436704,131.94422917312843,1,5,2,0,0,15,27,0,28318,5,0,7
894.874037932769,14.945417171763983,0,4,0,2,0,24,42,1,80856,5,0,7
62.69687637130772,182.69001754245295,1,4,1,2,1,21,68,1,112328,2,0,7
545.4896820526557,126.10022403472128,1,2,2,3,0,13,53,0,62397,3,0,7
,64.68388412361115,1,1,1,0,0,10,28,0,83670,1,0,7
86.87587039898237,160.10997306794394,1,4,0,1,1,19,36,1,102188,5,0,7
745.4621265433728,184.94667653367503,0,4,0,0,0,17,36,0,47600,4,1,7
123.2005130073962,81.96372728032573,0,3,2,1,1,21,46,0,43624,1,1,7
869.1821535605849,,1,5,1,2,0,1,19,0,37292,4,0,7
154.22406234373742,123.6210638433524,1,5,0,0,1,15,35,1,53628,5,0,7
767.582164417408,32.43276958039338,1,4,0,0,0,5,43,1,71652,4,0,7
935.7172938010387,14.010183692895929,1,2,0,1,1,13,32,1,107598,2,0,7
,198.68182864364948,1,3,0,0,0,15,47,0,58851,4,0,7
662.7521437304176,13.109667834970518,1,1,1,3,1,24,55,1,77351,4,0,7
,128.30916082817674,1,1,1,0,1,2,56,0,104971,4,0,7
556.1039221967396,123.64557192415602,1,3,0,1,0,18,39,0,71212,3,0,7
207.38323422640735,83.25418838015892,0,3,1,3,0,20,64,0,71558,5,0,7
,,1,0,2,0,0,6,37,0,71230,3,0,7
983.527666638595,179.93589414980295,1,5,0,0,0,6,55,1,108677,5,0,7
632.1859007806507,81.73345038910355,1,4,0,0,1,15,57,0,42957,2,0,7
663.4201423561417,78.21449548605688,1,1,0,2,0,21,40,1,80294,5,0,7
246.51533458281472,127.99854811805672,1,3,2,2,1,20,44,0,44999,4,0,7
635.7822570246785,153.04566719397263,1,1,1,0,0,21,39,1,83215,1,0,7
,195.0225910607666,0,4,0,3,0,12,38,1,100898,4,1,7
616.14691020941,100.53734889398024,1,3,1,1,0,23,53,1,58838,5,1,7
236.4942198615073,85.02558302270148,1,3,0,0,0,3,57,1,56053,5,0,7
812.2902290092528,73.32666856653047,1,5,0,3,1,12,48,1,67729,4,0,7
138.66578128612582,,1,0,1,3,1,5,18,1,51582,1,1,7
968.7647837933158,11.10679693285328,1,2,0,1,0,2,64,1,58213,5,0,7
755.025301928889,98.27949027854012,1,3,0,0,0,1,57,1,50151,1,0,7
53.42570492718912,18.86007507987879,1,0,0,2,0,15,21,1,64608,1,0,7
422.1396712766914,147.22482797210972,1,0,2,0,0,19,42,1,47800,4,0,7
501.0130854411073,107.71901551398255,1,1,0,1,0,14,20,0,66364,3,1,7
886.9776481372209,35.3831793884962,1,0,0,2,0,4,46,0,108346,1,0,7
,21.72517042326041,1,0,2,0,0,15,30,0,31898,3,0,7
,161.230434138219,1,0,1,0,1,15,37,0,104073,2,0,7
713.3959916511191,76.10625242830493,1,4,1,0,1,6,26,1,62378,4,0,7
648.1773581026337,147.6000560354138,0,1,0,3,1,5,27,0,28810,2,0,7
596.588216867912,131.60893996408876,0,5,0,0,1,13,21,0,71825,3,0,7
197.13123284072685,,1,1,2,3,0,13,26,1,89569,5,0,7
474.8493897515063,42.81510668830577,1,4,2,2,0,4,30,1,96232,1,0,7
,181.173429336694,1,4,2,0,1,17,45,1,105395,2,0,7
892.204256556701,68.0929230359846,1,2,1,1,0,16,33,0,83903,4,0,7
208.49421603187236,97.51379470935792,0,3,1,0,1,1,68,0,105185,4,1,7
275.09621332624147,91.99537381387152,1,4,0,1,1,12,27,1,47962,2,0,7
489.03451122642025,130.98912019771947,1,1,0,0,0,13,19,1,59195,3,0,7
,85.40950927313932,1,5,0,0,1,4,49,1,106795,4,0,7
504.9468273476312,83.60095232378883,0,1,1,2,0,11,65,0,42316,3,0,7
585.9301465216014,,1,3,0,3,1,24,59,0,41460,1,0,7
366.80993175203815,52.25635363654866,1,2,0,3,1,5,56,0,61364,5,0,7
,100.04841297179806,0,2,2,1,0,13,20,0,65573,5,0,7
679.1415717372528,63.065255731608595,1,5,2,3,0,12,35,0,41186,4,0,7
749.772023936148,189.34393431762288,0,5,0,3,0,18,44,0,79537,2,1,7
706.97943715649,72.80345343369758,0,0,0,2,0,9,62,0,109268,3,1,7
794.0287351349649,,0,1,0,3,0,18,67,1,46498,3,0,7
402.6135505279448,143.7482990962052,1,5,1,3,1,1,30,0,104969,3,0,7
432.3971253146148,87.03960056984977,0,4,2,2,1,22,47,1,34308,3,0,7
540.312630353796,53.93460069848255,1,4,2,2,1,22,34,1,51844,1,0,7
493.10769737487703,117.8949495284744,1,2,1,3,0,1,20,1,76860,2,0,7
485.2840270281985,,1,0,0,2,0,16,66,1,53205,4,0,7
454.0758983030752,,1,3,2,1,1,9,42,1,46430,1,0,7
705.5953156843948,,1,0,0,2,1,6,27,0,84036,5,1,7
499.69659533688025,,1,4,0,2,0,6,27,1,42290,3,0,7
30.518523731009275,,1,5,0,0,1,1,18,0,65584,1,0,7
936.511062851037,45.1510659156088,1,2,0,1,0,20,57,1,95230,1,0,7
,,0,1,0,0,1,6,45,1,50581,3,0,7
672.71879271127,172.08773370886405,1,0,1,2,0,8,58,0,78261,5,0,7
,75.09379509907473,1,2,1,3,0,19,50,0,89898,1,0,7
766.0581964077958,142.9164483730376,1,4,0,0,1,6,32,0,41947,5,0,7
488.4423010064104,137.67152764013954,1,2,1,2,0,20,54,1,97104,2,0,7
,171.9647285662055,1,3,2,0,0,16,34,0,66760,3,0,7
290.99741192659866,89.82230977235459,1,1,1,0,0,1,27,1,100069,4,0,7
353.436626446929,29.52306841236776,1,0,1,1,0,16,36,0,54969,4,0,7
,103.76855322148728,0,4,2,1,0,7,31,0,102893,2,0,7
590.5060165182709,,1,0,2,0,1,15,27,0,94817,3,0,7
675.8963150304364,88.84307126896458,1,2,1,1,0,7,66,0,78939,2,0,7
487.5658866336287,18.88072573428201,1,2,2,3,1,15,47,0,45728,1,0,7
839.6251538870183,137.91167622762055,1,4,1,3,1,11,41,1,51753,2,0,7
49.97444613749003,,1,1,2,1,1,1,51,1,105277,3,0,7
263.20226320024386,180.48991695779625,1,4,2,2,0,3,47,1,72471,4,0,7
41.943359977351435,73.53889123961889,1,1,0,2,1,1,35,1,80259,5,0,7
62.75939734798142,,1,1,0,2,1,16,46,1,42972,3,0,7
277.22016560262097,61.63535758078809,0,2,0,1,1,4,68,1,100232,1,0,7
151.29434063708047,126.76643857383289,1,1,1,3,0,16,43,0,63533,5,0,7
175.0475692894522,164.5756047053811,1,0,2,1,0,12,26,1,52096,2,0,7
267.4907208547386,,1,1,1,3,0,21,51,1,75906,4,0,7
,79.21115999457895,1,2,0,2,0,11,32,1,63644,1,1,7
610.8258605243145,141.09592964752036,1,1,2,2,0,17,69,0,120361,1,0,7
418.93688309010537,,1,1,2,3,0,10,45,1,98716,6,0,7
849.8064627155026,28.05715375883111,1,4,0,2,0,19,23,0,105922,2,0,7
251.47504643799957,174.34156010376182,1,0,0,0,1,5,21,0,32106,5,0,7
,36.19220764798998,1,4,2,1,1,17,31,0,47433,3,0,7
,107.66601672849772,1,5,0,3,0,3,69,0,65418,4,1,7
219.9725931282066,122.45916899651569,1,5,0,0,0,4,50,0,80682,5,1,7
,9.909247828093084,1,0,1,3,0,15,61,0,76507,2,0,7
785.446882979329,139.07454353193904,1,3,0,3,1,12,22,0,66510,4,0,7
154.93953249925218,62.22601857637551,1,3,2,1,0,8,39,0,103605,3,0,7
,115.74652708272964,1,2,2,0,1,8,64,1,63383,5,0,7
,48.04537418004535,1,3,1,1,1,15,19,0,35194,4,0,7
379.3016233864096,,1,1,1,3,1,7,34,1,63407,3,0,7
3.0183314550098483,150.6162838819947,1,5,0,3,0,9,19,1,40779,4,0,7
,191.02070608038736,1,0,2,3,0,10,38,0,76321,3,0,7
400.9585656535962,125.962367951397,0,2,0,0,1,13,59,0,90442,2,0,7
450.47903510955734,,0,5,1,0,0,12,64,0,102960,5,0,7
91.33102608557564,127.73789111644594,1,2,0,3,1,5,63,1,62779,3,0,7
682.8845343827771,58.14893521489084,1,3,1,0,0,18,39,0,96014,5,0,7
667.5176211836182,180.3296744012941,1,1,1,3,0,14,25,1,67587,2,0,7
,40.3321478175771,1,4,0,3,1,1,58,0,65373,1,0,7
,,0,2,2,1,1,15,27,1,49213,3,0,7
238.25378209686843,112.2827602383004,0,1,1,3,1,8,23,0,66331,2,0,7
,131.90273809063115,0,4,1,1,0,20,54,0,89781,3,0,7
815.7530877676583,142.76399362425235,0,5,0,3,0,6,59,0,98330,3,0,7
,,1,2,0,3,0,3,69,0,66234,2,0,7
910.8287716774964,176.21921256085167,0,2,0,2,1,23,36,0,68766,1,0,7
218.22813407968457,,1,1,1,2,0,7,23,1,74123,4,0,7
,169.30902635051385,1,0,2,1,1,16,46,0,66985,5,0,7
126.85513636498004,,0,5,0,2,0,11,48,1,69495,2,0,7
191.32902073417813,158.86610846842413,1,1,0,3,0,11,25,0,98557,3,0,7
89.28893796004456,5.53165037180865,1,0,1,0,1,19,28,1,56337,5,0,7
963.935461462457,52.831311583523075,0,0,0,3,1,18,67,0,46369,3,0,7
867.2361636339231,191.3233005000565,1,2,0,3,1,19,61,1,59231,3,0,7
171.94474693986405,99.07307389642722,1,2,0,2,1,7,19,1,84958,1,0,7
968.9502216057676,130.22127279107147,1,0,1,2,0,9,56,1,59757,2,0,7
290.0614029146058,83.06362213057655,1,2,2,0,0,9,30,1,45974,2,0,7
635.1981960580027,154.96105596759514,1,5,1,1,0,10,26,1,66426,2,0,7
245.4270029390162,199.21677310288,0,2,1,3,1,2,23,1,82688,4,0,7
,73.89533117188772,1,2,2,0,1,2,52,0,36514,5,0,7
186.61564462738,162.7162112260354,1,3,1,3,0,2,22,1,26906,3,0,7
446.7058840024476,,1,4,2,3,0,12,67,0,76843,2,0,7
573.142371328312,,1,5,1,2,0,2,47,0,95764,5,0,7
898.3822286605708,165.08917188561375,1,2,0,2,0,16,31,1,82214,3,0,7
814.673302819442,197.04578307116697,1,2,2,0,0,9,44,0,54818,4,0,7
,74.30817727142016,1,1,1,2,0,2,38,1,81416,1,0,7
415.1922291297805,111.60266115560124,0,2,0,2,1,23,43,1,51263,9,0,7
140.84222907992984,18.375076820011692,1,4,2,2,1,17,63,1,60407,5,0,7
653.2026446899074,172.9194605585607,1,4,2,1,0,1,53,1,63068,1,0,7
,60.54672567877157,1,4,2,2,0,5,49,1,55375,3,1,7
852.5717546442501,53.127506436203895,1,1,2,2,1,10,58,0,89487,4,0,7
310.7155859954445,,1,3,2,0,0,24,19,1,76668,1,0,7
718.0868766902188,,1,2,0,1,0,10,58,0,113302,4,0,7
236.06150573107132,51.659907168911175,1,1,1,2,1,17,38,0,73598,5,0,7
,114.23981247580004,0,1,0,1,1,4,67,0,104430,2,0,7
488.0286562233523,148.44357994747685,1,2,0,3,0,21,48,1,92368,4,0,7
44.356585365405095,113.4367863330234,1,1,0,0,0,11,62,1,76126,1,0,7
517.5912708047986,121.09842692589235,0,1,2,1,1,21,40,0,94328,4,1,7
87.03807592273505,124.30847857764904,1,4,0,0,1,7,55,0,91321,1,0,7
160.30051156044,178.35247338921667,1,1,1,0,1,16,58,1,66338,4,0,7
749.9588438352741,187.4322511884631,1,2,2,3,0,21,21,0,32024,2,0,7
188.84547711684817,166.55020749174375,1,1,0,0,1,13,63,0,117858,2,0,7
131.23366870179964,78.86252127983224,0,0,0,1,0,20,53,0,55610,7,1,7
944.2661579243852,33.15510784221125,1,3,0,2,1,19,66,0,108631,5,0,7
678.9405385371742,143.11135839767343,0,4,0,1,0,15,46,0,53509,5,0,7
113.66200992957552,,1,2,1,0,0,14,39,0,107202,4,0,7
,25.26791101806596,1,1,0,0,1,1,23,1,27941,2,0,7
,80.74276417181969,0,2,1,3,0,8,24,0,53903,4,0,7
161.9718055424313,43.87120460648821,1,0,0,1,1,10,30,0,87052,1,0,7
692.7026069500937,170.89560501020472,1,1,2,3,1,7,50,1,105344,5,1,7
38.32822526070312,58.458796477220474,1,3,1,2,1,19,21,1,35213,5,0,7
630.6497344621353,143.98564415032595,1,3,1,2,0,17,34,0,76611,1,0,7
117.9180832144967,19.052069081120383,1,0,2,2,1,22,47,1,107424,4,0,7
372.9673512900713,190.29995513170556,1,4,2,2,0,14,42,1,46704,4,0,7
657.408921352962,176.06355201128343,1,4,1,0,1,23,19,0,45080,5,0,7
,140.44116742835885,1,0,0,3,1,15,44,1,107920,8,0,7
,79.97225767434671,1,2,1,0,0,24,19,1,77190,4,0,7
552.4585687527785,49.2582092231731,0,5,1,0,1,3,34,1,93608,4,0,7
817.1590391984356,,0,3,1,1,0,6,41,1,58563,5,0,7
87.90869083434816,,1,1,1,3,1,6,62,0,69114,5,0,7
539.1822183803805,31.954223068596164,0,1,2,1,0,8,36,0,98420,4,0,7
103.31716690941218,,0,3,1,2,1,20,39,1,41954,3,0,7
651.452608437464,64.8598149895849,1,3,0,1,0,14,19,1,71740,3,0,7
645.5782715333913,93.112557278804,0,3,0,2,1,1,48,0,50882,1,0,7
22.912949138365835,154.46590778247526,0,1,1,2,1,6,49,0,92465,5,1,7
474.5424860610041,131.46815166017504,1,5,0,2,1,7,67,0,78255,4,0,7
269.23637902449394,32.21545352050532,1,4,2,3,0,17,62,1,49274,5,0,7
969.3357983888576,92.5946489726294,1,2,2,2,0,14,27,0,93557,3,0,7
520.9048049938308,,1,2,2,3,0,22,20,1,49140,5,0,7
320.8202060030266,132.3432921099038,0,2,2,3,0,7,46,0,56357,3,0,7
889.7464101159006,183.01413197238472,1,5,2,0,1,18,53,1,83824,1,0,7
729.7497968106238,,1,2,1,1,1,5,19,1,87488,3,1,7
,,0,4,2,1,0,8,42,0,75558,5,0,7
191.2750511551228,83.51178344739007,0,2,0,3,1,16,31,1,73165,3,0,7
36.35374020150128,192.60432000222409,0,5,1,1,0,11,28,0,36219,6,0,7
38.281957163567306,175.1266007064628,1,5,1,2,0,22,36,1,65903,2,0,7
287.4807722356948,96.69849224998046,1,4,0,2,0,3,49,1,64539,2,0,7
576.9142150512037,130.62187872424153,1,4,0,2,1,14,25,1,104864,3,1,7
501.9312717051688,1.287031020056606,1,3,2,1,1,24,45,0,65298,2,0,7
,,0,1,0,0,0,14,67,1,79716,1,0,7
110.81453404176644,55.3866861837073,1,4,2,2,0,20,30,0,57587,2,0,7
415.6218218093105,192.34799620136397,1,3,0,0,1,17,49,0,99131,3,0,7
709.6285156538864,,1,4,1,1,0,6,25,0,103747,4,0,7
243.48943425979184,129.6002285832587,1,2,0,3,0,22,31,1,35985,5,0,7
,,1,0,1,0,1,1,23,1,28104,3,0,7
869.632585633486,,1,0,2,2,0,22,51,0,45864,5,0,7
995.2733055259996,177.2097565519482,0,4,1,2,0,12,19,0,61552,4,0,7
,129.25070907242392,1,1,2,1,0,20,61,1,44639,1,1,7
745.4321812432487,111.55283420756165,1,2,1,2,1,1,69,0,69216,4,0,7
65.27621842010134,92.13470548954284,1,3,0,3,0,18,55,0,58002,1,0,7
603.9172731753629,192.31666084210815,1,3,0,0,0,3,51,0,87539,2,0,7
248.51788291969868,96.8376131859483,1,5,2,1,1,10,65,1,116809,4,0,7
,145.11060102067617,1,4,1,2,1,20,68,0,78939,4,1,7
661.9092998953888,,0,5,2,3,0,13,28,1,32938,5,0,7
722.6313736645978,,1,0,1,2,1,9,39,1,86273,1,1,7
96.42366404328018,88.52963374929924,1,1,1,2,0,6,38,1,68813,5,0,7
591.188294270716,,1,1,2,1,1,17,45,0,89736,2,0,7
714.3739242929604,165.35725162262707,1,2,1,3,0,1,49,0,102352,4,0,7
767.6349662724604,191.6246752324602,1,3,0,1,0,21,67,1,89305,1,0,7
451.31916221194314,,1,2,2,2,1,23,25,1,86715,2,0,7
388.71992296704497,67.7725596906851,1,3,0,2,0,14,43,0,37030,5,0,7
644.9075909972997,187.32679693320657,1,4,1,0,1,3,39,1,110305,3,0,7
464.3924703501607,91.02914633723908,1,0,0,3,1,4,34,0,41146,5,0,7
,131.8741182138499,1,5,1,1,0,19,68,1,72487,1,0,7
24.54655979987952,127.12608600852332,0,5,1,0,1,19,42,0,90454,1,0,7
343.66550377754754,85.28391401507287,1,1,2,2,0,8,47,1,39257,5,0,7
,49.817061708789325,1,5,0,3,1,7,50,0,55729,4,0,7
227.35890271216064,183.47749745678783,1,0,2,3,1,10,40,1,83706,5,0,7
582.5070946752538,111.06241888990628,1,1,2,2,0,7,26,0,35453,4,0,7
709.0958040524843,,1,4,1,0,0,24,57,0,45708,4,0,7
566.8703141366972,49.276074794728416,1,5,1,1,1,5,31,0,82755,5,0,7
233.51107793012903,175.1749909536565,1,3,1,1,1,18,55,0,79906,3,0,7
,73.54718765473605,1,4,1,2,0,16,54,1,70649,5,0,7
983.887679124407,,1,1,2,3,0,21,64,0,49509,4,0,7
983.3940413625272,176.28312667923805,1,0,1,1,0,14,40,1,72503,4,0,7
545.8453099074093,48.264520270146896,1,5,1,1,1,24,34,1,42312,3,0,7
,,0,0,0,3,0,3,44,1,109670,5,0,7
320.7715212595377,20.28094689488111,1,2,1,0,0,9,37,1,88546,5,0,7
836.1798077189394,,0,3,2,2,0,19,27,0,93744,3,0,7
,108.80657402102028,1,2,2,0,0,2,60,1,48215,5,0,7
367.19794729223673,99.79390259108185,0,1,0,3,1,9,61,0,65937,6,0,7
427.7606300503543,61.02046708302817,1,5,2,1,1,16,62,1,88467,2,0,7
298.9508420800258,13.092565331185902,0,3,1,0,1,13,19,1,90893,5,0,7
593.0325754365015,23.246572277577627,0,3,2,3,1,7,56,1,41155,1,0,7
716.1728669037204,,0,0,1,2,1,3,58,0,116842,5,0,7
462.7333597021267,0.9101456672446328,1,3,2,3,1,5,18,1,25643,4,0,7
,46.49073513043669,1,3,2,0,1,18,47,1,81285,3,0,7
,30.189660477851476,1,4,0,3,0,12,56,1,43626,5,0,7
490.30353019428776,,0,0,2,0,0,2,22,0,65423,2,0,7
554.6446353096695,,1,1,1,3,0,21,45,0,56379,5,0,7
226.01257507648057,,1,2,1,1,0,20,54,1,70564,2,0,7
304.82315847978214,113.52608921048768,1,4,1,0,1,19,60,1,97048,3,0,7
816.2688808442745,,1,4,2,3,1,20,65,0,86405,5,0,7
1.289772493012986,123.8561687441315,0,0,0,0,0,3,55,1,69151,1,0,7
589.3302641595014,73.5016344771592,0,4,1,3,0,9,25,1,40026,5,0,7
877.9316219553237,53.55181736562482,1,5,1,0,1,3,59,1,92086,4,0,7
186.76840990448096,76.79773809473123,0,4,1,1,0,7,23,0,63803,2,0,7
81.66781170448611,12.63581470344488,0,3,0,2,0,21,22,0,66556,2,0,7
804.5778867403068,63.03548230045666,1,5,2,3,1,1,18,0,40229,4,0,7
,104.13025650130824,1,0,1,3,0,24,65,1,119206,5,0,7
825.7795848301852,,1,2,2,2,1,19,61,1,108854,3,0,7
769.5359510687188,138.38545472153086,0,3,1,3,0,17,45,1,100350,5,0,7
,55.889086891822146,0,0,2,3,1,22,56,1,86280,4,0,7
294.94512626251355,18.088684135131384,1,5,0,2,1,17,40,1,51184,5,0,7
289.46337882844983,48.52116864771383,1,0,1,3,1,16,46,0,48485,2,0,7
694.284392817296,47.023049414680365,1,1,2,3,1,23,46,1,80801,4,0,7
527.3304738312872,,1,2,1,2,0,4,62,1,108764,1,0,7
949.4960465662764,66.38578755759859,1,4,0,1,0,13,65,1,84254,1,0,7
,,1,4,1,3,0,19,25,0,74193,3,0,7
506.5201706058649,109.60130561043506,0,3,1,0,0,3,55,1,88182,4,0,7
308.92041581728336,130.61180991130627,0,2,1,2,1,17,65,0,112946,3,1,7
913.859823850622,30.609829866483928,1,0,2,1,1,23,38,1,68365,4,0,7
559.6300084830249,,1,4,1,2,0,14,56,1,107808,1,0,7
,80.1293212090661,1,4,0,3,1,10,61,0,86986,2,1,7
720.3602860565412,,1,3,1,1,0,14,49,1,83777,5,0,7
,,1,5,2,2,0,10,55,1,112056,3,0,7
189.94518318395703,145.06124128281016,1,5,1,2,1,16,52,1,40377,4,0,7
763.8893877435927,,1,0,0,1,0,3,43,0,76619,2,0,7
,123.79335822970612,0,3,2,2,0,2,60,1,64464,3,0,7
135.97493950829508,116.0082773021111,1,5,0,3,0,19,33,1,44799,4,0,7
219.16857444254356,133.73594111941344,1,5,0,3,0,3,32,1,96386,3,0,7
,109.92129400482516,1,2,2,2,1,1,65,0,48538,4,0,7
,151.82388840481315,1,1,1,0,1,1,59,0,99166,4,0,7
875.6001637999941,24.64720975142811,1,2,1,0,0,4,24,1,74242,4,0,7
881.3572484275359,48.648009924073875,1,1,0,2,1,15,23,0,40843,8,0,7
24.069384640928337,145.26949530649603,1,3,1,3,0,22,50,1,46576,3,0,7
181.41142699644195,67.07333865371157,0,0,0,3,0,5,32,1,56772,2,0,7
,45.1980084869338,0,2,2,0,0,2,18,0,103670,4,0,7
304.0813484392113,110.14189606719071,1,0,2,0,0,7,43,1,64684,4,0,7
367.72911922211335,31.28997338011581,1,2,1,3,1,11,50,1,75385,4,0,7
682.5648932951909,31.093796173015175,1,0,1,0,1,16,48,1,77428,2,0,7
123.31451763290669,13.48405740348344,0,4,1,1,1,5,67,0,85632,3,0,7
324.2010120554928,175.06448800942735,0,0,2,3,0,11,23,1,86493,2,0,7
,119.67594869348972,1,0,1,3,1,11,66,0,55738,1,0,7
710.9493635952941,90.65802164748304,1,3,0,0,1,11,22,1,77828,3,0,7
233.13945852230367,9.275818086860998,1,3,0,0,1,22,26,1,54223,3,0,7
756.2601082557559,192.52280544243183,1,5,2,1,0,3,57,0,78621,5,0,7
67.58460702507286,159.14339533115623,1,5,0,2,1,3,60,0,41447,2,0,7
615.9539700161899,61.06611782229101,0,4,1,3,0,17,41,1,38569,3,0,7
,159.07631810478563,0,5,2,0,0,15,40,0,44356,4,0,7
158.90375647513866,151.57948234292598,1,3,0,3,1,19,24,1,27940,3,0,7
925.9268334742668,134.1405816899289,0,4,2,0,0,2,69,1,52715,1,0,7
796.7852212966635,110.96354970988862,1,0,0,2,1,17,33,1,109454,2,0,7
864.2250358889266,73.52543689362818,1,5,1,2,1,21,68,0,70408,5,0,7
793.9875399313103,103.88557076994782,1,4,0,3,0,9,57,0,77480,2,0,7
526.8167314617554,103.0184851516597,1,2,0,0,0,6,29,0,41932,5,0,7
878.4624410780884,,1,4,1,1,1,10,55,0,102882,2,0,7
804.5878567819547,,1,2,0,0,0,7,19,1,54809,2,0,7
327.25412437762515,11.171188887032791,1,3,0,0,1,7,47,1,57682,2,0,7
469.7116966090948,,1,1,1,0,1,14,40,1,62138,4,0,7
186.8906182059784,150.60245282532534,1,5,2,2,0,4,18,1,42888,1,0,7
903.9469107344026,16.272314821056554,1,2,0,1,0,14,31,0,72508,3,0,7
908.2949642771456,179.85032997878568,1,1,2,0,0,4,29,1,86870,1,0,7
999.7285817943264,82.46587895207406,1,5,1,3,1,9,49,1,73655,4,0,7
870.6928030549869,,1,5,2,2,0,1,33,1,100724,1,0,7
451.7686402986654,60.87857182808385,1,2,2,1,0,20,64,0,73912,4,0,7
867.3750491961032,,1,1,1,3,0,22,44,1,53311,5,0,7
419.7007672453797,139.29719830902098,1,1,2,2,1,4,39,1,86925,1,0,7
,18.744377698216287,1,2,0,3,1,21,68,0,97168,1,0,7
178.38376398523314,91.72415608202148,1,3,0,1,0,21,36,0,41620,4,0,7
718.7851705900763,26.38981949038488,0,5,2,1,1,8,57,0,75279,5,0,7
758.6050613386128,47.71296437287411,1,0,2,3,0,3,48,1,57689,3,0,7
,49.42974727963012,1,3,2,0,0,21,68,0,53906,5,0,7
158.64503318264977,,1,1,2,2,0,11,47,0,49094,3,0,7
,130.54179933701548,1,3,2,2,0,6,51,1,64535,4,0,7
629.730626700625,157.065059565328,0,3,2,1,1,14,39,0,52500,1,0,7
,194.0588206400021,1,5,1,3,1,15,45,1,99328,5,0,7
272.81883650106954,199.74021628128813,1,3,0,3,1,9,59,1,71359,1,0,7
305.9243852876219,,1,5,0,1,1,22,20,1,64544,4,1,7
876.1613028671346,180.9893571142549,1,3,2,1,0,8,29,0,83074,3,0,7
725.0541903436664,38.58367974371304,1,1,1,2,1,14,68,0,96668,3,0,7
,31.22127834492927,1,5,2,3,0,3,54,0,71100,5,0,7
783.25040804925,191.21640378875716,1,4,2,3,0,12,54,1,56554,1,0,7
589.1298901641276,12.147521074823286,1,0,1,3,1,23,49,0,47173,4,1,7
832.4820008022579,83.49367645909314,0,3,0,3,1,15,67,0,73186,1,0,7
,58.13724934433779,1,3,2,1,0,4,65,1,94056,5,0,7
510.3465722258385,,0,4,0,3,0,13,54,0,53679,3,0,7
918.3866041187098,142.8426008516551,1,1,1,3,1,15,35,1,58405,5,0,7
563.7445458240913,120.05205553433387,0,3,2,2,0,13,36,1,44791,3,0,7
,37.97776196912652,0,5,1,2,1,2,23,0,73476,3,0,7
706.2454398732657,102.9201413664143,1,5,0,2,0,12,22,1,76469,2,0,7
195.44611179724004,94.90743494210034,1,1,2,1,1,23,25,1,74083,4,0,7
622.7329217874388,37.288629918981606,1,4,2,3,1,21,46,1,85892,4,0,7
727.290773046691,171.48719089553296,0,3,1,1,1,11,69,1,93248,1,0,7
471.5500865744122,66.93552181497793,1,4,2,2,1,8,50,0,52453,1,0,7
,59.40118733576012,1,5,2,3,1,10,34,0,47195,9,0,7
798.849078791655,179.83532742808765,0,3,0,0,0,19,39,1,100044,1,0,7
,141.30943338104896,0,0,0,3,1,1,59,0,84710,1,0,7
400.9097401037224,101.53991623866816,1,2,0,0,1,11,45,0,43459,1,0,7
,,1,1,2,0,1,1,47,0,71785,3,0,7
482.13437814120977,145.8335922847991,1,3,1,3,0,10,64,0,89964,2,0,7
,6.067843711752952,1,3,1,3,1,15,68,0,91404,4,0,7
211.3532966289897,154.11122613659109,0,0,1,0,0,9,43,0,71607,1,0,7
796.4922828554016,134.01260587001224,1,4,2,3,1,19,45,1,54982,3,0,7
,193.13236808012363,1,3,0,1,1,2,51,1,91092,2,1,7
805.54552188178,155.45494677181378,1,2,2,1,0,6,43,0,82115,2,0,7
463.7309271445412,52.16094762005375,1,2,0,3,1,9,25,0,70473,4,0,7
,67.69540791944024,1,3,0,1,0,5,35,0,76427,1,1,7
44.58797157004146,82.39081620429111,0,2,2,3,1,7,19,1,37867,1,0,7
990.8480686350288,149.61539873002224,1,3,2,3,1,4,65,1,72054,5,0,7
654.6297245063416,23.021240975484947,1,1,1,0,1,6,18,1,32476,5,1,7
,98.06427410403428,1,4,2,3,1,8,37,0,66263,2,0,7
162.12748652928977,131.70126440164452,1,0,2,2,1,1,34,0,49696,7,0,7
,87.35697928258352,1,0,2,0,0,19,42,1,106180,5,0,7
45.70847073203721,112.12664587785189,1,0,0,1,1,14,40,0,46954,3,0,7
,155.37893920344686,1,1,0,3,1,18,37,0,100846,3,1,7
849.5228451082596,42.757365940478074,1,0,0,3,0,24,42,1,86831,3,0,7
739.3890126785293,36.31105054249615,1,2,1,3,1,2,49,0,111949,1,0,7
190.7375080497876,134.06785343228051,1,1,2,1,1,11,19,0,100232,2,0,7
908.9663392223252,113.52319087549604,0,2,2,3,1,22,39,0,84568,5,0,7
972.930713249282,16.92584918504498,1,2,2,3,0,6,46,0,85612,4,0,7
656.3894811238539,,1,5,2,3,0,24,31,1,39449,4,0,7
82.09564030654649,151.00139111503375,1,1,0,1,0,20,56,0,47497,4,0,7
,144.87489753837605,1,0,0,3,1,5,40,1,73175,5,0,7
119.6543351945355,195.29087661957593,0,2,0,2,1,24,58,1,48372,5,0,7
201.67279515462695,2.4211968834046083,1,4,0,1,0,8,41,1,45348,3,0,7
788.3223196490617,190.1019273017188,1,1,0,3,1,23,69,0,82725,1,0,7
219.8429943597816,44.92042585382123,1,3,2,0,1,1,31,1,95103,2,0,7
,193.16136501652795,1,1,1,3,0,23,46,1,45160,4,0,7
633.5474675248995,73.19822605170143,1,3,2,1,0,11,24,1,71072,4,0,7
236.011755106321,49.35672229333563,1,4,0,0,1,11,68,1,88648,4,0,7
773.6699704005863,43.36810321299387,1,5,2,3,0,8,27,0,88580,2,0,7
,,1,0,0,3,1,2,40,1,34360,1,0,7
946.4272629444448,167.2247265458682,1,5,0,3,1,11,37,1,37949,1,0,7
64.98412019270383,155.86329682966087,0,1,1,1,1,8,45,0,45738,2,0,7
575.6397490690767,47.80257501596223,1,4,1,0,0,2,49,1,82954,3,0,7
620.4616921666671,75.80038642777768,0,2,1,3,0,3,55,0,72390,4,1,7
756.7049902865492,82.9618575186171,1,0,2,2,1,20,61,1,50169,2,0,7
736.128777652673,90.653993175645,0,5,0,0,1,9,42,0,112343,5,0,7
216.13206815302323,86.93838299543356,1,5,0,2,0,11,61,1,103731,3,1,7
180.4364650247989,17.057083383275582,0,2,0,1,0,5,65,0,76213,5,0,7
,71.92320509829733,1,0,0,0,1,18,54,1,98636,3,0,7
394.49602592428425,38.35540507503861,1,5,1,0,0,13,54,0,64944,4,0,7
103.35915674225728,88.80898231876795,1,5,0,0,1,4,66,1,70134,1,0,7
566.6337830830428,178.33574108251696,1,0,1,0,1,16,29,0,85083,1,0,7
770.498431299318,,1,4,2,3,1,4,19,1,37788,1,0,7
,,0,2,1,0,1,23,21,1,74368,4,0,7
,68.34082637653279,0,5,2,2,1,12,26,1,42436,4,0,7
997.6794423685594,,1,3,1,2,0,6,50,0,72832,5,0,7
841.7685187626408,80.3994584865312,1,1,1,3,1,10,50,0,93347,4,0,7
956.4210449033296,28.8700564094857,1,1,1,3,0,4,32,0,57954,4,0,7
109.76396623404572,163.19384950296975,1,1,1,1,1,3,25,0,79341,5,0,7
,12.755699727608526,1,5,2,3,1,10,60,1,108377,2,0,7
,174.25787216180416,0,1,0,0,0,10,61,1,109755,4,1,7
,,1,4,2,3,1,3,18,0,59573,1,0,7
357.79046627304166,58.48409096786955,1,1,2,2,0,24,67,0,116150,4,0,7
245.08674103765927,79.84469719205309,1,3,2,1,0,19,50,1,61843,5,0,7
569.510904340548,111.0202334303522,0,2,0,0,1,13,64,0,47056,4,0,7
83.94479650504849,,0,2,1,3,0,16,22,1,58516,4,0,7
,82.16781238143611,1,0,2,3,0,15,38,0,46504,2,0,7
724.7896666483175,173.2133985905215,1,0,1,3,0,7,23,1,86218,5,0,7
841.3597494382751,43.80214310177315,1,3,2,0,0,23,47,1,88019,2,1,7
795.3460597136334,172.34030524150356,1,2,1,1,1,22,40,1,40844,1,1,7
23.934003290557943,174.73771554681664,1,2,0,3,0,12,18,1,39352,4,0,7
479.46442631969154,195.18007152261595,0,3,2,3,1,4,60,1,58198,1,0,7
485.37759147999736,19.557464245411293,1,0,0,3,1,1,31,1,101882,2,0,7
646.2968209690864,90.55751383234252,0,3,1,0,1,24,28,1,92956,5,0,7
948.1428186735096,122.1982742923106,1,0,1,0,1,8,33,0,49006,2,0,7
,107.42473585401682,0,2,2,1,0,1,36,1,62575,5,0,7
40.70113433241429,79.6344771894469,1,5,0,0,0,20,42,0,91500,4,0,7
365.0088038779108,80.28894997888918,1,2,1,2,0,21,55,1,64443,4,0,7
481.01167333395847,,1,2,0,2,1,19,42,1,33455,1,0,7
647.9483542493531,121.69006488100622,1,4,1,1,0,14,45,0,57508,5,0,7
121.80416370055268,35.8353261507703,1,0,1,1,1,20,57,1,90315,1,0,7
316.81475062141106,99.0752324678533,1,3,1,2,1,24,50,0,42231,2,0,7
,48.252546031061705,1,1,2,3,1,18,53,1,75026,3,0,7
,145.89633050933426,0,4,1,3,0,15,65,0,80903,1,0,7
234.65847348654304,26.184782600190747,1,0,0,2,1,3,18,0,86630,1,0,7
607.822231953148,,1,3,1,3,1,3,64,1,110485,2,0,7
467.63983324222846,100.05490566249316,1,2,2,0,0,16,55,0,69455,2,0,7
,115.88217077840508,1,3,2,3,1,19,27,0,89330,5,0,7
150.7231694279696,26.13440165670395,1,3,1,2,0,2,58,1,80159,3,0,7
818.5840095206505,110.20637299486262,1,1,2,3,1,10,34,1,87932,5,0,7
179.40289710423252,,1,5,0,1,0,10,63,0,93436,2,0,7
,84.69680159270962,0,2,1,0,0,22,41,0,101531,1,0,7
,197.82648384110172,0,0,0,0,1,1,66,0,64513,5,0,7
,,1,0,0,2,1,22,26,0,90481,3,0,7
414.0704784893488,29.59822758134947,1,1,2,3,1,22,18,1,84207,1,0,7
234.3621135367293,182.12183810378647,0,4,2,0,1,20,24,0,51299,3,0,7
342.83441571548633,,1,1,0,3,1,21,37,1,53221,2,0,7
907.8444112602402,42.56003649094564,1,1,1,2,0,4,22,0,47528,1,1,7
317.31485263655577,,1,5,2,1,1,12,45,1,84303,3,1,7
403.6959390101496,83.16928993991324,1,4,2,0,0,23,61,0,58206,1,0,7
125.31921536924897,,1,1,1,0,1,2,59,0,68860,5,0,7
60.29941822285557,19.3296417134696,1,3,1,1,1,15,27,0,49251,5,0,7
645.4328673263489,139.28342534609712,1,3,2,0,0,16,37,1,72139,2,0,7
688.7039487072407,158.68756809217538,0,3,0,3,1,5,50,1,74487,3,0,7
678.5855942354239,30.11108971109888,1,2,2,0,1,19,22,1,83084,1,0,7
,6.384882003120329,1,5,0,0,1,14,58,1,53401,2,0,7
587.2976028776833,189.5068096305945,1,0,2,3,1,18,25,0,92336,1,0,7
237.1721429983713,,1,3,2,2,0,10,51,1,82920,4,1,7
987.6124118064978,,1,1,0,3,1,2,49,0,108290,3,0,7
629.0946107103903,94.4907006616796,1,1,2,3,1,8,23,1,61433,5,0,7
721.4534687339794,,1,4,0,0,1,15,33,0,81322,2,0,7
481.89642267261,154.43659964619053,1,3,0,3,0,9,59,0,51819,5,0,7
500.8352204532658,185.84289053849383,0,0,1,2,0,1,39,1,78017,1,0,7
818.9113531707914,35.789102572022145,1,3,1,1,0,7,25,0,55709,5,0,7
81.44168545001872,,0,5,0,3,1,23,49,1,79991,5,0,7
915.1774792936836,81.61337960147608,1,2,1,1,0,1,52,0,93337,5,0,7
,35.04086507436437,1,0,1,0,0,18,32,0,108255,3,0,7
,38.143675990987425,0,2,0,1,0,10,66,0,92693,5,0,7
188.56704069754804,88.04485075696537,1,5,2,0,1,18,60,1,92742,3,0,7
53.71521053430506,117.17423864708532,1,0,0,0,1,9,57,0,56689,4,0,7
796.3157905680775,,1,4,0,0,0,22,39,1,73473,3,0,7
31.258109918728792,50.69775589513061,1,1,0,2,0,7,56,0,102440,5,0,7
588.4881280906071,15.059286224457914,1,2,0,2,0,23,46,0,49856,1,0,7
81.92788693931064,146.26005677621154,1,5,2,3,1,24,40,0,78672,5,0,7
,,1,3,0,2,1,13,39,0,78486,4,0,7
809.5957904799648,,0,0,1,2,0,20,20,1,48689,4,0,7
,78.53094562506118,0,0,2,0,0,14,26,0,42726,5,0,7
,176.2046398164078,1,3,0,0,0,17,45,0,71102,1,0,7
338.73338942412033,27.050156608643515,0,1,2,0,0,24,41,1,110601,1,1,7
251.047077969308,157.33506902907246,1,2,0,3,1,22,49,0,111957,1,0,7
967.945485973821,,1,2,0,1,0,7,63,1,80174,2,0,7
909.644529334466,,1,1,1,2,1,1,41,0,70568,3,0,7
393.0093288791131,,1,1,2,1,0,4,24,0,50181,2,0,7
582.6693594475024,85.56718917191677,1,2,0,2,1,12,38,1,33506,2,0,7
387.7063989505671,,1,2,1,1,0,3,56,1,53997,4,0,7
579.1270664723543,131.98506752611348,0,0,2,2,1,18,18,1,99604,1,0,7
94.67887290582932,77.21452755718066,1,2,0,0,1,20,55,1,72966,4,0,7
993.1117409383602,196.64066778961984,0,2,2,1,0,24,42,1,93123,1,0,7
922.8037973871344,151.01871185615553,1,5,1,3,1,23,43,0,41183,3,0,7
,113.14827358383576,1,1,2,2,1,21,49,1,81079,3,0,7
52.60203774639971,,1,1,1,0,1,11,31,0,97820,5,0,7
,17.621245645944693,0,4,1,2,1,4,46,1,48063,2,0,7
967.6934418924374,52.72522833429672,1,0,2,3,1,21,68,0,45530,5,0,7
720.4699125253094,66.10990750215973,1,1,2,2,1,1,25,1,70463,4,0,7
41.774719582070574,119.47070791785832,0,1,0,0,1,12,33,0,53816,9,0,7
613.6147551889557,40.523198226662394,1,1,1,2,1,1,42,1,60510,5,0,7
203.39852192777263,,1,0,0,1,0,22,64,0,100845,2,0,7
321.3312016450617,176.91526911390355,0,4,0,2,1,1,43,0,82038,1,0,7
,9.989314822164433,1,0,2,1,0,23,24,1,55035,4,0,7
66.1077125068189,165.97857514131346,1,5,0,3,1,15,42,1,62253,5,0,7
24.794205276243208,127.63141941365808,1,2,2,1,1,14,34,1,81444,5,0,7
340.090391120038,18.98934782330988,0,4,0,0,1,11,19,0,37745,2,0,7
874.7866235489673,,0,3,2,1,1,10,24,1,60856,3,0,7
903.1154667866743,,1,5,1,2,1,6,64,0,78349,3,0,7
,69.181344349984,0,0,2,0,1,17,46,1,34903,1,0,7
191.85033809572715,51.02828865562419,1,4,0,0,0,20,20,0,94583,4,0,7
725.3586958075587,64.09202038465,1,1,1,3,0,24,53,1,50820,3,0,7
,62.63705208674635,1,5,2,2,1,9,31,1,94285,1,0,7
,121.7511820726132,0,1,2,1,1,24,58,1,69368,3,0,7
351.50324367116116,,1,4,2,3,1,13,26,1,90674,1,0,7
936.9553064792048,116.0867917774482,1,5,1,3,1,2,65,0,116670,4,0,7
179.9366198849448,,0,0,2,0,0,7,26,1,75973,2,0,7
,78.87638679689783,1,1,2,0,1,13,51,0,62065,2,0,7
,,1,3,2,1,0,13,49,0,81444,2,0,7
238.93548946439068,25.810894078166235,1,3,2,0,1,1,28,1,29721,1,0,7
565.4895798045562,177.76662958545592,1,5,2,0,0,5,60,0,95732,5,0,7
707.9544443744176,190.40388630442547,0,3,0,1,1,5,62,0,58010,1,0,7
533.5161693409456,,1,2,0,2,1,21,64,0,47908,3,1,7
883.5917543481058,54.56444330701515,1,0,1,0,1,11,37,1,54900,3,0,7
707.8005275736372,118.98207782026108,1,0,0,3,0,11,31,0,34534,4,0,7
647.9111788502531,,0,5,2,0,1,14,39,0,103313,5,0,7
220.6315348066019,,1,2,2,1,1,18,46,0,107827,4,0,7
658.6805348322669,,0,5,1,3,1,5,60,1,63140,2,1,7
,194.17276797528208,1,0,2,2,0,5,34,0,78963,2,0,7
178.01938778792436,85.37988368391696,1,2,2,3,0,20,47,1,45314,1,0,7
,192.3937274755775,1,2,0,2,1,7,25,0,40909,1,0,7
583.245463014095,169.03871187779592,1,2,0,2,1,24,56,0,81553,3,0,7
,25.736460577388808,1,4,0,1,1,18,44,0,100499,1,0,7
677.2218811210751,5.170268589597216,1,1,2,2,0,20,66,1,89411,5,0,7
929.9620533921676,192.99746653959963,1,1,0,0,0,6,69,0,84588,5,1,7
678.3711221727763,115.3920863030606,1,3,2,0,1,10,60,0,115304,5,0,7
247.99900234636473,125.20403320051544,1,2,2,3,0,13,54,1,45580,3,1,7
667.5976697167742,130.7948170722645,1,3,1,1,1,3,19,1,62940,2,1,7
,119.98402713938805,1,3,0,1,0,22,25,0,62639,1,0,7
912.3858260377456,,1,4,1,0,1,24,38,0,82958,5,0,7
596.1774732344461,127.68066155117302,0,1,1,0,0,3,21,0,100431,5,0,7
11.842989665013736,35.44308149727282,1,2,2,2,0,5,40,1,69533,5,0,7
929.7687540573398,183.01322062108076,0,5,0,3,1,24,29,0,96342,3,0,7
,173.83894273410996,1,3,2,1,0,17,36,1,70792,5,0,7
2.0251567808479143,3.2862836995581457,1,0,0,0,0,18,31,1,106899,5,0,7
103.14578768889548,48.977149779072505,1,4,2,0,0,2,67,0,59330,1,0,7
615.7058067735389,138.3584175347132,0,4,2,3,0,6,28,1,105910,2,0,7
122.76144383404484,164.32613653501753,1,5,1,3,1,6,24,0,34994,5,0,7
,50.8968140938213,1,4,0,1,1,5,24,1,33996,1,0,7
615.4141080195288,155.20348964661656,1,1,1,2,0,9,54,0,99656,1,0,7
682.302880569655,130.2892224492703,1,3,1,1,0,1,36,1,48611,3,0,7
122.17213452269426,0.2685882413372198,1,4,1,1,1,21,55,0,63892,5,0,7
,181.5182208722403,1,5,2,2,1,21,40,0,98987,4,1,7
621.5358525432157,,1,0,1,1,1,6,58,1,107776,2,0,7
312.4483452051947,178.20027208512968,1,1,0,3,0,8,66,1,86050,5,0,7
488.610959332445,87.64971528793355,1,1,2,2,1,18,23,1,43741,5,0,7
529.5110464811521,194.85377042358303,1,2,1,1,0,19,69,1,91959,1,0,7
,33.72452380871322,1,4,2,2,0,13,64,0,92570,1,0,7
732.3991512987386,7.516824404523592,0,1,1,0,1,10,54,1,48908,4,0,7
541.0314430006496,,1,4,2,2,0,13,18,0,34131,2,0,7
,160.6492869505384,1,5,2,0,0,24,25,1,58531,1,1,7
277.0872025514934,143.72516669482124,1,5,1,0,0,18,31,1,61449,2,0,7
234.34528082609995,,1,5,0,3,1,24,28,0,59568,3,1,7
,76.55550704606775,1,0,0,1,1,18,65,1,59285,3,0,7
,97.71450680424374,1,4,0,0,0,16,50,0,78171,5,0,7
796.1784921228435,,0,3,0,2,0,16,31,0,103523,2,0,7
,191.505689802072,1,3,1,1,0,21,36,1,64734,2,0,7
291.2404200729508,,1,5,0,1,0,21,65,0,78332,1,0,7
,137.2938194130806,1,0,1,2,1,6,58,1,70396,3,0,7
116.61154903359892,150.8027544823227,1,1,2,3,1,4,22,0,62872,1,0,7
225.29713290230757,150.37700817230433,0,3,2,3,0,7,50,0,48297,3,0,7
733.5808138865158,39.041404717245,1,2,2,1,1,2,66,1,104925,3,0,7
178.05747542993288,49.70143594235212,1,0,0,3,0,20,60,1,44792,2,0,7
253.35207567194772,20.32903503600052,1,0,1,0,1,16,61,1,83867,2,0,7
28.149501548047517,196.32718554409024,1,4,2,2,0,1,29,1,56037,5,0,7
161.95971538372456,,1,5,0,2,0,13,37,0,45187,2,0,7
,119.18073213112037,0,2,0,1,0,10,28,1,57066,5,0,7
495.19410939224815,27.901455571942435,1,3,1,1,0,10,51,1,40310,9,0,7
951.5489428032304,187.52637788083052,1,2,2,2,0,23,48,0,110717,4,0,7
934.3332628964748,,1,4,2,1,1,19,60,0,40800,1,0,7
,149.5059381934813,1,4,1,1,0,15,26,0,41565,4,0,7
411.51701138927666,46.93784984216134,1,3,0,2,0,16,41,1,61379,2,0,7
868.1908544432772,,0,0,0,2,0,22,33,0,52391,2,0,7
510.6451817055242,63.831253121093546,1,3,1,1,1,17,44,0,64280,5,0,7
,1.898071644616084,1,0,0,2,0,15,31,0,56810,5,0,7
821.0217376885278,4.995849996347879,1,5,1,0,0,12,27,1,91110,2,0,7
625.7923315660028,128.86802396489193,1,5,2,1,0,21,58,1,67635,1,0,7
986.3754875500392,127.85286226086056,1,3,0,0,0,12,54,1,107761,4,0,7
825.0035125427726,196.40698403387503,0,3,1,0,0,20,49,0,52019,1,0,7
305.3740989131395,191.8316830015407,1,5,0,1,0,12,48,1,49562,4,0,7
12.464083660032488,138.11524020939478,1,3,1,3,1,16,34,1,67448,2,0,7
640.574565194409,189.93779005292757,1,3,0,1,1,2,21,1,56937,2,0,7
947.6155721448504,,1,2,1,3,1,18,53,0,71560,7,0,7
585.9202489883099,124.4692728257369,1,5,2,2,1,14,37,0,35073,5,0,7
198.05767066625947,,0,4,1,0,0,18,30,1,37258,4,0,7
619.2364792625314,17.693719801021256,0,0,1,2,0,18,63,1,79865,1,0,7
674.0439331480602,99.170649205899,1,3,1,3,1,24,40,0,43491,1,0,7
441.65570670160827,170.3457386911922,1,1,1,3,0,22,25,1,79341,3,0,7
822.8964127706364,28.15046100640368,1,5,0,1,0,6,47,0,41674,1,0,7
,137.6337635844756,0,2,2,0,0,9,29,0,104489,5,0,7
381.3501098822839,198.71974310820417,1,5,2,3,1,3,33,0,41682,4,0,7
824.2636709831336,75.81514903777216,1,3,0,0,1,18,47,0,111799,1,0,7
558.213960473353,9.50731591420142,1,2,2,1,0,5,31,1,50180,1,0,7
429.12521594429586,63.28557702847741,1,0,1,0,1,6,46,1,64787,3,0,7
379.83961507167373,33.01544334696571,1,2,2,0,0,1,60,0,116654,3,0,7
333.80779924989736,29.88774996715835,0,2,0,1,0,14,28,0,85784,1,0,7
404.3804752774489,170.95352474910123,1,0,1,1,0,11,25,1,99439,3,0,7
407.2799620240001,101.38798590106892,0,5,0,0,1,19,33,0,41473,5,0,7
18.76561565686363,153.31479979486207,0,2,2,2,0,19,47,0,55690,3,0,7
75.11512700704304,156.24931516709626,1,0,0,2,1,20,58,1,64508,1,0,7
667.9995568974352,0.8282466118879839,1,4,0,0,1,17,47,0,91136,5,0,7
148.7566511675582,162.94143090527243,1,2,0,0,0,23,61,0,50002,2,0,7
114.26449511437808,45.61194432687663,1,1,2,3,0,3,19,0,92275,2,0,7
320.8087671589523,,0,1,2,1,1,12,37,1,89613,3,0,7
646.5669232431582,,1,3,0,2,0,2,29,1,94465,5,0,7
414.8237772661484,23.109841525745132,1,5,2,0,0,1,49,1,103093,5,0,7
913.608762610774,108.01607613746108,1,2,2,3,0,10,32,1,46787,3,0,7
103.81327742445102,134.35134571096,1,2,2,0,1,24,63,1,74207,3,0,7
117.48777794750342,146.91032157365214,1,0,1,1,1,5,21,1,96742,2,0,7
,,1,1,2,1,0,24,29,1,83089,1,0,7
837.8405555260118,,1,4,2,2,0,15,46,0,55821,3,0,7
458.19220428866305,127.5061863353591,1,1,2,2,0,10,59,1,98521,2,0,7
573.8131762431038,161.01099929668544,0,3,2,3,0,22,54,1,90754,3,0,7
808.5747962419518,37.661416714809825,1,0,1,3,0,7,40,0,98852,3,0,7
564.799898516942,11.139370232436896,0,0,0,0,0,20,19,0,53290,5,0,7
,169.97963704619508,1,0,0,2,0,11,25,0,66545,1,0,7
988.713677294858,83.42918526256106,1,3,1,3,0,10,33,0,80443,4,1,7
576.1657572458481,42.030474666526786,1,2,1,2,0,13,22,1,94128,4,0,7
576.2271218577207,,1,5,1,3,1,18,43,0,101536,5,1,7
172.2660316018003,,1,4,2,3,0,23,60,1,42012,1,0,7
860.604551865653,59.71505994015558,1,5,0,1,1,22,65,1,89102,4,0,7
16.089641684708944,15.051506669812408,1,3,1,1,1,15,39,1,83738,5,0,7
,36.71338754335507,0,5,1,2,0,14,38,0,48296,1,0,7
,79.28902794343303,1,0,0,1,1,19,28,0,98795,2,1,7
52.46488782775272,,1,4,0,0,0,5,58,0,71729,1,0,7
242.3803353278513,,1,1,2,0,1,4,28,1,55831,3,1,7
958.4094622665252,,1,1,1,0,1,18,62,1,54421,5,0,7
946.814928968098,145.94130618431416,1,0,0,3,0,1,59,0,109698,5,0,7
530.6447463560528,12.541266982000664,0,4,2,0,1,23,42,1,110989,6,1,7
944.8515655370788,102.88210892060069,1,2,2,2,0,13,42,0,52823,5,0,7
,139.85423342308457,1,3,1,1,1,3,37,0,33249,1,0,7
18.87821966471681,,0,0,2,2,0,18,42,0,60536,1,0,7
187.79361961837893,,0,2,0,1,0,13,25,0,38452,3,0,7
,129.72888173280538,1,1,2,0,1,4,61,0,95402,5,0,7
671.8301648908982,28.467613621747567,0,4,0,0,1,11,21,1,94237,5,0,7
110.66999195766658,158.6376781232726,0,1,0,3,1,24,31,0,62119,4,0,7
184.15715804739597,96.96722819395184,0,5,1,1,0,16,35,0,57749,1,0,7
969.6283433397494,112.45172032932388,1,1,0,2,1,14,54,1,85617,4,0,7
599.4047602365863,29.31353631409037,1,1,2,2,1,18,26,1,52549,4,0,7
,37.918809378383656,1,2,0,2,1,23,39,0,41692,5,0,7
429.6188743875601,119.56439610669982,1,3,0,0,1,22,54,1,102406,3,0,7
828.2821399924816,197.30761281196715,1,5,0,0,1,13,48,1,88607,3,0,7
641.4791613172624,129.4761389222689,1,3,0,1,0,11,34,0,43405,2,0,7
443.86926355702985,159.06592187757894,1,5,2,0,0,20,69,0,72168,3,0,7
57.01510405354237,155.2999444367012,1,0,2,2,0,23,60,1,50948,2,0,7
407.449177033101,177.63179343547276,1,1,0,0,0,10,67,1,78952,1,0,7
,102.99697742483453,1,3,0,1,1,1,46,0,80338,3,0,7
,161.2546215137586,1,1,2,2,0,9,48,1,106176,5,0,7
849.3274723469164,7.061869263263598,1,3,2,3,1,23,42,0,98822,5,0,7
496.1300945143259,,1,4,0,1,0,18,50,1,114810,3,0,7
505.07984378921543,119.2430412937884,1,4,0,1,1,22,49,0,73229,4,0,7
26.601253338278564,175.25596052174365,1,1,0,0,0,21,57,0,83129,5,1,7
300.3893698651767,,1,4,0,0,1,11,56,0,103233,5,0,7
800.977571079608,82.28958322358442,1,2,2,0,0,16,52,1,60226,2,0,7
215.7403533240467,110.99078745968151,1,2,1,0,0,9,21,0,79468,3,0,7
414.4529006326222,104.51555002025172,1,4,1,2,1,17,29,0,92442,1,0,7
532.3698401632417,5.742336870680442,1,4,2,1,1,22,59,1,53781,1,0,7
797.853225696128,26.700265835908077,1,4,1,3,1,5,54,0,44958,3,0,7
345.9673329768237,24.200580171239334,0,0,2,2,1,19,30,0,31348,4,0,7
879.0595538282859,151.49584074676946,1,0,1,0,1,23,52,0,81153,5,0,7
732.3568431140363,196.6974442511037,1,5,0,0,0,9,36,1,54640,1,0,8
,91.53350597940867,1,2,0,2,1,21,53,0,94562,5,1,8
,1.5796209107933556,1,0,1,3,1,15,36,0,81763,4,1,8
388.4441720338248,189.4454692190061,1,4,2,3,0,6,62,1,112022,1,0,8
,96.66943612714664,0,0,2,0,0,16,24,0,97383,5,0,8
640.9398453104704,192.33204038047268,1,2,0,0,0,19,66,1,57972,4,0,8
118.48832185159142,156.71762317622571,1,5,1,2,1,15,62,1,46817,1,0,8
492.397580014789,24.999335307118997,1,1,2,1,1,19,39,1,61368,5,1,8
9.294873243310796,28.99408112539039,1,1,2,2,0,4,43,1,86275,2,0,8
370.4087725502296,59.1442446448496,1,0,2,0,0,19,28,1,87735,2,0,8
903.1001172501572,14.6190795631445,0,2,2,1,0,12,58,0,37524,5,0,8
131.525479622712,78.87237767226496,1,4,1,3,1,5,34,1,48141,3,0,8
,,0,3,0,1,0,10,65,0,78002,1,0,8
749.9836130050265,25.81938346929111,1,0,0,2,1,14,69,1,113696,5,0,8
957.419908425176,64.72098742972014,1,5,1,3,1,6,35,1,91122,3,0,8
513.3431165229008,31.495310606634085,1,4,1,2,0,12,43,1,73617,4,0,8
31.04956717652496,172.97678210241548,1,4,0,0,0,9,35,0,69582,1,0,8
410.7741719049033,,1,4,1,1,0,12,28,0,36551,3,0,8
97.5209739245232,,0,4,1,2,1,5,52,1,97744,4,0,8
954.9181247086428,32.743299142337776,0,2,2,0,0,3,40,1,57203,3,0,8
,,1,3,1,0,0,13,36,1,56419,4,0,8
691.62026113387,38.18172366474839,1,5,2,1,0,10,43,1,93167,4,0,8
434.58952849121835,,1,1,1,0,1,21,40,0,82697,3,0,8
644.1582168092473,185.3316773892152,0,4,1,3,1,14,51,1,35840,5,0,8
682.9148267115393,103.45586038993248,0,4,0,0,0,15,22,1,31399,5,0,8
99.90067605640864,110.2425010062502,1,1,2,0,0,23,59,0,78938,1,0,8
323.48981554285115,30.474356080524423,1,5,0,3,0,13,64,1,61407,1,0,8
769.0457320345582,41.83196094777939,1,3,1,3,1,11,21,1,57636,4,0,8
965.2367012221304,4.503759582623834,1,2,2,3,0,4,35,0,41447,5,0,8
813.2412395773102,1.5764897082171103,1,4,0,3,0,11,43,0,70299,4,0,8
478.90154501226687,187.03227606616332,1,1,0,0,0,13,23,0,43878,5,0,8
664.5175580939883,157.63384500303437,1,5,0,1,0,20,30,0,36096,5,0,8
819.8533700407779,57.53755254133495,1,5,0,0,0,14,61,1,104160,1,0,8
605.8166383951769,78.46627040970593,1,3,0,1,1,5,58,1,81828,1,0,8
192.72246850977936,47.15901303753114,1,5,2,2,0,2,42,1,103307,3,0,8
374.690547712738,154.28953926007847,1,0,2,0,0,14,38,1,79894,4,0,8
551.4159482120356,193.2953093269308,0,5,1,2,0,3,59,0,70663,5,0,8
696.643392301331,8.598659462768431,1,1,1,3,0,22,59,1,79495,4,0,8
764.9530856153322,94.4943000128514,0,3,1,0,0,24,68,0,90831,2,0,8
,100.60258260890808,1,3,2,2,0,24,65,1,63758,1,0,8
564.9249426912232,,1,0,1,1,0,6,33,1,87178,2,0,8
,,1,0,2,0,0,16,52,0,54198,4,1,8
453.27262402870696,29.373633990757657,1,2,2,0,1,11,49,1,39433,4,0,8
580.6762904693079,13.313908157843946,0,5,2,1,1,1,23,1,50375,2,0,8
765.0846410001313,173.0130769041192,0,1,0,2,0,13,62,1,53937,3,0,8
189.1601998811452,,1,0,2,2,0,3,26,1,86704,3,0,8
209.2504950090949,114.54148062231286,1,5,2,1,0,9,20,0,98364,5,0,8
989.1650568737724,1.8844981206028733,1,3,1,1,1,5,18,1,46014,5,0,8
387.5063333374658,117.44453320180403,1,5,2,2,0,7,64,0,39736,3,0,8
224.34979962721837,28.60313574977278,1,3,0,3,0,9,35,0,44239,1,0,8
114.88038156890978,137.20739805141315,1,3,0,0,1,11,29,0,54027,4,0,8
543.7770921023076,138.27325558927453,1,3,1,3,1,11,42,1,34652,1,0,8
245.0471624538183,123.91707906141612,1,4,0,0,1,23,68,1,64309,2,1,8
443.26041232478485,157.09206982062082,1,5,2,2,0,18,34,0,69668,1,0,8
950.9354530833564,28.25134572197536,1,2,0,0,1,14,50,0,51102,3,0,8
647.44605148702,,0,2,2,0,1,1,51,0,70184,1,0,8
,38.74575835059453,1,3,2,2,1,2,49,1,86317,1,0,8
464.1988655786097,12.492285361162958,1,2,2,0,0,8,46,0,62508,4,0,8
,150.1216009345616,1,4,2,1,1,3,67,1,109471,1,0,8
823.077120411176,,1,3,0,0,0,21,43,1,99433,4,0,8
338.17167783511695,,1,0,2,2,1,23,54,0,76195,1,0,8
,,1,2,0,3,1,19,50,1,52235,2,0,8
772.6692124650846,126.47440428062498,1,4,0,1,1,19,41,0,48653,5,0,8
784.4608796568214,88.01557762658527,1,5,0,2,0,11,18,1,80550,3,0,8
451.1747986249921,160.51092860647657,1,1,0,1,0,18,20,0,32979,5,0,8
750.2135229749949,,1,1,0,3,1,5,60,1,54410,4,0,8
609.9323745370069,54.460766820388365,0,1,2,0,0,3,67,0,45242,3,0,8
973.0067488551786,47.4893675070976,0,3,1,0,0,11,25,1,43252,1,1,8
84.47617839684429,61.56752987550256,1,0,0,0,1,23,27,1,46273,1,0,8
561.7272568953332,99.44547449852502,1,5,0,0,0,5,62,0,83829,2,0,8
464.12077144586016,117.88671817479906,0,0,2,0,0,21,66,0,93088,1,0,8
84.80701983873062,,1,5,2,3,0,20,27,1,39751,5,0,8
436.36279640833453,117.82533406544444,0,2,1,1,0,8,47,1,72906,5,0,8
,43.25174124532729,1,2,0,0,0,15,55,0,49159,5,0,8
,199.7865418267098,1,5,2,2,0,14,65,1,48573,4,0,8
,176.05404415240048,1,0,2,2,1,5,23,1,45715,4,0,8
866.2580326268636,158.84298957527415,0,5,1,3,1,6,69,0,58235,4,1,8
,100.9015331048698,0,1,0,3,1,21,66,1,111270,5,0,8
,37.33606171253441,1,3,0,2,0,23,37,1,32917,1,0,8
931.6197014320612,,1,2,1,0,0,1,51,1,65092,2,0,8
548.4495463936692,67.52492374102219,1,4,1,3,1,13,63,1,79780,1,0,8
482.7385248339513,141.15375205908327,1,1,0,2,1,21,19,0,31347,2,0,8
,4.914516874222907,1,0,0,3,0,19,32,1,88811,5,0,8
297.79585678051615,110.10502890771753,1,5,1,3,1,10,24,1,82418,2,0,8
799.1835579437387,177.93365469450077,1,1,0,2,0,22,20,1,37732,4,0,8
,99.48963956981478,0,1,1,2,0,23,26,1,80812,3,0,8
,76.70570995585379,1,3,1,0,0,20,50,1,39318,4,0,8
94.60840289690076,,1,0,1,1,1,1,66,1,102444,3,0,8
884.978515110601,61.503820937062905,1,2,1,2,0,8,49,0,59498,2,0,8
131.56686044506282,105.4099054100926,1,0,2,3,0,14,27,1,35065,1,0,8
585.8793668357343,,0,2,2,0,0,21,57,1,94612,7,0,8
,48.83452218334015,1,3,1,0,0,23,44,0,76238,5,0,8
847.3908112574813,111.42626370071528,1,3,2,2,1,14,54,1,67572,2,0,8
,,1,5,1,1,1,16,61,0,111108,2,0,8
,69.92420995542969,0,5,1,3,0,10,26,0,92451,5,0,8
797.1660979717375,55.58497787830126,1,5,1,0,0,10,54,0,103238,5,0,8
81.59274460543719,101.33664111555906,0,3,0,1,1,15,60,0,107448,1,0,8
741.7847100791095,126.82835725351656,1,3,0,2,0,4,28,0,98089,2,0,8
587.1061196312348,,1,1,0,2,1,7,52,0,93720,3,0,8
708.1212175854535,,1,3,2,0,0,1,42,1,47686,2,0,8
793.5673119725536,0.314335667699539,1,2,2,3,0,3,22,0,89478,5,0,8
451.1494430450647,124.60194329070136,1,0,2,0,0,2,36,1,71974,1,0,8
,99.56047427865956,0,1,2,2,0,10,23,1,53748,5,0,8
336.9942049152442,178.41026252806262,1,0,2,1,0,7,68,0,102540,5,0,8
377.7706644816132,95.7050594455188,0,0,1,2,1,7,20,0,85701,5,0,8
423.5839974876644,,1,1,2,0,1,23,38,0,66521,1,0,8
591.0926574683313,,1,3,2,0,0,4,54,1,100476,4,0,8
509.9295269974592,67.50025135264093,1,4,2,3,0,9,44,0,75398,5,0,8
,115.59975475408058,1,5,1,1,1,23,25,1,106290,4,0,8
,160.5635085051703,1,0,1,2,1,4,31,0,62581,4,0,8
233.8016813101624,192.0407534699556,1,3,2,0,0,24,44,0,101104,2,0,8
,80.76272830008591,1,5,0,3,1,10,23,0,63377,5,0,8
,33.31793969521257,1,3,2,1,1,24,67,1,54799,5,1,8
,,1,4,2,1,0,23,69,1,103160,2,0,8
,19.63579791165788,1,3,1,2,0,13,33,1,83982,3,0,8
,,1,1,1,0,0,13,50,1,43804,5,0,8
588.3907463479936,38.52239529208707,1,0,1,3,0,22,24,0,66074,1,1,8
19.47146667207067,162.7089855012726,0,2,1,1,0,7,68,0,107101,5,0,8
120.18596839646824,97.74529890393562,1,1,2,0,1,17,45,1,67468,1,0,8
993.0292441005548,,1,2,2,0,0,20,35,1,81513,2,0,8
878.4061540391493,,1,3,0,3,0,5,68,1,115718,3,0,8
,193.61234857589253,0,4,0,0,1,11,44,0,67882,5,0,8
,12.68227462409146,1,3,0,1,0,21,48,1,53594,4,0,8
112.9611991206999,,1,1,0,1,0,2,33,0,88204,4,0,8
928.129602624952,163.3529810338707,1,5,2,0,1,2,30,0,54736,1,0,8
,9.924930486210858,1,3,2,1,0,20,69,0,54000,2,0,8
,82.76608355937005,0,2,0,1,0,13,46,0,89934,2,0,8
757.1456342458827,26.062814085607044,1,0,2,2,0,21,64,1,56601,2,0,8
32.9246279442188,,1,0,1,2,1,24,20,1,80644,5,0,8
75.4594484764206,125.91511528259004,1,0,0,0,1,24,60,1,62339,3,0,8
878.5217698093458,,0,1,2,1,1,7,49,0,76701,3,0,8
854.4094468970483,70.99900462693995,1,4,1,0,0,14,43,0,36316,2,0,8
673.9499614694286,103.6034458044178,1,1,2,1,0,16,28,1,108207,2,0,8
717.3545958124292,84.40423848511689,1,3,1,1,1,11,38,0,46013,2,0,8
551.3555652211485,163.69694126842347,0,3,2,2,0,21,34,0,57105,5,0,8
,54.086540075329424,1,3,1,0,0,22,32,0,79461,3,0,8
613.38774396748,17.636109455225313,1,3,0,3,1,8,23,0,27529,3,0,8
574.0314924429642,69.58762648224841,1,0,2,3,0,14,21,1,71759,4,0,8
682.4231930162373,,0,1,2,1,1,3,59,0,111141,3,0,8
606.3609963530503,,1,3,2,3,0,24,44,1,33777,5,0,8
743.4837097686631,161.0336368585824,1,3,1,2,0,12,27,0,45901,2,0,8
267.7109440573414,136.89525787768935,1,2,1,3,0,19,69,1,83516,5,0,8
356.9958874531611,117.15104912979731,0,5,2,2,1,16,22,1,73204,2,0,8
483.1133078634152,36.35587335520725,1,2,0,0,1,16,48,1,107815,1,0,8
414.5731100100756,107.24897370633082,1,1,0,0,1,9,60,0,61136,3,0,8
848.1796479594367,,1,3,0,1,1,3,52,0,49436,4,0,8
608.4349424481479,,1,6,2,2,0,4,20,1,98450,4,0,8
772.8893767413563,179.2529861840825,1,0,2,3,1,10,27,0,68651,2,0,8
285.9431707737037,158.05988358594448,0,3,1,1,1,17,49,1,35984,1,0,8
819.3164395641173,150.680093222802,0,4,0,3,0,23,48,0,113417,3,0,8
947.5142938625336,,1,5,1,3,1,18,67,1,77688,4,0,8
229.61750107755697,,1,4,1,2,1,12,59,1,87434,1,0,8
112.45634902671976,29.183669005253932,1,2,2,1,0,6,50,1,86994,4,0,8
836.1162098802106,140.43107533788665,1,0,0,1,0,20,44,0,73411,4,0,8
635.8922469605969,110.15684291405928,0,4,2,0,0,2,48,1,61800,5,0,8
339.12040560375453,,1,0,1,3,0,15,38,1,41187,4,0,8
971.4095919696214,2.076093269587287,1,0,1,2,1,10,28,1,76780,2,0,8
563.1656722776929,,1,3,0,3,1,5,37,1,33102,5,0,8
306.25622737486503,133.97216733477114,1,2,2,1,1,2,24,0,68165,1,0,8
879.3016859413443,79.2181730994139,1,3,1,3,1,11,56,1,55462,4,0,8
534.6971065953974,31.469781569647992,0,5,0,0,0,16,30,0,41470,1,0,8
60.387224261991165,180.49916654523815,1,4,2,0,1,8,46,1,81406,4,1,8
250.5729887502741,101.1281084554096,0,4,1,0,1,3,56,1,68592,3,0,8
427.6069257665433,130.99374460001204,1,3,2,0,1,6,36,1,55137,3,0,8
368.2055065048283,115.5008245644744,1,1,0,2,1,8,50,0,77428,3,0,8
,,1,3,0,0,0,13,69,1,44038,2,0,8
333.32077491030986,,1,6,2,0,1,9,20,0,32203,4,0,8
699.9082562407688,81.68095504372678,1,5,1,2,0,20,27,0,91539,4,0,8
951.7071579487292,116.55329252623822,1,0,0,3,0,5,62,0,105532,3,0,8
,176.17969676322227,1,4,1,2,1,3,30,1,38832,1,0,8
,131.55268268346353,1,4,0,0,1,3,64,0,118375,4,0,8
647.9831098710325,92.79142828361758,1,3,0,0,0,16,24,1,85266,5,1,8
16.3594412549547,165.20981444952253,1,1,0,3,0,12,50,0,42566,3,0,8
325.99556388246964,2.4153119619886754,1,3,1,1,1,17,45,0,60842,2,0,8
358.0235969102218,154.9763826303579,1,4,2,1,1,18,24,1,54341,3,0,8
,192.4840773414747,0,2,0,0,1,20,65,0,103533,4,0,8
457.5939344510246,106.283649354442,1,3,1,3,1,13,44,1,102187,4,0,8
527.3882898236144,5.096947516192962,1,1,2,1,1,5,63,0,100899,7,0,8
,98.34791199711417,0,0,1,3,1,7,34,0,45418,4,0,8
899.5861640811327,142.30243130538742,1,0,2,2,1,19,43,1,55459,4,0,8
228.0059369989802,176.887178867106,1,4,2,1,1,16,26,0,81659,4,0,8
227.1947803958232,175.7127911322347,1,4,2,3,0,5,69,1,71493,1,0,8
683.1843380698475,,1,4,1,3,0,7,40,1,77660,3,0,8
891.3193719573176,21.05536652542479,1,0,0,0,1,14,39,0,62773,1,0,8
687.201857374307,25.920437101661385,0,5,1,2,0,14,42,1,38550,3,0,8
771.6024348521107,3.042199856768124,1,0,0,3,1,14,35,1,65447,4,0,8
341.59953840040527,52.7032616215167,0,2,1,0,1,10,42,0,88079,4,0,8
744.9974634013536,194.4608903280709,0,1,2,2,1,3,53,0,36770,4,0,8
,,0,2,0,2,0,9,65,0,88863,2,1,8
726.7269089227628,,1,2,1,1,1,14,56,0,61027,4,0,8
183.6805575853315,177.57546883236847,1,1,2,2,1,17,46,1,34168,4,0,8
,2.9312132443288785,1,1,0,0,0,2,45,1,39009,5,0,8
813.4593994684394,112.7802680439463,1,2,0,2,0,23,19,1,60977,2,0,8
114.13174788434456,45.13551639259437,1,5,0,3,1,2,44,0,53877,2,1,8
280.258154906306,122.72569013856196,1,2,2,0,0,9,37,1,110018,4,0,8
,,1,5,1,0,1,24,63,0,46196,4,0,8
370.3392420793771,62.16633219387573,1,1,1,3,1,14,31,0,70498,3,0,8
935.835235291987,153.77149159565536,1,4,0,0,1,22,35,1,34554,5,0,8
343.9999061601896,87.43751546781672,1,3,1,3,1,15,55,1,100078,1,0,8
386.6714745172467,132.7592966448502,0,2,1,2,1,5,33,1,94725,5,0,8
174.8897597402491,,1,3,1,1,1,13,60,1,115773,4,0,8
927.4718801990074,179.21308832945036,1,3,1,1,0,21,50,1,84289,4,0,8
987.31995792951,114.95110178728272,1,1,0,0,1,15,23,1,80308,1,0,8
219.72625163875304,,1,5,2,1,1,24,61,1,95762,5,0,8
629.3460027797192,90.06546379757351,1,0,0,0,0,9,56,0,92733,3,0,8
,48.5687921069045,1,2,1,3,1,20,41,1,60173,5,0,8
381.50761603411365,149.15296463384377,1,2,1,0,0,4,28,0,56161,2,0,8
,71.30039333008584,1,2,1,2,1,21,36,0,30828,1,0,8
230.14845599017983,142.4043006411011,0,3,1,3,0,9,39,1,42606,3,0,8
899.6956128948943,42.68319427208238,1,0,0,3,1,15,41,0,42614,5,0,8
285.53840076069105,21.1588615293784,1,5,0,3,1,10,31,0,44796,5,0,8
795.7176347467414,78.1197340397304,1,1,2,3,0,11,45,1,43086,1,0,8
406.9092187837036,122.40561017219208,0,0,1,3,1,1,56,0,102924,1,0,8
,,1,4,1,1,1,9,60,1,82351,2,0,8
374.9112634125776,,1,4,1,0,0,5,66,1,62227,1,0,8
801.3574387764241,89.76623191084707,1,4,2,2,1,3,44,1,108938,1,1,8
106.81562741257557,126.86290376981113,1,0,2,2,1,23,22,0,37764,5,0,8
512.6135626533083,86.47347099040448,1,5,1,2,0,9,68,1,74657,4,0,8
492.9881142854477,,1,0,1,3,1,24,60,0,79864,1,0,8
,121.76493168403732,1,5,2,2,1,6,33,0,106183,4,0,8
373.1078814293358,11.158278624349194,1,0,0,1,0,2,38,0,79481,2,0,8
136.8803119089158,155.69305794749312,1,4,0,1,1,5,45,0,100109,4,0,8
246.21722179765115,39.508862318578885,1,1,0,1,0,23,39,1,44146,3,1,8
688.4667516557068,148.95101098262649,1,5,1,3,0,17,22,1,67013,3,0,8
914.7109208858616,,1,3,2,3,1,16,24,1,64440,2,0,8
573.940000508413,127.46264150457434,1,0,0,2,0,22,38,0,35806,1,0,8
376.0885169968328,79.40082151706048,1,4,0,1,1,10,22,0,65187,1,0,8
,26.267222419178427,0,5,1,3,0,21,34,1,80973,5,0,8
168.32162120438,187.9294711661909,1,2,1,1,1,11,26,1,39881,1,0,8
380.5338147694364,12.952960977467232,1,5,1,1,1,15,48,0,85230,4,0,8
22.68683129643967,,1,0,2,0,1,13,32,1,79349,5,0,8
306.86779705280253,111.9332197284562,1,0,2,1,0,18,19,0,88208,4,0,8
575.8130966774885,73.88158885700771,1,0,0,0,0,16,52,0,89370,3,0,8
,59.414271874482296,1,5,0,1,1,6,59,0,74385,1,0,8
,63.40787133555317,1,3,2,1,0,15,30,0,92581,3,0,8
,130.8634693750075,1,3,1,0,1,7,36,1,109530,2,0,8
914.1182802557788,73.40450042801845,1,2,0,0,0,17,43,1,35593,1,1,8
268.40495052503013,98.11383782973832,0,1,0,1,1,22,41,1,93455,4,0,8
699.7240204698749,,1,4,0,1,0,1,52,0,45470,3,0,8
943.8789913872253,165.19287425477566,1,1,1,1,0,4,53,0,41875,1,0,8
501.32824287833154,62.72330394620455,1,4,0,1,1,7,41,1,100554,5,0,8
469.9158766069443,191.0323659553717,1,0,0,0,0,4,66,1,119584,1,0,8
192.62817585531033,38.838369485936795,1,2,0,3,0,21,45,0,65606,1,1,8
,186.58697445628368,0,1,2,2,0,23,26,1,68215,1,0,8
548.6328851439029,,1,2,1,3,0,18,30,0,91704,4,0,8
253.5991566906588,,0,2,2,1,1,18,46,0,84170,5,0,8
964.8982139866793,100.23748230038169,1,3,1,0,0,6,35,1,90620,5,1,8
647.300409136372,61.86061723978782,1,1,1,1,1,3,47,0,103549,2,0,8
,27.092370309990123,1,3,2,2,0,11,24,0,39209,2,0,8
645.2468926136298,86.48821010625787,1,5,2,2,0,13,49,0,101817,3,0,8
,125.03883399226504,1,2,2,3,0,9,26,1,45902,1,0,8
111.37153706686598,24.425405937086996,1,5,2,3,0,19,26,0,101693,2,0,8
857.8022204349102,64.169076552111,1,3,1,1,0,15,53,0,35977,4,1,8
83.22509396075328,8.748331481408211,1,1,1,2,1,22,26,0,76025,1,0,8
702.6505316569525,39.26761872248372,1,0,0,3,1,24,63,0,80437,4,0,8
,,1,1,0,0,1,2,40,0,34183,5,1,8
,172.1583999015244,1,4,0,1,1,22,24,0,47319,3,1,8
810.0051111964348,83.56177065357315,1,4,0,3,0,12,49,1,73455,2,0,8
944.251261310064,10.90315714957828,1,1,2,1,1,17,20,1,102027,5,0,8
487.37070657035184,54.2688717255686,1,5,0,3,1,23,18,0,64462,3,0,8
734.0854074054996,8.164977398711205,0,1,1,2,0,3,43,0,57540,1,0,8
,135.3959208517135,0,4,1,2,1,2,28,1,55579,3,0,8
281.20584844218257,156.79102748828714,1,0,1,1,0,10,55,1,70430,1,0,8
796.775666615195,173.76266322370418,1,3,1,1,0,11,25,1,83718,1,0,8
,40.429690662127314,0,2,2,1,1,24,26,0,94555,5,1,8
,45.53753797029374,1,0,2,2,1,21,38,0,44724,5,0,8
997.631883519568,,1,3,2,2,0,11,33,0,50849,1,0,8
285.8654543121143,74.93029543382283,1,2,2,0,0,6,18,0,30798,3,0,8
443.7189008306381,,1,3,0,2,1,19,46,1,103723,2,0,8
926.447760268277,178.8936783643448,0,0,0,2,0,23,69,1,104154,3,0,8
969.9185810489151,90.9356913268143,1,2,1,3,1,14,48,1,52148,5,0,8
,134.27871383610966,0,0,0,3,1,17,44,1,84836,1,0,8
166.97370445726222,75.14871701697817,0,4,2,3,1,22,46,0,65956,2,0,8
,175.26289986217245,0,4,1,0,0,10,43,1,46826,2,0,8
437.8654091553889,7.984487171800248,1,0,0,2,0,7,57,1,43860,2,0,8
536.1175407784488,1.7808596712741709,1,2,1,1,1,19,55,0,88909,4,0,8
562.6517692156408,2.4466088048054724,0,1,2,0,1,13,30,1,69494,1,0,8
391.9201184500651,99.64187532739604,1,1,2,2,0,4,61,1,99404,2,1,8
259.42811183105243,164.01366994717063,0,4,2,0,1,24,43,1,96888,1,0,8
397.45997036690216,79.325947812528,1,0,2,2,0,21,23,1,67331,5,0,8
619.8416269356617,197.11223643948856,1,4,0,0,0,22,24,1,53986,4,0,8
958.8598953586958,71.0317345411354,1,4,0,2,0,15,45,0,64238,5,0,8
123.82530516015122,13.787422276424778,0,1,2,1,1,14,46,0,52441,4,0,8
268.1082198635737,133.2449427076164,1,3,2,1,0,13,30,1,95256,4,0,8
808.7521729851812,87.21993918489486,1,5,0,1,0,3,33,1,55531,4,0,8
553.637437813315,57.488165439573265,1,3,2,3,1,18,68,0,88348,4,0,8
,63.48710662777579,1,1,1,1,0,4,52,1,72213,7,0,8
,174.46321614687022,1,3,0,3,0,14,51,0,83846,5,0,8
389.0197665539853,142.74082842017214,0,5,1,2,0,8,21,1,44856,1,0,8
555.2889752525717,26.039738715308424,1,4,0,3,1,7,33,0,38360,1,0,8
947.4672922419009,107.43230175862296,1,2,1,0,0,19,67,1,83764,1,0,8
722.0469395284553,95.99433645941431,1,0,0,1,1,12,34,1,38143,3,0,8
623.3126518816854,117.15212984495398,1,5,2,3,0,12,31,0,86330,1,0,8
597.5550863134112,133.89549958618505,1,2,2,3,0,16,21,0,89427,4,0,8
179.1485098087534,45.66000178537857,1,3,1,2,1,6,34,1,44336,5,1,8
986.2324170448198,120.0152869348083,1,3,1,0,0,24,33,1,30372,5,0,8
,104.1900864903774,0,0,0,0,0,3,61,1,82379,2,1,8
579.8488630748501,,1,3,2,0,0,6,54,0,72416,6,0,8
434.28797326234405,95.08279350370152,0,0,2,2,1,2,69,1,80036,2,0,8
739.5066569818594,163.09564412396205,1,0,0,0,1,21,40,0,85091,3,0,8
,141.90459284727189,0,0,0,3,1,20,42,0,100903,6,0,8
522.4073712240835,7.150957603634667,1,2,1,2,1,1,54,0,66387,5,0,8
,63.83630330465402,0,1,0,0,0,23,47,0,113316,2,0,8
935.2771197598012,20.58530294967673,0,4,0,3,0,16,33,1,60464,2,0,8
997.6616695283044,161.85291672723872,1,2,2,1,1,24,33,0,51794,3,0,8
412.52639439533624,56.49465618875868,1,0,1,0,1,7,40,0,50380,4,0,8
358.3192067208043,127.78524677746978,0,5,1,3,1,23,64,0,51044,3,0,8
200.52711141391677,,0,0,0,1,0,7,69,1,120109,1,0,8
856.8562173303494,,1,2,0,2,1,18,29,0,64043,2,0,8
824.7701370841792,99.41080543992896,1,3,2,2,0,9,51,0,111994,5,0,8
345.311227724869,,1,1,1,0,1,22,54,0,108113,5,0,8
,14.898343074059062,1,0,1,1,0,13,35,1,91582,2,0,8
,,1,0,0,3,0,12,28,1,99353,3,0,8
663.4703169604162,15.26027178502327,1,2,1,2,1,11,63,1,98969,3,0,8
867.3276311127188,75.59967072507871,0,4,2,1,1,4,34,1,88483,2,0,8
270.8915043393055,,1,3,1,3,0,24,33,1,80748,1,1,8
168.03028390178042,75.26796285028132,1,3,0,1,0,23,32,0,31071,5,0,8
232.5340595509493,136.9546036650599,1,3,1,0,1,14,21,1,38141,2,0,8
,144.9006895580259,0,4,1,3,1,1,46,1,83630,5,1,8
,60.69133928788197,1,5,0,0,1,5,67,0,59945,4,0,8
840.8377850535046,,1,0,0,1,0,21,35,1,40194,3,0,8
575.9265307217505,38.86489848185837,1,4,1,0,1,21,47,1,85574,2,0,8
525.4885471867062,155.62939532850834,1,1,2,3,0,12,32,0,105476,1,0,8
460.799190670998,104.84706785115804,1,4,0,0,0,3,47,0,94140,3,0,8
394.62979547572894,94.03450710263988,1,3,0,2,0,11,21,1,60233,2,0,8
858.9683510029721,,1,1,0,3,1,20,49,0,66694,2,0,8
196.7262561247757,180.68850748633992,1,0,0,1,1,7,56,1,58754,1,1,8
441.3216668211478,66.88376693892675,1,3,1,2,0,3,33,1,66309,4,0,8
896.1760509814095,63.46727529504334,0,4,1,3,0,16,43,0,108913,1,1,8
,,1,5,0,3,1,6,66,0,43451,3,0,8
908.8648839617192,10.34426475672301,1,0,2,2,1,4,63,1,46353,3,0,8
591.2218230421825,54.8689384103408,1,0,1,3,1,21,55,1,80936,4,0,8
325.2862718299016,,1,3,2,1,1,24,57,0,44477,2,0,8
195.27620892313803,120.52442470374768,1,0,1,1,0,24,68,0,114514,1,0,8
650.6623980279352,198.33185369864455,1,0,2,2,0,13,60,1,92219,4,0,8
,,1,4,1,1,1,21,69,0,109179,4,0,8
244.32738812054032,175.54781161141648,1,2,2,0,1,6,40,0,81487,1,0,8
875.4561796031014,39.11899169705752,1,3,2,0,1,6,66,0,42705,1,0,8
735.1849194040977,178.86755157638407,1,2,0,3,0,20,51,1,103623,4,0,8
,166.99153538989563,1,1,1,2,1,1,35,1,87407,5,0,8
287.5282894351605,195.01878250712505,1,2,2,2,1,6,41,1,88929,2,0,8
837.6880736704517,26.9475614691989,1,1,1,1,1,11,31,1,32037,4,1,8
969.384827942506,,1,3,1,2,1,11,57,1,90562,5,0,8
684.3756886448197,15.397557557604546,1,4,2,0,0,2,37,1,50477,1,0,8
443.24729661180874,164.91094884076014,1,4,2,3,1,16,59,1,44518,4,0,8
961.9714595787248,134.94671119163797,1,4,0,1,0,1,56,1,56310,1,0,8
616.8662729774786,97.47486291723187,1,3,2,2,0,23,39,0,76236,3,0,8
909.2303334345396,146.17359273725302,0,4,1,3,1,8,26,1,46572,5,0,8
,115.44027962635846,0,4,2,3,1,24,50,0,66411,4,0,8
,193.17810594502103,1,5,0,3,0,9,30,1,42310,4,1,8
,122.13198809317252,1,6,2,1,1,4,30,1,45287,1,0,8
303.01888708709777,46.35620474440858,1,5,2,3,1,24,26,0,42530,5,0,8
,11.81696648365207,0,3,0,3,1,9,20,0,69512,4,0,8
402.6640801986846,169.4853558793818,1,2,0,3,0,24,29,1,66147,5,1,8
654.1879705683899,73.15292090651641,0,3,2,3,1,7,51,0,38828,1,0,8
,37.1319410716164,0,3,2,0,0,19,62,0,111684,5,0,8
,,1,1,0,1,0,9,51,0,43001,1,0,8
501.21531428395815,,1,2,0,3,0,4,48,0,48674,4,0,8
125.58621915022894,101.33406654203922,1,3,0,1,1,5,62,1,62095,5,0,8
,79.3680137135672,1,3,0,0,0,5,37,0,67265,3,0,8
543.5726315171762,71.10629727047926,1,1,2,3,1,3,53,1,75818,2,0,8
305.2697194697348,44.57407466231902,1,2,2,1,0,10,48,1,94990,2,0,8
,87.2931720998936,1,1,2,2,1,12,33,1,87986,2,0,8
561.4382907332841,,1,4,0,2,1,23,19,1,62544,4,0,8
353.7813726708584,1.6928879750593095,1,2,1,2,1,20,48,0,57570,3,0,8
4.905383761198645,190.0229909551615,1,1,2,0,1,12,41,0,79148,5,0,8
218.47995244889128,176.99282495796834,1,4,0,0,0,9,33,1,65355,3,0,8
296.37025838023425,,1,4,2,3,1,7,44,0,81640,4,0,8
,123.93497838645264,1,3,2,2,0,6,32,1,106104,5,0,8
140.17364346667483,161.98531582494567,1,1,2,2,1,3,49,1,59279,2,0,8
680.1416006007942,135.29541741137066,1,5,0,2,1,15,29,1,78946,5,0,8
,6.533476850250075,1,5,2,1,0,9,44,0,104913,2,0,8
,28.41484343150169,1,4,1,2,1,17,51,0,42138,4,0,8
,69.86330633011929,1,4,2,1,1,3,33,0,53723,3,0,8
182.6085152586373,22.558096726986456,1,3,0,3,0,24,27,1,89666,5,0,8
247.8310226295366,3.2881036206138248,1,0,0,3,1,9,20,0,35904,2,0,8
210.45411606195296,193.27574232131244,1,5,2,2,1,1,21,0,28779,2,0,8
15.174286391170575,62.799209069368935,1,0,1,1,1,21,60,1,39227,3,0,8
,32.78240166451625,1,5,2,0,1,16,60,0,108362,4,0,8
,23.902773061439685,1,3,0,1,0,15,33,0,53011,2,0,8
910.8698129010664,6.536088535697071,1,0,0,2,1,4,67,1,89048,2,0,8
569.8253746562253,45.278747865461355,1,4,1,3,0,11,40,0,61550,4,0,8
964.242636393287,151.5312358742806,1,2,2,1,1,15,45,1,86285,5,0,8
,146.29803528074788,1,1,0,3,1,23,50,0,36274,5,0,8
490.10535342806907,87.68017472673894,1,5,1,3,1,10,51,0,91836,1,0,8
210.08791540517123,139.68576801802783,1,0,1,0,0,14,23,1,43924,3,0,8
,31.82403581169726,1,5,2,0,0,19,38,1,102512,2,0,8
341.67756260683336,88.52263564752347,0,4,2,2,1,8,38,1,75006,4,0,8
84.19693198948785,137.91946559400068,1,4,0,1,0,12,67,1,42728,4,0,8
879.0441691134533,61.762723574643054,1,4,0,1,1,17,67,1,50479,1,0,8
765.5465839354637,145.7389663262289,1,4,2,0,0,14,28,0,32594,4,0,8
,166.5531877313852,1,5,2,1,1,20,43,0,89883,4,0,8
833.5563447361168,129.8792971484449,1,3,0,0,1,22,23,0,94106,3,0,8
531.7055363843156,130.5235621237064,0,5,0,0,1,20,57,1,62365,5,0,8
423.9043727033928,152.31298800071636,1,4,1,0,1,14,22,0,97688,8,0,8
,195.56411417582532,1,4,0,1,0,9,29,1,81081,5,0,8
,23.340791227196256,1,3,2,2,1,19,36,0,85031,2,0,8
,56.15687148915314,1,2,0,3,1,1,48,1,40146,5,0,8
255.4233826919692,188.36483961093097,1,0,1,1,0,20,45,1,62894,3,0,8
518.828188155842,25.031089872094547,0,0,0,3,0,23,59,0,52804,5,1,8
,24.709457177035965,0,4,1,3,0,21,49,0,108203,3,0,8
754.2280835146588,148.28869657118784,1,3,0,0,1,5,64,0,51434,3,1,8
818.8450555686278,,0,5,0,3,1,10,63,1,45814,1,0,8
,30.810926807316875,1,1,2,2,0,6,51,1,45514,5,0,8
386.96763799413424,57.114561877228695,1,5,1,1,0,15,32,0,32237,1,0,8
,69.39178611574988,1,0,0,0,1,17,65,0,47985,5,0,8
756.2772394989269,43.87564403727624,1,4,2,1,0,18,28,1,98169,2,1,8
904.423096128068,151.50720091866506,1,0,2,2,1,6,67,1,64691,4,0,8
631.3483126577021,84.21630032319949,0,5,2,3,0,17,33,0,61771,3,0,8
,,1,4,0,0,1,14,23,1,70187,3,0,8
736.8211769419224,106.53367485733558,1,3,2,2,0,13,69,1,44545,2,0,8
463.208022156412,135.69521105426233,0,1,2,0,1,5,64,1,56547,1,0,8
780.4922106166124,89.38310679239743,0,4,0,0,0,2,50,0,101597,4,0,8
545.4963902643696,34.934526699105994,1,0,2,1,1,14,60,1,107181,2,0,8
152.63325393910822,140.64854671679586,0,4,0,1,1,3,19,1,72400,8,1,8
261.818877587055,2.7602155178433785,1,2,2,1,0,17,58,0,39184,4,1,8
652.981034802914,28.648063435175807,0,0,2,3,0,9,34,0,57637,3,0,8
700.8124355951248,152.94579778926806,1,0,1,2,1,17,34,1,34255,4,0,8
975.448241637001,49.976304996102286,0,0,0,3,0,2,21,1,72898,2,0,8
540.8583347406149,175.46106699834368,1,4,1,3,1,3,49,0,67464,3,0,8
746.9955547733006,188.38738417082544,1,0,2,1,1,14,65,1,103957,2,1,8
725.7300114097686,120.87509223117546,1,3,1,3,0,22,52,0,115101,2,0,8
,25.27696659591423,1,5,2,2,1,1,67,0,54528,1,0,8
,120.27462445197914,1,0,1,0,0,24,41,0,50815,5,0,8
15.369077018520304,113.1714993441935,1,3,1,1,0,14,28,1,31178,1,0,8
598.9230754454428,,0,1,0,3,0,7,65,0,45545,5,0,8
974.5965825472364,118.3967214915223,1,5,1,0,0,2,38,0,40755,5,0,8
777.550078270914,61.170203528516986,0,0,1,3,1,19,33,1,40231,4,0,8
655.1820417069026,,1,4,1,1,1,16,54,1,47773,3,1,8
451.57264550171305,110.70801990400427,0,2,0,1,0,3,35,0,58314,3,0,8
695.4379550001563,133.7319037845577,1,2,1,2,0,4,23,0,104424,6,0,8
432.5823512704403,,0,0,0,2,1,6,63,1,104381,5,0,8
730.9234255642185,73.59186733489402,1,5,2,0,1,9,33,1,85959,5,0,8
715.6071369214515,134.31181661593135,1,5,2,0,0,22,69,1,104399,4,0,8
365.7707935930176,105.54577765239314,1,3,1,2,0,7,58,0,39328,2,0,8
81.07578520174374,192.4577039454369,1,5,0,1,1,17,56,1,83156,2,0,8
573.4605581909575,32.93560572952383,1,3,0,1,0,23,56,0,44519,4,0,8
943.1909224374008,89.3860758035176,1,1,0,0,1,10,32,1,76231,1,0,8
239.32548074526937,,1,5,1,3,0,4,46,1,72864,1,0,8
126.4365475489948,111.78584270725968,1,0,2,1,1,8,59,0,67664,4,0,8
,144.35876943314793,0,2,1,0,1,5,45,1,107770,2,0,8
548.2067394535811,72.44599752216149,1,2,0,3,1,19,60,1,53130,2,0,8
721.8769337640153,,1,4,1,2,1,15,50,0,38340,1,1,8
940.2906749480456,176.21976483888722,1,4,1,2,1,18,31,0,97613,3,0,8
58.5783449505658,90.06652165212323,1,4,2,3,1,24,49,0,94345,5,0,8
69.86411340608866,166.23710985254257,1,4,0,0,0,4,47,1,50990,1,0,8
190.30091364537816,41.39964867040153,1,0,2,3,0,18,67,0,92207,4,0,8
554.8789388298155,112.033611176267,1,0,0,1,0,17,57,1,97722,3,0,8
215.20547775790263,131.9857389574968,1,2,0,3,0,21,61,0,85729,3,0,8
735.9988844804566,45.12382103829993,1,4,0,3,1,18,67,1,106811,3,0,8
848.7019219502682,62.56634636755693,1,3,0,3,1,21,48,0,48616,2,0,8
382.8885298973018,168.60716245044125,1,1,1,1,0,3,36,1,90619,3,0,8
554.3834381679228,,0,3,1,0,0,6,55,1,61737,2,0,8
145.42384655396944,,1,2,2,3,0,15,20,0,70222,5,0,8
971.8968389871432,,1,4,2,1,1,9,29,1,75266,2,0,8
18.501921846333147,70.86281742399056,1,0,2,2,1,7,19,1,82626,1,0,8
97.29225707650258,34.700636241041984,1,5,1,1,0,11,28,1,56443,5,0,8
28.18013045763468,195.94884802390013,1,4,1,2,0,19,43,1,112240,1,0,8
839.6756731448708,42.39614735670403,1,5,2,0,0,17,60,0,54394,2,0,8
372.7711996938342,167.99411950241284,1,3,1,1,1,10,21,1,104048,2,0,8
,174.61474112355043,1,3,2,1,0,20,40,1,58478,2,0,8
168.42040372981316,139.21600152846963,0,4,1,2,0,8,36,1,91007,4,0,8
30.012619172616883,76.21875642230232,1,0,2,1,1,14,37,1,38372,4,0,8
,131.18362705661812,1,4,1,2,1,15,41,1,40089,5,0,8
939.5528316920028,130.14108532688903,1,3,1,2,0,18,46,1,77952,1,0,8
,175.49914296857375,1,5,2,2,1,7,63,1,72437,2,0,8
746.1461229245423,65.30645598217733,1,3,1,0,1,1,52,1,105267,4,0,8
681.5997143821452,150.09957074276377,1,4,1,3,0,10,40,1,53233,1,0,8
95.14874320389455,197.54037174423868,1,2,2,0,1,6,62,0,75789,4,0,8
212.4245968086551,94.88295363899996,1,4,2,1,1,8,46,0,87143,3,0,8
,82.02001849816997,0,5,1,1,0,18,55,1,90299,3,1,8
408.82059569586426,43.88910582608998,1,6,1,0,0,23,57,1,105945,4,0,8
733.65891390662,35.08595406727801,1,2,0,0,0,7,18,0,65984,5,0,8
955.4764177452004,190.34704517819137,1,5,0,1,0,19,43,0,89237,3,0,8
651.7441045533418,75.85567246598701,1,1,2,1,1,15,36,1,31020,4,0,8
358.69132032650884,,1,5,1,0,0,9,19,1,66596,1,0,8
684.8803928753013,53.77649609080788,1,2,0,2,0,20,32,1,83151,2,0,8
219.686317057761,,1,3,0,1,1,5,55,1,113052,2,0,8
890.1442492460334,73.52537018240064,1,3,0,3,0,18,37,0,59417,2,1,8
263.0193144988031,,0,3,0,3,1,20,51,1,81843,4,0,8
211.6268558529878,,0,3,0,3,0,23,47,1,96787,1,0,8
,49.02429505967736,1,1,0,0,1,23,45,0,97258,3,0,8
910.0720947216278,70.98079039654723,1,2,2,1,0,17,19,1,57379,6,0,8
660.1867172690771,132.98124534014408,1,2,1,3,1,1,54,1,66651,2,0,8
876.5043740025178,161.39145483116857,1,2,1,0,0,15,48,1,87630,3,0,8
742.163341906361,41.5551524346582,1,0,0,2,0,13,26,1,74954,4,0,8
474.53771138928033,26.81860910695302,1,5,0,3,0,9,38,0,51631,1,0,8
,17.849419258632814,1,2,1,1,1,6,45,0,73135,1,0,8
535.4136580862964,,1,3,1,3,0,9,60,0,59331,3,0,8
,67.68274809913525,1,0,2,0,1,3,53,1,83966,1,0,8
761.576263982883,,1,2,0,3,1,1,62,0,55880,3,0,8
897.1257726477178,,1,0,1,3,1,5,29,0,52245,1,0,8
,,1,5,2,0,0,5,36,1,70432,4,0,8
478.5179535001063,,1,5,0,3,0,23,40,1,38192,3,0,8
520.2959758291887,,1,4,2,2,1,14,23,1,58743,3,0,8
,192.2406902837423,0,2,2,2,0,10,44,1,99589,1,0,8
422.91093053801853,143.4629941309242,1,3,0,2,1,19,64,1,68656,3,1,8
400.08524729602215,137.87851044680605,1,5,1,1,0,3,20,0,65001,5,0,8
,107.5066578424851,1,3,2,0,1,6,39,1,86958,2,0,8
146.7952484930789,,1,5,1,2,1,14,27,0,45701,3,0,8
975.407438671415,33.74238878960636,1,1,1,1,1,23,55,0,61413,1,0,8
311.07979990626865,185.80552471407577,1,1,2,1,0,15,20,0,69392,3,0,8
644.7821699495389,,1,4,2,0,0,17,34,0,71528,1,0,8
746.1742068801049,,1,1,0,2,1,22,50,0,65892,2,0,8
933.1280268281272,,1,4,1,0,1,17,34,0,58890,5,0,8
435.9395180180885,39.10172175698028,1,4,1,0,1,9,31,0,50586,3,0,8
978.250988047926,133.57976554422893,1,3,1,3,0,11,30,1,42646,2,0,8
435.51591748592455,101.2893752619976,1,5,0,2,1,21,46,0,105481,1,0,8
74.3298806820697,54.719239439812874,1,0,0,3,0,18,56,0,105525,3,0,8
307.9567389687221,140.13168706203106,1,3,2,1,0,8,31,0,54070,3,0,8
998.4517961485708,81.07249793292459,1,3,2,2,1,18,25,1,71634,2,0,8
,,1,1,0,1,0,11,47,0,58889,5,0,8
495.4851114312132,,1,2,0,0,1,16,53,0,111142,3,0,8
837.6531830089684,150.37309289189565,1,2,1,1,1,9,56,1,114180,3,0,8
945.014425433306,139.3524697819813,1,2,0,2,1,2,29,1,38203,1,0,8
,,1,4,1,1,1,1,43,1,53179,5,0,8
537.4723342688926,139.55826428256043,1,1,1,0,1,15,59,0,70761,4,0,8
252.35501344285404,,1,0,2,1,0,15,33,0,70953,5,1,8
931.6739248357894,52.72795777818191,1,1,0,3,1,11,28,0,58627,2,0,8
688.5845686266366,24.292629812046563,0,5,1,0,1,4,20,1,26420,1,0,8
988.9559976066192,156.87039462602098,1,4,1,0,0,2,59,0,51589,2,0,8
972.217590511399,,1,5,0,0,1,13,47,0,106923,2,0,8
675.3304306839483,,0,0,2,1,0,1,48,1,112568,1,0,8
276.8626138715077,,1,6,1,1,1,20,42,1,69771,1,0,8
,,1,3,1,0,1,1,43,1,95064,5,0,8
902.830914335778,,0,5,0,2,1,9,64,0,79568,5,0,8
705.083668264959,193.5758732149558,0,1,1,3,1,10,67,1,85520,3,0,8
569.5199607857829,,1,1,2,1,1,2,64,1,116924,5,0,8
393.3527101861307,73.06497120242128,1,2,1,0,1,11,56,1,56077,4,0,8
31.33221503318151,183.51747007209457,1,4,2,0,1,4,35,1,39460,4,0,8
976.1937499725082,50.46938466458133,1,4,0,0,0,12,37,0,68344,4,0,8
728.6012917934431,156.63442838064006,1,0,1,0,1,11,44,0,107464,7,1,8
749.2011257719645,58.46214282879989,1,2,2,3,0,22,42,0,43928,4,0,8
181.89339086303923,98.75677878548352,1,5,2,2,1,15,67,1,75890,2,0,8
954.3469524215184,181.77511229012055,1,6,0,3,1,7,65,1,103004,4,0,8
681.3708926825316,179.96861426634766,1,3,2,3,0,4,53,0,111676,4,0,8
187.1507638218176,141.55646983511997,1,5,2,1,0,14,43,1,56114,3,0,8
534.6637944480394,32.77996294130192,1,4,2,0,1,2,63,1,108304,3,0,8
201.987467592046,96.054374932903,0,4,1,3,1,14,40,1,78286,2,0,8
547.8664150595757,82.90132247515449,1,1,2,2,1,16,60,0,98154,4,0,8
978.3265767485124,186.81136707634624,1,5,0,3,1,10,43,1,43433,1,0,8
,147.10655703335755,0,0,2,3,0,17,34,0,30303,3,0,8
944.3790663948308,,1,3,1,0,1,7,26,0,82640,5,0,8
,166.0325435210836,1,0,2,1,1,3,34,0,72530,5,0,8
864.1894581636474,126.56861632451634,0,3,2,1,0,20,36,1,41273,1,0,8
,,1,5,1,0,0,16,54,0,81278,1,0,8
166.4301252532756,87.69834744184269,1,1,1,3,1,13,56,0,113393,3,0,8
,149.59584898923154,1,0,2,3,1,9,57,1,37373,4,0,8
808.4973982515155,33.28738344261497,1,0,1,1,0,16,60,0,70822,5,0,8
,14.643808662468194,0,1,0,0,0,3,28,0,29230,2,0,8
611.951941421642,,0,0,1,3,1,22,65,1,71962,3,0,8
34.74788285220465,167.17487535388287,1,0,2,1,0,17,64,0,43155,5,0,8
938.4800152542804,140.1639967560625,1,1,1,3,1,1,30,1,53391,3,1,8
918.0552934788692,162.75611557709695,1,5,0,0,0,7,45,0,104372,4,0,8
501.1330018135188,26.12763891018608,1,2,1,3,0,1,27,1,55340,3,0,8
637.604312909706,,1,0,2,3,0,15,61,0,62433,3,0,8
200.9933372781424,,1,5,1,2,1,8,40,0,46737,1,0,8
549.5151245286082,196.68975050300597,0,2,2,0,1,20,48,0,77339,1,0,8
885.7418101845972,146.45447399718358,1,3,2,2,0,6,55,1,99759,1,0,8
131.12999245805167,,0,2,1,3,1,19,48,0,94304,6,0,8
,,0,2,2,2,0,18,36,1,44963,3,0,8
,,1,4,0,2,0,8,27,0,77453,2,0,8
467.1842825200219,116.2291208052946,1,4,2,0,1,17,22,1,55207,5,0,8
299.25950135006394,145.31569068528637,1,0,2,1,0,23,49,1,96847,2,0,8
82.17913689191114,156.93976640177632,0,4,1,1,1,11,42,0,73711,4,0,8
101.82638663273758,,1,0,2,0,0,24,19,1,76627,5,1,8
468.1890238871704,179.00678042148138,1,2,2,1,0,5,40,0,48091,2,0,8
704.2709689367771,154.98363166205468,1,3,2,2,1,5,66,0,83654,3,0,8
881.5426457518864,181.9884441881636,0,2,0,1,1,8,67,1,86496,2,0,8
347.97367517505904,15.759003144893558,0,0,2,0,1,12,62,0,70715,3,1,8
846.0336955363208,70.08603986286597,1,3,2,1,0,9,29,1,30140,5,0,8
333.31656543065503,60.99936241008186,1,5,0,0,0,18,25,0,54728,5,0,8
493.0438898772025,196.5133092239266,0,1,0,3,1,24,37,0,45161,5,0,8
530.215666649907,,1,3,2,2,0,11,34,1,71016,4,0,8
700.9046337502036,64.73506671412197,1,4,2,2,0,21,19,0,61971,3,0,8
83.74942892166382,170.84083634842085,0,0,2,0,1,11,61,0,96966,2,0,8
,,1,4,0,1,0,5,42,1,36145,2,0,8
624.6171330442484,,0,0,0,3,1,21,19,1,58945,1,0,8
,,0,1,1,1,0,21,64,0,46645,2,1,8
585.5913686325737,,1,3,0,2,0,14,37,1,103642,5,0,8
721.0285126868899,143.55529474652755,1,0,1,3,1,12,37,1,78898,2,0,8
,95.6418334906747,1,3,0,0,0,19,66,1,87635,5,0,8
472.50071746185154,22.90269462282657,1,0,0,0,1,10,19,1,99382,5,0,8
700.4436538703836,164.1954083069928,1,0,2,1,0,20,41,0,74326,5,0,8
774.2369361138224,144.43878670358313,1,3,2,0,0,5,26,1,37329,4,0,8
209.53069771702204,31.79936255393001,1,0,2,1,0,21,24,0,53230,3,0,8
925.4598462150516,176.1692678602157,1,1,1,1,0,10,38,1,101344,1,0,8
781.7314830362761,32.15817440685647,1,0,0,1,0,19,51,0,45159,2,0,8
844.7780475555638,168.38390907595448,1,2,2,0,0,18,68,0,97416,1,0,8
457.394670749995,25.635127146799185,1,2,0,0,1,12,49,1,64523,2,0,8
717.1262258408993,26.61540585839721,1,5,1,1,0,3,69,1,95297,5,0,8
,133.060097014352,1,2,0,1,0,15,28,1,87726,2,1,8
295.3018811820245,58.269889750440875,1,2,2,0,0,8,65,0,67662,2,0,8
834.8924795410007,,1,4,0,1,1,15,56,0,86177,5,0,8
993.178779483627,122.800085367587,1,2,0,2,0,23,58,1,53127,5,0,8
,7.5870688860598,1,1,0,1,0,21,43,0,101893,2,0,8
77.37633848991265,122.31798605892752,1,3,2,3,1,8,32,0,65836,4,0,8
,108.41303686387234,1,0,0,2,0,3,42,1,101545,4,0,8
281.57449463158156,166.64622751086804,1,5,1,0,0,11,48,0,40663,1,0,8
64.95485146388636,103.74735186931376,1,0,2,0,1,11,61,1,89016,5,0,8
247.870320540309,127.89330206125877,1,3,0,2,1,12,21,1,51232,1,1,8
121.05886117662068,129.76519722690546,1,1,2,0,1,18,53,1,38223,4,0,8
932.7822567706731,68.53142248326618,1,2,1,0,0,20,67,1,66249,1,0,8
212.27367230990967,,1,4,2,0,0,14,35,0,86330,2,0,8
563.4041895154332,132.6826015533525,1,5,2,0,0,12,63,1,52629,4,1,8
865.3985154174019,,0,4,0,0,1,13,54,1,72940,4,0,8
377.4811847179869,148.52397533509807,1,0,1,0,1,7,39,1,33331,3,0,8
688.6216834218325,,1,5,0,2,1,18,56,0,48929,1,0,8
456.6048598642476,177.0499806147133,0,0,2,3,0,12,27,0,59559,1,0,8
363.766889237436,,1,0,0,1,1,22,26,1,91753,5,0,8
640.2011996662309,47.85098810013106,0,5,2,0,0,17,37,0,43443,5,0,8
34.34707381771407,72.66105501953082,1,4,2,1,1,24,62,0,114628,4,0,8
,132.09655438310696,1,5,0,2,1,5,62,0,87457,4,0,8
83.37834612301687,170.8262787103623,1,0,0,1,1,21,66,1,110198,4,0,8
659.5341096222377,36.56583139132936,1,5,0,0,0,17,61,0,64716,1,0,8
829.3596077346433,151.8690550892484,0,4,2,0,1,1,35,0,100194,5,0,8
452.68189637911195,176.041618954036,1,2,0,2,0,14,37,0,110772,1,0,8
506.4555657103322,60.339867588929664,0,5,0,1,1,11,53,1,97873,2,0,8
691.3001230654431,159.52705645890364,1,4,0,3,0,12,53,0,47850,2,0,8
447.9041598166961,104.51466014504643,1,4,1,2,1,18,18,1,46063,3,0,8
135.91033629596026,,0,5,1,3,1,3,39,1,82090,2,0,8
677.9606779365665,,1,2,0,1,0,20,67,0,99856,4,0,8
813.560166224598,122.91698535507156,1,1,2,0,0,14,31,0,39123,4,0,8
,121.07486348939338,1,5,1,1,0,18,40,0,54018,3,1,8
292.928910607406,,1,2,2,3,0,2,51,1,100193,1,1,8
991.0143221909992,7.751429634629536,1,0,2,1,1,5,39,1,54732,5,0,8
758.3106856120728,,1,4,0,1,0,2,38,1,97437,4,0,8
53.041517269715285,,1,2,0,1,1,21,38,1,74448,3,0,8
933.0886981294504,91.13635631648935,1,0,1,1,1,6,50,1,90077,3,0,8
757.6806183430674,,0,1,0,3,1,11,54,0,37659,2,0,8
785.1856456163281,35.49537704613088,0,2,1,2,0,21,55,0,57659,2,0,8
351.2323428033879,,0,2,2,0,1,5,22,0,78568,5,0,8
487.0729528850687,70.1684281340958,1,5,2,1,1,13,31,1,54278,5,1,8
56.970812602272545,6.776939838797769,1,1,0,3,1,11,40,0,75021,4,0,8
629.340373636322,62.55786506691558,1,2,2,0,0,4,52,1,90545,5,0,8
716.8528473167329,152.84830618890075,1,1,2,2,0,14,19,0,69005,2,0,8
,39.799100299998045,1,3,2,0,1,2,26,1,54435,1,0,8
,30.78890994231824,1,3,2,3,0,15,44,0,86032,1,0,8
908.873748349588,184.51102059918264,0,1,0,1,0,13,25,1,31811,2,0,8
,156.16828822856618,1,5,2,0,1,17,47,0,103592,4,0,8
484.2690291599514,28.888482858575728,1,5,1,3,1,13,61,1,84421,1,1,8
732.0451102197668,,1,0,0,1,0,15,32,0,58287,4,0,8
422.8850793605208,,1,3,0,3,1,18,61,1,41892,2,0,8
,132.95799037511085,1,3,1,0,0,17,20,1,78386,1,0,8
,51.12987771774322,0,4,0,1,1,12,52,0,88868,5,0,8
297.3875251977116,101.56455461844229,0,2,1,3,0,24,69,1,91486,3,0,8
,88.22444682351231,1,2,0,1,1,10,56,1,63659,5,0,8
118.19099428874202,24.293425197143883,1,2,0,1,1,6,49,1,108791,2,0,8
240.46407350411116,,1,4,2,0,0,10,55,1,69295,2,0,8
218.4808935034106,45.76767326206048,1,1,0,2,0,20,66,0,55440,2,0,8
,25.54898396081797,1,3,0,2,0,10,47,0,87517,1,0,8
29.17971281316667,98.85806695428144,1,5,2,2,1,23,25,0,30148,4,0,8
905.8295880774278,84.2230739148728,1,2,2,3,1,9,69,0,84007,5,0,8
454.9615505353164,31.384119800015075,1,0,1,3,1,22,43,0,83736,5,0,8
,116.38992822162008,1,3,2,1,1,22,52,1,96960,3,0,8
705.4352431435098,44.9414841760003,0,0,1,1,0,6,37,1,54167,1,0,8
,101.0299617976275,1,3,0,3,0,6,32,1,54739,2,1,8
166.64516621818748,17.32003343656745,1,0,2,2,0,8,51,1,101491,1,0,8
412.5535854153861,156.87629830074346,1,0,1,0,0,3,65,1,82068,1,0,8
763.2209880453973,116.17402327648772,1,2,2,1,0,21,31,0,60407,1,0,8
579.7815718793906,140.40526025793426,1,4,1,1,1,12,65,0,69822,5,0,8
643.0434822599196,34.45662915204779,1,0,0,2,1,3,49,0,39775,1,0,8
120.4591315439606,,1,5,1,2,0,4,66,0,97403,4,0,8
,33.82528511034912,1,3,0,1,0,14,38,1,35222,4,0,8
243.42393031681152,,1,3,0,2,1,5,62,1,103057,2,0,8
,106.93352223260358,1,4,1,2,0,13,32,1,38960,1,0,8
484.89260932205,122.93502056767932,1,4,1,2,1,13,58,1,81779,4,0,8
710.6761058016673,40.51326272034963,1,2,2,3,0,14,26,0,64295,5,0,8
370.8433789658668,,1,5,0,3,1,17,27,0,57653,5,0,8
378.50296954265104,128.19011511830132,1,1,0,0,0,1,57,0,96108,2,0,8
57.478355595616534,,1,4,1,3,0,22,61,1,83790,4,0,8
652.7171870814769,47.05643040447009,1,0,2,0,0,21,25,0,31385,1,0,8
422.0338796859369,126.74633685797114,1,4,1,0,1,2,31,0,41400,3,0,8
,54.303880207201296,1,5,1,0,0,6,69,0,110039,3,0,8
431.6461560076436,90.3382849865744,1,4,2,2,0,5,56,1,105075,5,0,8
10.82040363873471,,1,2,1,3,1,19,37,1,57823,4,0,8
655.983830656951,199.3313638419725,1,5,2,1,1,1,42,0,75859,3,0,8
,,1,3,0,1,1,8,23,1,36561,1,0,8
698.6853344358802,99.97011147188849,0,4,1,0,0,3,48,1,83575,4,0,8
,93.92795134884528,1,4,2,1,0,2,19,1,35660,5,0,8
15.220959536039524,8.089725731210473,1,3,1,3,0,3,35,0,53119,4,0,8
135.40686328693695,152.50630323875177,1,5,0,3,1,22,23,1,63582,5,0,8
398.84647466667576,132.9060675636783,1,4,1,3,0,24,18,0,51619,5,0,8
52.889499952594065,98.6328003978167,1,0,1,2,1,4,62,0,42852,2,0,8
850.9678546122217,,1,4,1,3,1,19,50,1,95566,5,0,8
629.2124639652361,70.42627128575872,1,4,1,1,1,19,31,1,90526,5,1,8
795.0022707712329,7.42962050252316,1,2,2,3,1,17,41,1,32850,4,0,8
940.0451147668086,46.29787353754917,1,2,2,2,1,14,47,1,98722,2,0,8
689.4838041884344,164.89081302910736,1,1,1,1,0,10,21,0,56969,1,0,8
667.353088277781,45.17417475795127,1,2,2,0,0,24,18,1,75481,6,1,8
596.8347286868433,9.789242155783452,0,3,0,3,0,9,46,1,97081,1,0,8
131.03359563153217,147.59642323150766,0,4,1,2,0,20,66,0,98450,5,0,8
,50.847625093761174,1,0,1,3,0,10,18,0,100767,3,0,8
919.4037916980368,21.72270490163095,0,4,1,1,1,11,62,1,112846,4,0,8
501.7072563409498,138.7041141335291,1,5,2,1,1,13,24,0,99784,3,0,8
,16.504593705841543,1,5,0,1,1,6,50,0,55497,1,0,8
341.89560665745,20.246468067260913,1,5,1,2,1,17,66,0,83444,2,0,8
609.24364805485,178.80169465704222,1,5,0,3,0,20,44,1,57218,3,0,8
283.7484140823683,168.2639374012162,1,4,2,3,1,12,24,1,39440,1,1,8
895.1729996922085,,1,0,2,2,0,23,31,0,47892,1,1,8
,67.59741910896535,1,2,2,2,1,23,68,0,65304,2,0,8
967.8995525502088,118.5648736321536,0,2,2,2,1,7,35,1,33455,5,1,8
41.63755916181322,61.568902581409986,1,4,1,1,0,5,66,0,71498,2,0,8
,,1,1,2,2,1,11,30,1,98370,4,0,8
892.9727246973296,130.48557983839052,1,0,2,1,1,5,29,0,80513,2,0,8
,192.48470540912217,1,0,0,0,0,3,56,1,81729,2,0,8
212.1803892657278,,0,1,1,1,1,3,64,0,44189,3,0,8
,60.010513044858605,1,4,1,1,0,3,37,0,97334,2,0,8
,73.92096422626027,0,1,1,2,0,15,45,1,69036,3,1,8
,115.70433637170343,0,4,2,1,1,6,28,1,82435,4,1,8
685.6100419537757,152.50144851506883,1,4,0,1,0,2,39,1,107125,1,0,8
550.4288198023386,194.13676041869863,1,2,2,3,1,6,45,0,76412,4,0,8
101.25487600201232,26.833342853689544,1,1,2,1,0,4,36,0,73003,5,0,8
270.1807938590887,169.86471293444782,1,0,0,2,0,15,66,1,80173,2,0,8
222.87598857486412,69.72172426891363,1,5,0,1,0,2,69,0,73677,5,0,8
730.8788812391219,76.98046974883572,1,0,1,1,0,1,32,1,98834,1,0,8
,187.66394950029556,1,2,1,3,0,4,18,0,63470,3,0,8
310.04706228215963,35.40227933207063,1,0,1,0,0,22,53,0,106084,5,0,8
26.07283199303212,60.9556783427619,0,3,2,3,1,16,45,1,39444,2,0,8
465.34317306806616,57.081358204301715,1,5,2,1,1,10,50,1,95677,5,0,8
946.7887323206456,25.104392102814764,0,5,1,3,1,23,67,0,76140,3,0,8
630.2906933340684,22.003008182812337,1,0,0,2,0,13,19,1,27609,1,0,8
855.9925060410794,187.06414912737364,1,3,1,0,0,22,38,0,85266,5,0,8
716.7065106664941,,1,0,0,2,0,5,18,0,40309,5,0,8
703.5055052966835,198.08769922170333,0,3,0,1,0,6,65,1,113214,4,0,8
676.1675866802075,36.472623122480606,1,2,0,3,1,5,69,1,43831,3,0,8
925.9831228677806,180.54051385516289,0,2,1,1,0,12,44,1,91558,1,0,8
235.10410363597967,55.24005174653344,1,3,2,3,0,17,44,0,96781,3,0,8
168.28441894099944,52.011554131726825,1,0,1,1,0,3,28,0,83437,3,0,8
,,0,4,0,2,0,22,43,1,36446,1,0,8
69.64285786825374,134.1405193230029,0,4,1,0,1,6,50,0,92553,7,0,8
341.5930934331205,112.63834391299676,1,5,2,2,1,2,47,0,88985,2,0,8
708.140509110394,,0,4,1,0,0,2,66,1,90671,1,0,8
285.50830542184525,158.60908607419665,0,3,0,1,1,2,18,1,55177,3,0,8
,,1,1,2,0,0,24,48,0,51881,3,1,8
608.8241384237527,187.24364131900887,0,3,1,0,0,18,29,0,91228,5,0,8
,,1,5,0,0,0,11,62,1,92125,4,0,8
624.0284033287594,125.2394430544917,1,2,2,3,1,1,22,1,49259,5,0,8
665.9144263854839,76.31112217382663,0,0,1,1,0,23,41,1,59183,5,0,8
918.342655209455,63.974398165105214,1,3,0,3,0,9,69,1,94391,3,0,8
,66.28855710819828,1,3,1,0,0,20,49,1,90477,2,0,8
750.6613431781913,194.4978356673201,1,3,2,1,0,9,37,1,71312,2,0,8
982.6768245434016,34.86695233221304,1,1,0,1,1,16,68,0,114022,4,0,8
409.83432837286495,194.4650185918204,1,3,0,1,0,5,42,1,60436,4,0,8
146.51372266628505,69.26373264344934,1,0,0,2,1,9,52,0,50035,3,0,8
375.2483742803964,15.90153884613732,1,0,2,0,1,7,43,0,86165,2,0,8
,134.39919750279262,1,2,0,0,1,14,25,0,106370,4,0,8
,74.80622402249584,1,0,0,1,1,18,50,0,74185,1,0,8
929.1694945767084,111.28053957265548,1,0,2,2,0,3,35,1,57546,1,0,8
648.0397675016129,,0,0,2,0,0,1,67,0,110028,1,0,8
565.992161525808,30.68581825747152,1,3,2,3,0,19,65,1,63491,3,0,8
200.4687564862523,43.909478000097835,1,4,2,2,0,24,55,1,102701,1,0,8
685.2322246273355,164.77079480134302,1,0,1,3,1,3,28,1,35330,1,0,8
690.4216241589581,58.714448024862655,1,4,2,0,0,11,56,0,60544,1,1,8
,79.24058333826716,1,5,2,0,1,11,33,0,69059,1,0,8
625.0963704162077,128.08899355352582,1,0,1,0,1,5,28,0,70671,3,0,8
162.03702066005144,52.29147086047072,1,1,0,0,0,14,48,0,66466,5,0,8
,84.71227285044162,1,3,2,1,1,9,35,1,53359,4,0,8
150.9527213157712,,1,3,1,1,0,1,48,0,34434,5,0,8
187.90681808324328,174.20402622265226,1,1,0,1,0,2,29,1,98364,3,0,8
909.546356182268,26.361436189753505,1,1,2,0,1,11,35,0,62175,1,0,8
,142.67516892682357,1,3,2,1,1,3,52,1,35731,2,0,8
,68.33233942093828,1,1,2,2,1,5,69,0,56732,1,0,8
335.188051932221,73.4615780471893,1,1,0,3,0,9,26,0,72715,2,0,8
922.730642945169,103.98665709923004,1,1,2,0,1,20,59,1,69020,3,0,8
543.182960386039,16.406453337176053,1,2,1,2,0,13,32,0,72902,6,0,8
311.31754642289354,,1,5,2,0,0,11,39,1,97317,2,0,8
628.7617707350364,,0,2,0,3,0,20,56,1,97636,4,1,8
56.45333491263638,194.70529052641936,1,4,1,1,0,15,23,1,55355,2,0,8
887.9145606892516,49.22618157868585,0,0,2,2,0,11,22,1,67804,4,0,8
284.4247681610972,20.043517492485808,0,3,2,2,1,21,55,1,102850,3,0,8
527.5521206941658,,1,1,2,0,1,4,24,0,67393,1,0,8
641.2201236422328,123.90734953042129,0,0,2,3,0,17,51,0,72103,5,0,8
708.3674703372567,78.30930679519041,1,2,2,3,1,23,39,1,55002,4,0,8
930.4184763572538,109.3879605793071,1,5,2,3,1,24,23,0,99615,3,0,8
185.848153664674,107.85399582771232,1,5,0,3,0,3,22,1,56468,1,0,8
380.61122288616167,16.231459061817688,1,2,1,1,0,24,54,1,99837,3,1,8
91.5520088900822,184.36009406700876,1,2,2,1,0,5,66,1,100082,1,0,8
796.1344714231228,,1,3,2,3,0,12,33,1,33123,2,0,8
338.72686360409756,,1,0,1,1,0,9,24,1,63011,5,0,8
257.7927743746221,,1,2,1,1,1,15,57,0,113094,2,1,8
355.7678368439319,199.79657710394244,1,1,1,3,0,15,41,1,102996,3,0,8
413.0797191668116,154.973638974342,1,0,0,1,0,7,51,0,101644,2,0,8
209.3338525574362,189.47799616713996,1,0,0,1,1,20,28,1,107235,4,0,8
,57.51301776296182,1,5,2,3,1,19,32,1,101188,5,0,8
198.53514498433688,64.76484969431068,1,4,1,3,1,14,28,1,80363,1,0,8
408.00099727727354,,0,4,0,0,1,11,22,0,101388,3,0,8
603.8286965726978,48.0790247550118,1,1,1,0,1,17,33,0,43989,3,0,8
861.2473650408361,66.1938080737308,1,4,1,2,0,17,43,1,40043,1,0,8
602.0989621447898,172.69136259943224,1,3,2,3,0,4,31,0,40620,4,0,8
,26.50343407802984,1,3,0,2,1,22,22,0,93211,4,0,8
149.83180558698183,15.402700191415096,1,0,1,0,0,6,48,1,64651,3,0,8
921.826814800296,176.93842526672185,1,3,0,1,0,23,48,1,36384,2,1,8
824.2460864374232,66.96568252042371,1,5,2,2,0,12,65,0,54850,3,1,8
,46.71347034958375,1,5,0,0,1,12,47,0,111525,2,0,8
291.00254295937646,82.71453518704173,1,0,2,0,0,22,56,1,65251,5,0,8
548.8008795543283,112.80289257829172,1,5,1,3,1,5,37,1,93592,4,0,8
151.47133093741704,150.82708106261072,1,5,2,2,1,18,39,1,32581,8,0,8
,62.66413378271067,1,0,0,0,0,14,32,1,49773,4,1,8
973.1491185235536,,0,2,1,0,0,18,53,1,47625,3,0,8
624.6643890878759,,1,1,1,3,1,15,56,1,107991,1,0,8
,1.8923581848200757,0,1,0,0,0,17,28,0,68938,5,0,8
551.6429587856987,187.1682801388866,1,4,2,1,0,5,20,0,105708,3,1,8
492.00108198300774,172.66699290480165,1,1,1,2,0,17,61,1,38804,4,0,8
393.2083256803364,184.04696297662193,1,0,1,3,0,18,55,0,73770,3,0,8
,,1,5,0,3,1,10,45,1,113321,5,0,8
312.12662354656806,6.404355161489206,1,0,2,1,1,23,36,1,53914,3,0,8
937.825747619342,7.65130411200956,1,2,2,2,1,21,64,1,98045,3,0,8
,129.06537939682642,0,2,0,1,0,10,63,0,40371,1,0,8
,175.91892005733888,1,3,1,1,0,12,28,0,48948,2,0,8
507.8249497326789,,1,0,1,1,1,20,41,0,67339,3,0,8
,87.757415318834,1,2,1,1,1,5,33,0,57266,2,0,8
402.2121523339363,9.481761043382251,1,5,0,0,1,23,52,1,99510,4,0,8
680.4935870243565,59.14286172397847,1,3,1,0,0,13,48,1,88191,3,0,8
263.88907960174237,174.72192143869478,0,2,2,0,1,13,36,1,71918,1,0,8
19.86764565538346,28.368574413122573,1,2,1,3,0,15,65,0,97671,1,0,8
,12.158445641612769,1,1,2,1,1,2,58,0,75459,2,1,8
728.0803387766002,131.97559864765506,1,3,0,1,0,3,22,1,106142,5,0,8
626.1412024071433,29.651405068510073,1,1,1,2,0,3,29,0,88909,4,1,8
132.97021927983766,46.3700736919201,0,3,0,3,1,21,50,1,58635,4,0,8
841.3121640955003,183.88535232653695,1,0,1,3,0,24,28,0,57653,4,0,8
648.7501538819258,,1,2,0,2,0,13,48,1,101238,2,0,8
501.07962734688914,,0,1,0,0,1,10,19,1,66372,3,1,8
703.4817607631961,21.67944541467208,1,5,0,0,1,20,21,0,39045,3,0,8
767.3092437027587,,1,3,2,0,0,21,31,0,64381,2,0,8
858.0235338317492,,1,3,0,3,0,23,36,0,57136,2,0,8
4.377121783222915,185.6767952862163,1,2,2,0,1,23,61,1,91443,1,0,8
863.8946282922024,170.1063931534638,1,3,0,1,0,19,64,0,39845,4,0,8
854.5614434377685,7.090045482013618,1,0,1,2,0,5,42,0,89021,1,0,8
994.0999309139067,196.66388621952248,1,0,0,0,1,24,50,0,80588,2,0,8
517.655361785113,34.63664910497457,0,4,2,0,0,5,34,1,70179,3,0,8
310.3288420898012,,1,2,1,1,1,19,65,0,44630,3,0,8
330.1108064231356,37.26643549414743,1,1,2,2,0,18,20,1,36787,3,0,8
,13.884728874971984,1,3,0,1,1,6,42,1,107463,5,0,8
545.3190132071037,199.39692389447475,0,0,0,3,1,3,22,0,86179,2,0,8
701.6247589541592,177.5210326423219,0,2,0,0,1,23,63,0,82285,2,0,8
552.1026963289089,17.110315480717418,1,1,1,2,0,3,46,1,61991,2,0,8
364.16292144767704,,1,4,1,2,1,20,67,0,65653,4,0,8
462.19400406564125,63.705269462542155,0,0,2,2,1,19,53,1,96516,1,0,8
600.9517481132098,5.368277101342311,1,5,1,3,0,3,18,1,76593,2,0,8
,112.49215327939606,1,4,0,1,0,13,64,1,82369,1,0,8
464.836312351638,116.17693203938896,1,2,1,0,1,9,31,0,95910,3,0,8
422.358798884953,83.09616384326401,1,1,0,1,0,11,50,0,42107,7,0,8
352.5248711812105,,1,4,2,2,0,2,34,1,100265,7,1,8
778.6356143991968,97.82573592274,1,2,1,0,0,15,54,1,55480,4,0,8
609.1579521168112,28.076856061409107,1,2,1,2,0,22,28,1,94567,2,1,8
966.1852666027442,73.06259369623108,1,2,1,2,1,16,51,0,71569,2,0,8
278.6194830561497,48.22172968033907,1,2,1,0,1,4,53,1,65712,5,0,8
347.2145344198215,184.50330473507827,1,2,0,0,1,21,54,0,110255,2,0,8
482.1446939899173,155.8333079421977,1,0,0,0,1,20,44,0,83215,5,0,8
77.59994377123725,3.222624020710052,1,1,1,2,1,18,68,0,99780,1,0,8
304.8577332180592,121.38247511503415,1,5,2,3,1,22,52,1,44352,1,0,8
97.8174260999144,108.82757999055758,1,1,1,2,0,8,40,0,83054,8,0,8
134.81414327369333,,1,5,0,1,0,17,40,1,100872,1,0,8
660.644195900628,93.40572784142242,1,3,2,2,0,20,46,0,48311,2,0,8
725.9665852878429,86.69094409777856,1,0,1,0,0,13,68,0,113487,3,0,8
,,1,0,2,1,0,12,42,0,69648,4,0,8
154.77514322066165,4.349238443314141,1,3,2,2,0,16,39,0,37713,1,0,8
650.6128195376582,,1,1,1,2,0,22,27,0,43605,5,0,8
884.6903374886649,5.20665803953666,1,5,0,3,0,16,30,1,53802,3,0,8
108.26856530669592,115.6346875189401,1,1,0,1,0,4,38,1,89014,1,0,8
318.4625531240076,,1,4,2,1,1,19,53,1,90387,1,0,8
718.8866113420389,77.08891095582212,1,2,0,3,0,4,65,0,96367,2,0,8
599.3955378854245,87.34748197540256,1,3,1,2,0,23,36,1,36274,5,0,8
423.0681664917689,121.42882939082055,0,2,1,3,0,5,50,1,42545,3,0,8
388.7069315503985,,1,5,1,1,1,10,20,1,55821,1,0,8
,134.96261334297418,1,1,2,3,1,24,25,1,102547,3,0,8
,158.7669245482872,1,4,0,0,1,14,65,1,73842,2,0,8
128.7778184993098,77.38769234971224,1,5,0,0,1,6,38,1,82041,2,0,8
380.0432018276882,84.38678667806994,1,3,2,3,1,16,18,0,55234,1,1,8
978.8838978911812,82.270892233352,1,4,0,2,0,14,59,1,49169,1,0,8
50.756997162108355,40.55976703588095,1,0,2,1,0,8,36,0,102260,4,1,8
,,1,3,2,3,0,11,27,0,41129,4,0,8
996.188966735026,111.9497286007166,1,0,1,2,0,7,44,0,83803,1,0,8
711.7396424923558,,1,5,0,2,0,4,27,0,80702,5,1,8
430.8277341291586,,1,3,1,1,0,23,23,1,103029,3,0,8
476.8882167601419,106.4375765009428,1,0,2,0,1,12,68,0,113201,1,0,8
474.98755900345344,49.08361746429015,1,2,0,2,1,13,21,0,101164,1,0,8
540.5847510392252,47.11224352985302,1,3,0,1,0,9,65,1,88889,3,0,8
703.4037093340345,,1,3,1,1,1,5,54,0,98014,2,0,8
10.200773554808972,3.738762570459419,0,4,2,2,0,19,57,0,86246,1,0,8
,144.1543677256607,0,5,1,2,0,23,64,1,62903,2,1,8
751.6554650033962,116.9719853684334,1,5,2,1,0,16,58,0,107143,3,0,8
577.3624274453402,51.934414811378346,0,1,1,0,0,21,65,1,114219,5,0,8
997.4949517727736,175.09426273920553,1,2,1,2,1,15,66,0,110047,5,0,8
181.538949313083,,1,2,0,2,1,17,55,1,111886,1,0,8
412.40873786733914,190.88372981371216,0,5,2,1,0,5,45,1,102275,5,0,8
,,1,2,0,2,1,8,56,0,77885,3,0,8
541.6582054772698,,1,1,0,3,1,4,54,1,36226,3,0,8
735.0983060014828,196.10519662116135,1,4,0,1,0,10,21,0,85960,5,0,8
,,1,2,1,3,0,23,31,1,53745,4,0,8
653.5650970917609,105.21409201481892,1,4,1,3,0,13,27,0,106597,1,0,8
200.51418410352463,74.14744305359015,1,0,0,2,1,13,55,1,43569,4,0,8
402.8603951311832,120.54664548408954,1,5,1,1,1,8,51,0,85550,3,0,8
162.11840799296306,,1,2,1,3,1,23,20,0,31599,3,0,8
387.36598489389615,,0,3,0,1,1,9,37,0,63447,1,0,8
183.49735870536276,163.7721443573069,1,5,2,1,1,24,57,0,41711,1,0,8
285.79463106915404,128.04111288087572,1,2,0,0,0,20,62,0,92577,3,0,8
328.5596977887718,102.963833011851,0,3,2,0,1,9,49,0,90088,4,0,8
776.7521289548571,54.0928726291372,1,0,1,0,0,17,56,0,77269,5,0,8
756.5344180249375,21.9090449664628,1,5,2,2,1,10,61,1,72600,3,0,8
868.7527941948015,190.24236646553643,1,2,2,1,0,21,28,0,52639,5,0,8
184.17133619900127,74.93395088343706,1,2,2,3,1,21,68,0,55136,4,0,8
78.751474824298,,1,5,2,1,1,22,18,0,97143,1,0,8
,91.8374575055632,0,1,0,0,1,8,43,1,74128,4,0,8
360.5522049598526,,1,3,1,0,0,3,42,0,65306,1,0,8
850.3620827527612,180.34303749106616,1,3,2,1,1,12,60,1,40505,3,0,8
457.18143294159097,141.17330629289654,1,0,1,0,1,16,33,0,92328,5,0,8
433.0303868276139,26.41865518995847,0,0,2,1,0,13,56,0,43164,3,0,8
820.2649131683634,95.883990628419,1,2,0,1,0,22,36,1,70091,3,1,8
799.9733460969973,187.39786528299769,0,4,2,1,0,24,18,1,80248,3,0,8
406.06093557820986,163.46770387895876,1,5,0,1,0,23,33,0,74321,3,0,8
,61.2120668200911,1,1,0,0,0,23,23,0,33751,2,0,8
625.6033537669653,160.4618807030122,1,0,1,2,1,1,62,0,38606,5,0,8
584.4387219849624,4.418916973536802,1,3,2,3,0,6,21,1,88498,4,0,8
955.15215885434,158.65298415587145,1,0,2,1,0,9,59,1,45117,3,0,8
641.3531181659323,163.14301391904854,1,5,0,1,1,10,30,0,66241,2,0,8
112.29536107126223,102.445181316535,1,2,2,1,0,11,49,0,106510,4,0,8
707.3086320920912,3.6991612851636546,1,4,0,0,0,23,29,1,91776,5,0,8
943.6660237345492,52.42439053011913,1,4,2,3,1,20,24,0,85402,3,0,8
475.08029326203814,111.91936738561222,1,0,0,1,1,13,66,1,96690,4,0,8
406.8459574884133,79.27414592550488,0,1,0,2,0,20,23,1,78249,4,1,8
525.0702338574805,,1,3,1,3,0,14,64,0,98387,4,0,8
669.029827095357,,1,5,1,1,1,15,22,0,98940,5,0,8
825.7474794662818,53.383812744921585,1,5,2,0,0,16,52,0,110399,4,0,8
910.732344710952,41.33421654310874,1,2,1,2,1,12,24,0,98499,2,0,8
579.952495563085,133.4281447475928,1,4,1,3,1,19,61,0,115097,6,0,8
895.6649260439879,148.49338086826606,1,0,2,3,0,9,33,0,58785,4,0,8
642.4299500732242,,0,0,2,3,1,15,42,1,60854,6,0,8
757.145994686299,,0,4,1,2,1,21,19,1,73780,2,0,8
,,1,1,0,1,1,9,29,0,76644,5,0,8
,189.6518520096174,0,4,0,3,0,4,63,0,47274,4,0,8
472.3888051382427,,1,2,0,1,0,11,69,0,103886,2,1,8
,166.23167177149972,1,0,0,1,1,3,57,0,98955,1,0,8
742.8117652085687,166.83948493226262,1,3,2,1,0,5,37,1,84938,3,0,8
,97.2731976953882,1,2,0,3,0,23,37,0,84123,3,0,8
56.6905958913958,,1,2,2,2,1,4,68,0,111940,3,0,8
62.8216121619829,115.54572881332189,0,1,2,0,1,21,48,0,60937,1,0,8
338.7264785577526,91.6061601680654,0,3,1,0,1,9,23,1,105456,2,1,8
880.3823007920141,74.60636269378381,1,5,2,0,1,14,62,1,104861,1,0,8
,115.82340968644394,1,3,1,0,1,7,65,1,87402,2,0,8
,33.329587298239716,1,0,0,2,0,12,63,0,62771,2,0,8
710.7709646149397,6.1619950978247795,1,0,2,0,1,9,25,0,101903,3,0,8
728.3874039196409,146.9775203936207,1,5,0,0,0,18,23,1,69029,4,0,8
864.5398935512252,135.97309202964271,1,0,2,2,1,11,64,0,110931,4,0,8
151.0875488676945,15.619021885730922,0,3,2,3,1,1,31,1,94800,4,0,8
86.2356647720961,107.87735642456254,1,0,1,2,1,11,41,1,73534,3,0,8
170.12849740657708,161.04061805836474,1,0,2,0,1,7,30,0,100022,4,0,8
882.2477734762588,,0,0,2,0,0,21,28,1,100954,1,0,8
451.7941377178991,183.71347403764025,0,0,1,1,1,21,48,1,62072,5,1,8
760.750046580391,80.57799666165246,1,5,0,0,0,9,48,0,80343,2,0,8
,9.888212310308298,1,3,1,1,0,18,58,1,66073,8,0,8
932.7413249747752,78.82283834524169,0,2,2,1,0,23,57,1,66816,1,0,8
361.19461287677103,78.77285113279784,1,1,2,3,1,7,68,1,60730,1,0,8
432.35935696227335,114.42019191183472,1,5,2,0,0,7,31,0,55926,5,0,8
835.5009148795784,176.53044199913984,1,2,0,0,0,20,20,0,84681,5,0,8
994.6122732184976,88.53569655868101,1,3,2,1,0,3,24,0,57068,5,0,8
,4.938679056760797,1,2,0,3,0,5,35,1,101275,3,0,8
,,1,1,2,3,0,9,28,0,73705,3,0,8
221.3407714585144,18.615603397135377,1,1,0,0,0,13,45,0,36988,1,1,8
36.79230610615469,166.9082126152925,1,0,2,1,1,6,45,0,80094,5,0,8
130.35216333751765,112.37043680374056,1,0,1,2,0,5,40,0,57191,5,0,8
248.16974972683215,155.75032969533308,1,5,0,1,1,22,55,1,59261,5,0,8
548.5719594645253,195.33156716639783,1,5,1,0,1,8,37,0,58983,8,0,8
293.5377887114852,50.2640735971061,1,3,0,0,0,2,54,1,57390,3,0,8
906.8259268095578,,1,5,0,1,1,22,32,1,52516,2,0,8
216.2122885142399,195.07600214193224,1,1,2,2,1,24,19,0,76253,3,0,8
821.4493553935488,199.63783556708935,1,2,0,1,1,19,31,1,92175,2,0,8
,169.94278696180635,1,2,0,3,0,10,51,0,58540,4,0,8
,,1,1,0,0,0,20,20,0,55503,2,0,8
551.556240316362,198.59850281352817,1,4,1,0,0,23,33,1,105696,3,0,8
767.0446820378041,178.7970518918115,1,4,2,0,0,23,45,1,112420,1,1,8
944.3988173482876,192.4891941725582,1,2,0,3,1,4,43,1,69541,1,0,8
597.5424129226103,132.0393577358362,1,3,2,0,0,13,48,1,41804,4,1,8
47.6892478730816,160.42084208855553,1,2,2,3,0,20,24,1,43949,1,0,8
298.7944184978288,69.03254709274034,1,4,2,2,1,18,66,1,87413,2,0,8
,194.3604699066531,0,5,2,2,1,3,52,0,47498,5,0,8
532.8774700147321,55.76254676112094,0,2,2,0,1,19,54,1,85153,4,0,8
740.0249984129458,,1,3,1,2,1,13,48,0,113685,3,0,8
,88.94691307185056,0,4,0,3,1,14,58,1,41817,3,0,8
,186.0008596236523,1,4,0,0,1,3,69,0,60988,1,1,8
54.41814355715291,191.93539718156313,1,5,1,1,0,14,52,0,98232,1,0,8
,124.85702727347892,1,2,1,3,1,21,32,1,78685,1,1,8
596.9551578288185,88.10740076701147,1,1,0,2,0,9,22,1,62703,2,0,8
127.83139026519008,72.64590915002817,1,3,0,2,0,14,27,1,45131,2,0,8
174.25296606204853,102.30402437149569,1,0,2,1,1,10,66,0,114327,4,0,8
,80.67129526927958,1,3,0,2,0,11,53,0,114602,4,0,8
197.84751569745052,123.47882225108178,0,4,2,1,0,9,39,1,102172,3,1,8
858.8421679328716,7.286372963230048,1,2,1,2,1,11,23,0,105559,3,1,8
,92.72423751399126,0,5,2,1,1,5,32,1,54211,4,0,8
906.005627983975,135.93248410759162,1,4,2,3,0,15,51,0,88914,4,0,8
,,0,4,0,1,0,18,36,1,43185,6,0,8
94.04198671729114,25.992158640302023,0,3,1,2,1,12,55,0,39944,4,0,8
15.49028043529821,46.86734917644988,1,0,1,0,0,2,54,0,54220,4,0,8
696.3016590843179,44.00046250616081,1,1,1,3,1,24,36,0,39071,2,1,8
454.0390927126355,169.75169473040287,1,5,1,2,1,21,48,1,62196,4,0,8
481.8642394779183,122.38744920175644,1,4,1,0,1,11,33,1,51102,4,0,8
,48.48390617267333,1,3,0,3,0,18,52,0,59276,4,0,8
489.7824877106549,100.80649136443864,0,4,0,0,1,8,69,1,87942,1,0,8
617.8636276420481,180.14326604500533,1,0,2,2,0,23,29,1,72206,3,0,8
374.27519099381135,192.3908367423163,1,3,1,0,0,19,23,1,44839,3,0,9
876.6147260011957,114.16155811416138,1,3,1,2,0,15,25,0,30177,5,0,9
,165.73916505687706,1,3,1,2,0,16,67,1,89813,3,0,9
547.2698994206094,62.99681342096406,1,5,1,3,0,15,41,1,61563,5,0,9
670.5298661741126,150.62919950789285,1,0,2,0,0,15,69,0,46066,5,0,9
32.72207957300943,,1,2,0,3,1,2,69,1,99569,1,0,9
335.318003541068,139.8201882617915,1,3,2,0,0,8,61,0,106225,5,0,9
306.69255632019633,57.45716613859375,1,3,2,2,1,15,52,1,104236,1,0,9
608.1871246772866,64.63779479943801,1,5,1,0,1,24,23,1,53261,1,0,9
689.3467591246398,199.1116680726924,1,0,2,1,1,24,63,0,102935,3,0,9
21.10270909585776,197.15243971706093,1,0,2,1,1,24,38,1,88406,3,0,9
,29.583775625364986,1,2,0,1,0,20,21,0,93389,1,1,9
878.5164573416163,66.90716325740034,1,3,1,2,1,5,67,0,71716,3,0,9
115.3460163233857,,1,4,1,3,1,14,29,1,56001,4,1,9
159.74492742252266,161.4802420629761,1,3,2,1,1,6,38,0,106938,2,0,9
,,1,5,2,0,1,16,59,1,108606,3,0,9
884.0402336495329,65.49976642398549,1,4,0,2,1,5,44,1,100445,2,0,9
50.63353234815937,,0,5,1,3,0,23,61,0,60724,3,0,9
484.3979066477566,109.37616899150352,1,3,1,2,0,8,49,1,55837,3,0,9
,141.59733365796393,1,3,2,0,0,16,36,0,97244,2,0,9
332.4002421610006,139.33734599122698,0,0,2,2,1,7,60,1,97189,4,0,9
921.7761799157676,21.535128500422697,0,1,0,0,1,13,37,1,34262,4,0,9
552.3391983417869,198.1434263798012,1,4,1,1,0,10,54,0,62497,5,0,9
387.61038842678,135.44380966557307,1,0,0,3,0,10,69,1,89659,3,0,9
842.2401434873805,93.57781018284795,1,0,0,2,0,20,66,1,40354,5,0,9
840.7323663068263,6.792827983722738,1,3,1,3,0,9,63,0,50637,5,0,9
79.70832268348194,166.24678237515673,0,5,2,1,1,11,63,0,92760,1,0,9
803.6476582263679,2.4214748172895373,1,4,0,3,1,17,32,1,42143,2,0,9
377.1260941943124,124.61091969440794,1,4,2,1,1,3,57,0,65906,5,1,9
424.95919413406625,43.449136343701575,1,4,2,1,0,21,50,1,41246,2,0,9
760.2714031699658,176.00909856788937,1,2,1,0,0,6,33,0,60696,3,0,9
,13.041249693672595,1,0,1,0,0,7,31,1,49526,1,0,9
186.99419775046167,173.6600058151164,1,5,0,3,0,13,64,1,44717,3,0,9
289.1355965660851,53.19110246624293,1,2,1,1,0,7,52,1,76631,2,0,9
192.27956208648655,82.31496244729006,1,2,2,2,1,10,37,0,50845,4,0,9
476.40206794017905,182.96410026854335,0,1,2,3,0,4,60,0,94734,5,0,9
903.455735867636,177.59430392697246,1,2,1,3,1,17,43,0,47461,2,0,9
748.9084433418626,172.30806683754253,1,5,0,2,1,11,65,0,86447,5,0,9
,136.45195873602665,1,1,1,2,0,3,58,0,63316,1,0,9
132.59531312161366,33.09931512951445,1,2,0,2,0,1,20,0,80522,4,0,9
617.0753658421654,28.144483851696876,1,1,0,0,0,24,34,1,85756,2,0,9
955.979327493084,,1,4,1,3,0,9,35,1,109577,3,0,9
803.1678954519658,81.32081474899351,0,5,1,3,1,23,65,1,107020,3,1,9
75.21380610121075,,1,4,1,1,1,21,68,1,111520,2,0,9
253.54661639411543,138.65579340979428,1,3,1,3,0,6,46,0,72253,2,0,9
,117.48070876859389,1,1,2,1,0,23,43,0,75471,2,0,9
554.1948957925196,167.98767287124898,1,0,2,1,0,11,20,1,95959,3,0,9
483.69989095741937,,1,2,0,1,0,18,35,0,57040,1,0,9
908.7388849760268,169.7590147245494,0,0,1,0,0,6,49,1,107137,1,0,9
81.90060023714052,68.74509302404618,1,5,0,1,0,2,58,0,96661,1,0,9
336.51573711139736,125.07252972286574,1,2,1,0,0,1,40,1,100849,4,0,9
,62.32556335636057,1,1,0,2,0,17,63,0,61165,5,0,9
764.6461440493773,115.50752749079484,0,1,2,1,1,20,41,0,65133,3,0,9
747.1709476668888,187.0285557249666,1,4,1,2,0,11,54,0,56042,3,0,9
,58.93890265723381,1,5,0,0,1,4,65,0,90988,5,0,9
17.615684263005416,,0,3,1,0,1,19,39,1,31807,1,0,9
819.9511027556377,142.88805021187102,1,4,0,3,0,10,60,1,69786,3,0,9
480.3118453713016,137.80617703986857,1,5,2,1,0,9,63,1,79718,5,0,9
743.9885560918675,,1,2,1,0,0,9,36,1,48973,3,0,9
,182.84350319898752,1,4,0,3,1,20,25,1,29477,4,0,9
536.3507441278408,92.13635635127385,1,4,2,3,0,3,60,0,83530,2,0,9
743.2241891129594,170.2739506733122,1,0,0,3,0,8,42,1,85652,1,0,9
312.3367152796631,85.80996723505623,1,4,0,0,0,15,52,0,71905,2,0,9
174.4572105909473,124.64639970543335,0,0,1,2,0,11,62,0,92813,4,0,9
522.6157908746036,67.79218011441553,1,1,1,0,1,17,28,0,84109,7,0,9
,,1,5,0,1,1,12,45,0,109210,3,0,9
471.7282748449593,122.4133451056482,1,4,2,3,0,9,57,1,85720,5,0,9
,116.71867941469768,1,2,1,1,0,7,46,0,75877,1,1,9
300.50205516279226,111.65271471575552,1,0,0,0,0,18,58,1,84082,4,0,9
905.794650151974,21.720047583694104,1,2,0,0,0,12,48,1,63567,2,0,9
189.5179054524424,83.30715783311263,1,2,1,3,0,15,35,0,38520,1,0,9
466.3986341742987,95.2885317729556,1,5,0,1,0,23,20,1,61034,3,0,9
,168.7890885071934,0,2,0,2,0,23,25,1,71265,8,0,9
,168.85484270320217,0,1,1,3,0,14,24,0,68805,2,0,9
590.9966534481259,,0,0,2,1,0,6,25,1,40798,3,0,9
,,1,4,2,0,1,3,47,1,39028,1,0,9
480.6564012759064,26.85849582773905,1,5,0,2,0,19,19,0,104469,2,1,9
475.8782051785407,50.707479266172115,1,5,0,1,1,20,37,0,72345,2,0,9
896.6190126009041,146.94152504567808,1,3,0,3,0,18,48,0,83191,3,0,9
929.2325879621628,93.2084037613581,1,0,1,2,1,18,43,0,93382,5,0,9
783.700504670872,105.31179326671678,1,3,1,2,0,19,50,1,67780,2,0,9
720.660363395515,,1,4,0,2,0,10,43,0,61786,3,0,9
563.8095556865544,133.03840126286704,1,2,1,2,1,21,57,0,43108,4,0,9
4.314859762639123,28.62567411263228,1,3,2,1,1,12,40,1,110667,2,0,9
,4.924831733405033,1,1,2,2,1,20,46,1,40154,3,0,9
78.96169033391054,38.46078163957587,1,4,0,1,1,6,27,1,107894,1,0,9
,75.99232143376027,0,1,1,0,0,1,25,1,60980,3,0,9
603.8951936348312,131.6218702491132,1,0,0,0,1,6,58,1,113674,1,0,9
512.5906111098259,28.561333271057055,0,3,0,3,1,21,24,1,88274,2,0,9
753.8500240035781,,1,3,0,0,1,20,44,0,112231,5,1,9
97.28065032474676,,0,1,0,0,0,9,64,0,113404,1,0,9
167.88471707352969,132.23411451184842,0,0,2,0,1,6,24,1,57694,1,0,9
33.085590166540335,117.5769558998274,1,0,0,1,0,24,30,1,95492,4,1,9
364.71056441397633,143.61962253455604,0,0,1,1,0,23,69,0,71972,4,0,9
141.9410229147149,6.419973507291132,1,1,2,1,1,3,51,0,96726,1,0,9
787.2493462530083,22.64319011495326,1,3,1,1,1,22,29,0,107362,2,0,9
387.93026716699785,132.02444164089758,1,4,2,3,0,3,32,1,82311,5,0,9
538.6935593371772,183.16158727220173,1,2,2,0,1,22,59,0,107616,3,0,9
992.310064049513,133.83809760190655,1,3,1,2,1,5,54,1,88397,1,0,9
456.33844945061895,113.91861054277874,1,1,1,3,0,18,68,0,105017,5,0,9
,46.67697459190676,1,2,2,3,0,1,62,0,48139,3,0,9
,155.81673664677024,1,5,0,3,0,21,31,1,30494,2,0,9
244.90208798729884,146.33098588642432,1,5,0,0,1,22,56,0,53214,2,0,9
,19.46205264590073,1,0,2,1,0,11,23,0,87897,2,0,9
563.368977619831,,0,4,1,1,0,24,63,0,91360,4,1,9
954.1219518113312,30.28106532227126,1,3,2,3,1,8,35,0,78133,2,0,9
901.5599639822042,151.132305523394,1,0,1,1,0,16,21,1,76745,5,0,9
,141.11949285668277,1,0,2,3,0,10,30,1,38092,2,0,9
901.6114654392512,180.25335906992905,1,0,2,0,0,23,22,0,90409,5,0,9
821.760322977983,,1,1,1,3,1,20,56,1,72689,4,0,9
281.4439204089718,86.19834842220449,1,3,2,2,1,21,63,0,54419,2,0,9
,,1,0,2,0,0,2,69,1,80624,3,0,9
319.6317042114335,174.97711875240233,1,1,2,0,1,10,21,1,40665,2,0,9
833.73009571613,,1,3,0,0,1,17,55,0,88156,2,0,9
448.5459873007435,66.67168668655339,1,2,0,1,1,7,50,0,54908,1,0,9
76.70959714024828,,1,3,0,1,1,4,27,0,84255,4,0,9
43.17064055283615,181.83964091789176,1,2,2,0,1,6,22,0,78278,2,1,9
,85.70297690227837,1,1,0,2,1,15,53,0,90344,3,0,9
116.34978913101446,33.44221309305928,1,2,1,1,1,23,63,1,56603,2,1,9
732.6983818504011,,1,4,2,2,1,1,57,0,99423,5,0,9
192.2793174662335,,1,0,0,0,0,12,47,1,34856,5,0,9
,90.1964018848594,0,5,2,0,0,7,32,0,92943,5,0,9
177.07503915545152,,1,2,1,1,1,16,22,1,102208,3,0,9
53.81410127440744,124.19241646231222,0,3,2,1,1,22,28,0,71057,2,0,9
931.3253527768862,137.39967170620127,1,1,1,3,1,22,52,1,77987,4,0,9
81.2075546205222,31.77101782903464,1,3,1,3,0,9,37,0,51377,4,1,9
,,1,1,0,0,1,10,56,0,68719,1,0,9
25.71669516083841,168.2639333134144,1,5,2,1,1,22,21,0,90654,2,0,9
400.8434852973536,0.9903371672499884,1,4,1,1,0,18,61,1,97502,4,0,9
715.6936076716387,122.82317618903534,1,2,2,3,1,15,63,1,92777,4,1,9
297.95212983129846,142.83400413988565,1,2,1,2,0,11,43,0,35522,2,0,9
521.3423305034885,186.94831985144492,1,3,1,0,1,22,62,0,113546,4,0,9
,8.832983105477332,1,5,1,2,0,22,54,0,58198,4,0,9
744.455757620967,15.803434978339158,0,2,1,2,1,9,32,1,60537,5,0,9
438.4166555008012,80.77459510796689,1,4,0,0,1,21,21,0,80067,3,0,9
859.8490510358891,157.1209029406162,1,4,1,2,0,11,59,0,72788,2,0,9
565.2101856611249,53.234806640138046,1,5,1,3,0,6,33,1,37350,3,0,9
397.99610297186194,112.53189010996957,1,0,1,2,1,10,21,1,35418,2,0,9
163.89415393331885,81.32267308999468,0,2,0,0,0,13,30,1,68489,3,0,9
972.603396071612,54.876394718094645,0,4,1,1,1,3,46,0,54515,5,0,9
595.3075955715989,184.01599353865117,1,5,2,2,1,6,60,1,38645,2,0,9
794.3080178711245,76.88273625823014,1,0,2,0,0,8,53,0,89996,5,0,9
517.9117290039161,10.327582252745504,1,5,0,3,0,2,52,1,57544,1,0,9
946.5073608928708,58.3475957991046,1,1,1,2,1,18,35,0,104030,3,0,9
,14.760600411532732,1,2,0,2,1,13,61,0,51595,1,0,9
,,0,4,1,3,1,24,50,1,71025,5,0,9
217.31245951043564,159.366877135715,1,0,1,3,1,5,37,1,68568,2,0,9
414.187669490648,82.57592072704503,0,1,0,3,0,20,32,0,42384,2,0,9
592.0559604180467,26.087708688455603,1,2,0,3,1,5,52,0,107631,4,0,9
928.300035578734,,1,2,0,0,1,1,67,0,48670,5,1,9
,60.56702918576189,1,3,2,3,0,1,34,0,107417,5,0,9
490.0601139029861,29.862828231765914,1,3,0,2,0,19,52,0,65229,4,0,9
59.57820885463927,90.66427186877488,1,4,1,2,1,3,20,1,51897,1,0,9
480.087944032217,115.7616716126522,1,1,0,0,1,10,35,1,76279,5,0,9
630.4147320613495,,1,4,1,1,0,14,48,1,110778,5,0,9
14.550466239122816,,1,1,2,3,1,11,32,1,59438,5,0,9
453.0173825115599,,1,2,2,3,0,13,28,0,64527,4,0,9
,139.06205366998623,1,1,2,1,1,4,47,1,91943,3,0,9
,6.243976988081146,1,0,0,2,0,4,62,0,80473,5,1,9
,13.076485645651005,1,3,0,3,0,23,49,1,89661,3,0,9
913.2332177034692,77.59925484319143,0,2,2,3,1,16,36,0,90318,1,0,9
360.4190308323329,184.6371409356578,0,0,2,2,0,6,55,1,53465,3,0,9
711.8614277856693,118.81753464038655,1,1,1,1,0,3,66,1,50922,3,0,9
,,1,4,1,0,0,3,43,1,68329,2,0,9
89.867045958821,109.28993763802116,1,5,1,0,0,10,62,1,91626,1,0,9
38.33988767058927,180.54918564473184,1,1,0,3,1,2,59,1,99565,2,0,9
,192.61308504721177,1,1,1,3,0,24,39,0,41827,5,0,9
40.85265541951954,122.05579756835644,1,6,1,2,0,24,41,1,110860,3,0,9
398.28212547969457,152.46168008548213,1,2,0,3,1,23,33,1,71985,2,0,9
,149.87205242760834,1,5,2,0,1,19,48,0,98604,4,1,9
,55.9898216983387,1,5,2,3,1,7,61,1,51069,1,0,9
404.299385693781,96.55953482601534,1,4,0,0,0,15,27,0,91768,5,0,9
404.8992403940511,22.57666760318948,1,2,1,2,1,20,33,1,109219,8,1,9
653.1151837072762,54.77898879058731,1,0,2,3,0,23,34,1,75021,1,0,9
,66.45172353024054,0,3,2,0,0,15,29,0,39206,3,0,9
,180.56334402116755,1,3,0,2,0,1,20,0,60497,6,0,9
639.9646255927112,,1,3,2,2,1,9,63,0,114333,1,0,9
364.93361671295486,102.52098239994294,1,0,2,0,0,15,18,0,79519,1,0,9
552.4143342433111,62.74633565018477,1,1,1,1,0,8,28,0,56713,5,0,9
417.72222059325327,,1,0,2,1,0,4,67,1,48458,6,0,9
561.3728128944913,,1,5,1,0,0,12,50,1,100007,5,0,9
974.9384929784134,36.441473565684255,1,1,2,3,1,5,25,1,98121,1,0,9
,199.10225756156427,1,0,2,0,1,19,52,0,81641,1,0,9
479.5976475320733,,1,1,1,1,1,6,52,1,72137,2,1,9
768.7711147552989,52.71827581044397,0,5,1,2,1,22,26,0,57205,5,0,9
830.3371891652545,79.73627154325764,1,3,1,3,0,23,18,1,41411,3,0,9
970.330464978344,194.93235663673877,0,3,1,3,0,13,63,0,114627,5,0,9
137.56641274144832,136.71598599148896,1,0,1,0,1,15,46,0,36955,4,0,9
665.8543747776895,90.4839570973656,1,1,1,3,1,21,50,1,52212,5,0,9
,33.28883275120058,0,5,2,0,0,22,45,1,34876,5,0,9
132.033664240081,194.74599100979012,1,1,1,2,1,1,56,0,78139,4,0,9
543.8485187479376,35.09123063130439,1,1,2,1,1,24,36,0,77689,5,1,9
84.5545746913029,3.518689575652867,1,0,2,3,1,16,25,1,67795,1,0,9
,,1,3,0,3,0,21,45,1,105461,4,0,9
479.06578721148105,70.4884074187789,0,4,1,1,0,12,45,0,59178,3,0,9
557.7158671827641,124.33292642988778,1,2,1,2,0,23,36,0,94574,1,0,9
604.5730613415257,,1,5,1,1,0,1,39,1,109320,3,0,9
53.142564264772155,35.67688609951334,1,1,0,0,0,3,43,0,46528,1,0,9
99.79889050493551,112.78834375579984,1,0,2,1,1,10,57,1,62307,1,0,9
412.85575276547235,,1,5,0,1,1,24,46,0,94707,2,0,9
,40.41258976294675,1,4,0,2,1,9,68,0,66457,4,0,9
241.34996184453615,117.5747016653965,1,1,0,1,1,6,55,1,87115,5,0,9
975.9676950897094,160.29551143403816,1,3,1,3,1,19,53,0,61928,1,0,9
220.58463536393924,,1,3,1,2,0,3,52,0,77654,5,0,9
659.0206209720067,23.77892368008496,1,1,0,1,1,8,34,1,97906,5,1,9
,,0,0,1,0,1,16,44,0,76475,1,0,9
88.04518201080836,19.90698768746142,0,4,1,1,0,9,51,0,44166,3,0,9
,182.5482061467631,0,0,1,0,1,21,21,0,64292,3,1,9
906.262422097254,167.55261466202452,1,1,0,3,1,6,24,1,60032,1,0,9
389.771804048193,12.631840420019593,1,2,0,1,1,14,24,1,103394,2,0,9
381.43173313594514,,0,1,2,3,1,2,39,1,105046,2,0,9
,127.701905434505,1,2,2,1,1,16,42,0,58993,5,0,9
155.5879749125869,75.12379598180804,0,3,2,0,1,6,48,1,47495,5,0,9
998.4160086479268,104.61408687491492,1,2,2,3,0,7,66,1,44269,5,0,9
545.4673974136763,132.92179131823227,0,1,2,3,1,14,53,1,56112,3,0,9
,154.51694311134798,1,4,0,3,1,14,66,1,111538,4,0,9
351.0942134170373,47.10818640057941,1,3,1,2,0,14,65,1,75840,1,0,9
886.3480733042388,80.76174316735765,1,5,0,1,0,24,24,0,98720,5,0,9
761.9199706253173,189.03390777663063,1,0,0,1,1,9,23,0,29700,4,0,9
6.49196736880131,27.495041549415955,1,0,2,1,0,1,27,1,85775,2,0,9
,,0,3,0,3,0,1,21,0,63201,3,0,9
,22.927413631287497,0,1,0,0,0,5,36,1,50162,2,0,9
,33.30204352180321,1,0,2,2,0,6,32,1,108909,5,0,9
,86.814595005718,0,0,2,0,1,23,50,1,85198,3,0,9
674.0992352254169,95.96704922472018,1,5,2,2,1,19,56,1,76592,4,0,9
680.459934902618,24.283805735655623,1,0,1,2,1,2,29,1,93269,3,1,9
,89.22012561127653,0,5,2,3,0,20,63,0,58013,2,0,9
621.1848542850466,50.81398915920359,0,5,0,2,0,20,64,1,54489,4,0,9
73.22645886267843,112.01632993117832,1,3,1,3,1,11,39,1,38472,2,0,9
809.4120542156294,190.65140955738295,1,0,2,1,1,8,65,0,104093,4,0,9
197.3994909435496,116.1748930827,1,3,2,3,0,21,57,0,107308,3,0,9
249.92195796455977,43.91314690558381,1,2,2,0,0,5,54,0,56112,2,0,9
,15.706476105617195,1,1,2,0,1,2,27,1,91355,2,0,9
409.30970789628066,181.95732835433213,1,1,1,1,1,6,64,1,40981,5,0,9
120.3484995094054,,1,3,0,1,1,23,59,1,54642,2,0,9
120.73357151810303,145.89917186682604,1,1,1,0,1,21,63,1,45632,4,0,9
158.2922988026997,90.7953535217504,1,2,1,3,1,23,27,1,76435,4,0,9
40.07384863148966,53.11043740879637,0,0,2,1,1,19,23,1,36609,3,0,9
112.6519766621862,,0,3,2,2,0,13,39,1,67694,2,0,9
,178.3570768911095,0,5,1,2,0,20,43,1,71534,3,0,9
955.5514628337994,97.82983788504512,1,0,2,0,1,10,46,0,113520,1,0,9
634.8919338223071,156.24036091089113,0,2,2,1,1,6,25,1,92723,1,0,9
267.71189440790823,90.6439837935995,1,2,2,1,0,8,35,1,48790,4,0,9
627.6337291402905,52.358806922865256,1,0,1,0,1,6,37,0,76646,4,0,9
264.9302940292193,15.313278893024563,1,2,2,1,0,21,62,0,51377,4,0,9
575.4795241029586,,1,3,1,2,1,17,56,1,104515,5,0,9
,112.02982602835216,1,4,1,3,0,8,34,0,52406,2,0,9
84.06280304175418,,0,1,1,0,0,13,64,0,74204,2,0,9
916.4721368468248,194.4176123540655,0,3,1,3,0,9,21,0,100245,5,0,9
433.07972665755057,,1,0,2,3,1,8,69,0,83034,1,0,9
,141.7601218544144,1,4,1,1,0,18,56,1,105058,3,0,9
,45.1112966827264,1,3,1,3,1,20,61,1,52534,3,0,9
471.7815239198783,188.72374476171373,1,4,0,0,0,5,58,1,111707,1,0,9
156.17486758907685,,1,3,2,3,1,16,45,1,82753,6,0,9
37.922745930426885,103.79477783363336,0,2,0,3,0,4,28,0,96381,5,0,9
329.55948581829466,25.169873822544076,1,3,2,3,1,9,65,0,117147,4,0,9
649.5323557810067,,1,2,2,1,1,13,56,0,89114,4,0,9
27.86370774282254,42.2373574066289,1,4,1,2,1,8,33,0,98158,4,0,9
,30.085363556218848,1,4,2,0,1,3,69,1,58566,3,0,9
641.7690137140457,,0,0,1,2,1,16,51,0,110313,2,0,9
229.87624791562544,52.21824394315049,1,5,2,2,1,2,36,1,108325,5,0,9
725.405864284222,152.51336543081229,1,5,2,0,0,15,51,1,42159,3,0,9
119.07804324751392,,1,3,0,1,0,5,40,1,77355,2,0,9
,93.86894722063298,1,4,2,3,0,21,64,1,55300,1,0,9
,183.2993249078772,1,0,2,0,0,15,42,1,98569,4,0,9
873.8909912866178,152.89016770477787,1,1,0,1,1,24,42,1,35829,1,0,9
987.4020317217992,129.79624850415718,1,4,2,2,1,21,30,0,77990,5,0,9
432.54410773132224,,1,5,0,0,1,21,23,1,33328,2,1,9
43.50380148397082,3.304497966509734,1,3,2,2,0,3,26,1,50203,1,0,9
121.49952525368512,33.69602668959777,1,3,1,1,0,13,37,1,104490,4,0,9
335.8705258310994,,1,4,1,1,0,21,20,0,50351,2,0,9
596.0666635283096,74.363315127884,1,1,0,3,1,5,67,0,79525,1,0,9
781.8346387578938,181.201056600408,1,2,2,3,0,21,33,0,87544,3,0,9
521.906193777074,139.131534252923,1,0,1,3,0,9,41,0,45787,4,0,9
899.8402066280898,,1,2,1,2,1,4,53,1,114300,3,0,9
672.5077005871776,,1,4,2,0,0,15,41,0,97011,1,0,9
765.4478636747598,,1,1,0,1,1,7,55,1,45207,5,0,9
148.70988474998904,116.67735898867028,1,3,1,0,0,19,35,1,88032,1,0,9
54.74739257517225,91.2615592082395,1,2,1,1,1,6,56,1,59959,4,0,9
543.9888974469529,101.66638962002796,1,2,1,1,1,8,65,0,61258,1,0,9
209.1900854608014,,1,3,2,1,0,12,20,0,38091,5,1,9
458.1270448260624,116.5798814721762,1,0,1,1,1,22,49,1,68417,2,0,9
,75.61852859105814,1,4,2,0,0,1,45,1,57852,2,0,9
856.8165107909098,119.24338032683936,1,1,2,0,1,3,69,0,66345,4,0,9
,48.62446330352492,1,4,2,3,0,24,59,0,44577,5,0,9
238.76878059169448,,0,4,2,3,1,7,59,0,50043,5,0,9
704.8263843673064,119.67701114964022,1,3,2,3,1,19,18,1,53072,5,0,9
746.765914007358,54.028867053410615,1,4,2,2,0,2,67,1,62549,4,0,9
232.0762073514504,149.8026458868655,1,2,0,1,1,12,21,1,75559,2,0,9
633.6440097014796,6.814600052715147,1,0,1,1,0,20,64,0,115643,2,0,9
,33.74687948519668,1,2,0,3,1,24,27,0,59332,4,0,9
,112.63003484052032,1,4,1,3,0,3,36,1,53888,5,0,9
220.78911939690627,79.52634980366456,1,0,0,1,1,21,59,0,55243,5,0,9
,8.541704082688595,1,2,1,2,1,10,38,1,94554,4,0,9
267.508039208453,115.91682555309472,0,4,0,0,0,23,64,0,99464,4,0,9
234.73350186494957,33.334413149612075,1,0,2,1,1,3,48,1,78819,2,0,9
21.93410677630625,179.38226701358917,1,4,2,0,0,23,66,1,117040,3,0,9
20.76480724000218,118.1397581916239,1,5,0,0,1,2,56,1,98906,2,0,9
967.5259099807542,,1,3,1,2,1,2,64,0,84905,2,0,9
510.3379329385456,127.5815527973592,0,1,0,2,1,8,19,0,54718,5,0,9
,19.05989177753069,1,0,1,2,1,10,59,1,66367,4,0,9
19.9176983074133,28.041539769518952,1,2,0,1,1,14,54,1,88953,3,1,9
801.9849179132057,51.06045422698986,0,2,1,3,0,16,41,1,87456,1,1,9
650.180784041402,130.062095619337,0,5,2,3,1,2,27,1,36533,4,0,9
561.9232347325967,195.09166919299713,1,4,2,1,0,21,65,1,102407,1,0,9
485.38145242934894,,1,5,0,3,1,22,54,0,82103,9,0,9
308.68927208454,114.93507796757324,0,4,0,3,1,16,41,0,34076,1,0,9
338.67394330182844,122.74462707463547,1,5,2,2,1,8,28,0,56163,5,0,9
988.9172884192916,171.12857085823768,0,3,1,3,0,19,43,1,111403,5,0,9
337.40490794451983,60.58329400416484,1,5,1,1,0,13,33,1,41598,5,0,9
,180.9829101996599,1,0,0,3,1,8,55,1,99341,5,0,9
,,1,2,2,2,1,15,43,1,64271,3,0,9
923.5407618638412,,0,1,1,3,1,6,45,0,108416,9,0,9
468.9540235368101,197.25171057979748,1,1,1,2,0,8,51,1,75784,3,0,9
602.367278901307,193.1418677932505,1,5,2,1,1,1,31,1,101730,5,0,9
772.749069164987,191.2445327456963,1,1,0,0,0,8,37,0,73814,5,0,9
378.7005608132156,195.42302668409084,1,3,1,0,1,15,46,0,66880,2,1,9
,,1,1,1,2,1,10,69,0,95686,4,0,9
759.3591799225114,109.50965713251956,1,3,1,0,0,1,35,0,74327,3,1,9
,59.4892978300519,1,3,1,2,1,21,27,1,56965,1,0,9
222.8225362081953,187.75321477904004,0,0,2,3,1,14,23,1,50886,1,0,9
869.9117481489938,,1,4,2,3,0,8,46,0,62562,8,0,9
578.1275919112651,,1,4,0,2,1,20,25,1,51358,2,0,9
136.85085905334316,113.19792755371536,1,0,2,1,1,4,57,1,79985,3,0,9
569.4306905992826,3.3108818933477835,1,5,2,1,1,16,45,0,113460,3,0,9
620.5714288576638,21.636189192140897,1,4,1,3,0,22,24,0,102764,2,0,9
658.8401535732577,6.441852884226007,1,3,0,0,1,24,19,0,76146,1,0,9
590.1929544073097,8.54089784653791,1,4,2,0,0,2,32,0,100753,3,1,9
369.257220760119,197.1477795599309,0,3,1,1,0,11,65,0,61939,3,0,9
446.7051535575379,,0,4,0,0,0,17,54,1,40739,1,0,9
573.0617259484035,86.26330949838783,1,4,0,3,1,15,51,0,98215,4,1,9
612.1927416599756,183.08735586909157,1,1,1,0,0,20,31,1,86398,3,0,9
963.4218182132346,99.31452952206875,1,0,0,0,0,11,61,1,68199,1,0,9
186.5166527661868,48.59347504406075,1,5,2,0,0,19,56,1,58465,3,1,9
453.2592242368865,46.803244987046824,1,2,1,3,1,13,65,0,57586,5,0,9
,,1,3,0,2,0,4,65,0,60607,4,0,9
823.0224321769622,39.75376680784699,1,3,0,0,0,5,64,0,91789,4,1,9
67.39288241498708,62.62021851112114,1,1,0,2,1,24,18,1,62672,2,0,9
,,1,3,0,3,0,24,61,0,41883,5,0,9
787.2065192367097,77.23235598438933,1,3,2,2,0,1,28,1,74552,4,0,9
,159.58871758818702,1,5,1,2,0,2,37,0,43527,1,0,9
645.6117914830251,19.60526886392593,1,5,2,2,0,20,65,0,40362,4,0,9
786.1454786377876,168.02683544730493,1,1,1,3,0,22,51,1,112873,5,0,9
177.48094809701155,188.16308479586831,1,0,2,3,1,9,29,0,43544,1,0,9
956.8585591899268,160.62508436615218,1,3,1,2,0,10,46,1,54598,2,1,9
570.4867100334968,6.647005579278686,1,5,1,1,1,5,32,1,108178,2,0,9
227.74765008818457,129.12642556013012,1,0,2,2,0,18,49,0,108250,3,0,9
,,1,4,1,0,1,8,48,0,107308,2,0,9
858.1622168928571,150.19548337826717,1,4,1,3,0,22,57,0,44215,1,1,9
281.5154173042771,,0,1,0,2,0,12,29,0,105784,5,0,9
128.46069834787366,74.27315867676766,1,2,2,3,0,10,63,1,58472,4,0,9
203.1284364419432,118.93717989210172,1,4,0,3,0,16,24,1,32487,4,0,9
765.6472771788788,38.31124446608596,1,1,0,0,1,2,21,0,33615,3,1,9
667.5109976298596,,1,1,2,2,1,7,65,1,80957,1,0,9
303.32940913841264,130.00931382242447,1,4,0,2,0,13,67,0,118253,4,0,9
636.1061643892729,36.202434211228066,0,2,2,0,0,20,48,0,110378,3,0,9
99.1545698191374,46.27749419334233,1,2,0,0,0,13,52,1,45488,1,0,9
8.076266052458813,90.67546699198184,0,1,0,3,1,16,44,1,96123,3,0,9
,,1,2,0,3,0,17,38,0,86094,5,0,9
876.3273967029668,73.88259390267493,1,3,0,0,1,10,40,0,85592,2,0,9
175.05599583728448,192.19394257637427,1,0,1,0,0,24,33,0,39260,3,0,9
,151.84347958125198,1,4,2,2,0,8,36,1,94417,5,1,9
191.42395083995055,75.64399378091538,1,1,2,3,0,14,44,0,90536,3,0,9
369.2002864635044,159.3690001341962,1,3,2,0,0,20,44,0,42539,2,0,9
467.6538110103393,72.25698139669885,1,1,1,0,1,10,69,0,86333,3,0,9
320.56790815500204,138.8806500568936,1,1,2,1,1,11,37,1,63974,2,0,9
935.4925538032847,,1,5,1,0,0,5,43,1,103201,1,0,9
472.6282788219115,25.511927121212665,1,4,2,2,0,11,63,0,115805,4,0,9
705.4693220205405,58.25437190179032,0,3,2,2,1,9,66,0,97134,1,0,9
902.9127826761998,92.38184830458724,1,4,2,0,0,11,57,1,44192,3,0,9
219.68665802450892,53.63627372495512,1,3,0,0,1,8,31,0,96553,2,0,9
992.7061102163436,32.288150255087004,1,3,0,0,1,5,42,0,80346,4,0,9
,184.7882532579216,0,1,1,0,0,22,68,0,49735,5,0,9
347.9297778389071,197.3978064888754,0,1,0,2,0,23,30,1,55017,5,0,9
,149.44933869524587,1,4,0,0,0,22,61,0,51114,3,0,9
903.154116866665,6.3458342342007645,1,1,2,3,1,17,33,1,63149,4,1,9
,136.4306564248495,0,0,1,0,0,12,18,1,100583,1,1,9
,179.6452430919399,1,2,2,3,0,17,19,1,44597,4,0,9
994.6417858076784,189.7727952575116,1,4,2,1,0,17,36,0,104052,3,0,9
981.6397848306206,80.27956381285823,1,3,0,2,0,14,63,1,82079,3,0,9
99.16539880778008,66.06560124132899,1,3,0,0,0,10,48,0,89989,1,0,9
382.7719316542558,104.06961176615626,1,3,0,1,0,11,64,0,45655,3,0,9
816.1782584527226,,1,2,1,1,0,24,45,1,55071,5,0,9
107.66677408926029,119.0478366776308,1,0,1,3,1,13,31,0,33421,1,0,9
738.3416029788888,197.5315787673843,1,0,1,0,0,10,46,1,81045,1,0,9
,152.64740434369534,1,3,1,2,1,8,47,0,67409,1,0,9
93.37772163049152,,1,5,1,1,0,24,67,0,85536,2,0,9
979.5075311680037,,1,2,2,2,0,3,57,1,68779,5,0,9
965.525452528404,103.97442103515304,1,5,1,0,0,12,28,1,54637,1,0,9
150.31310284276822,15.816506615643732,0,4,1,2,1,1,45,0,108430,4,0,9
539.9072741737629,199.3874297236827,0,2,0,1,0,3,47,1,95985,3,0,9
,,0,0,1,1,0,15,23,1,101705,4,0,9
655.1133920750618,121.95469335301698,1,5,2,1,0,24,50,0,94925,2,0,9
189.34691807665772,97.52418194764378,0,3,0,1,0,21,35,1,79010,2,0,9
420.1593156814386,134.35513293107172,1,2,2,3,1,14,33,0,97856,1,0,9
312.5953130302701,,1,3,0,1,0,7,57,0,59454,4,0,9
839.033344511549,,0,2,0,3,1,2,58,0,88930,4,0,9
884.6552631797374,160.6434947034277,1,0,0,2,0,20,19,0,105587,4,0,9
543.6224885499378,170.26611868606798,1,0,2,0,1,4,18,0,58714,2,0,9
173.78886980662344,113.02172351192712,1,2,2,3,0,13,37,0,75758,4,0,9
876.4253647743545,189.0818265986775,0,4,2,0,0,9,54,1,50990,3,1,9
873.3068669995433,,1,0,0,2,1,2,42,1,94620,3,0,9
,167.41453946584804,1,1,2,2,1,9,61,1,51820,1,0,9
,51.74925657865816,1,5,0,2,0,11,62,0,100314,3,0,9
,100.39196034451598,0,0,2,2,0,8,56,0,100291,5,0,9
562.8177322715227,,0,2,1,1,0,7,58,1,59439,1,0,9
3.68950835808024,,1,5,1,0,1,23,47,1,40608,4,0,9
956.7310593633408,,1,1,2,1,0,12,57,1,116010,2,0,9
,,1,4,1,3,0,18,58,1,46927,5,0,9
688.2611937902461,,1,0,1,3,0,2,64,0,84098,3,0,9
961.3874544048446,149.06817016903508,1,2,0,1,0,11,36,0,45912,1,0,9
296.2867134364603,153.21570271172405,1,0,1,1,0,1,36,1,55717,4,0,9
522.4560641488971,9.224705006800503,1,1,0,0,1,7,41,0,33671,2,0,9
933.6394195002628,16.181713990148204,0,5,0,2,1,2,63,1,48101,5,1,9
,,0,4,2,3,1,4,44,0,83495,4,1,9
986.4417597611032,,1,1,2,0,1,17,39,0,91933,1,0,9
497.70656755672513,32.751140429842266,1,2,2,2,0,3,25,1,52173,3,0,9
722.0877452845265,13.081245308424162,1,1,1,3,1,18,29,1,94239,3,0,9
,189.15131041540917,0,1,0,0,1,11,63,0,38903,1,0,9
,10.358247234116224,1,4,1,1,1,20,42,0,68912,4,0,9
717.8225862258197,52.24680545755047,1,2,2,1,1,8,64,0,55885,5,0,9
,126.812265975951,1,3,2,2,0,20,44,1,39217,4,0,9
473.4410348260349,103.389777263132,0,4,2,2,1,19,35,0,106664,1,0,9
488.9936507109782,85.37769691271717,1,1,2,1,1,4,66,0,115430,4,1,9
683.3722474893306,115.99591569578334,0,4,2,1,0,5,65,0,117357,2,0,9
902.4010666888744,,0,3,0,2,1,5,54,0,94450,3,0,9
,,1,2,2,2,1,18,54,1,94474,1,0,9
,46.42754566705059,1,1,2,2,0,23,34,1,38402,4,0,9
230.57663644301684,,0,2,0,3,1,19,33,0,93571,3,1,9
447.4451178307357,187.458641809081,1,2,2,2,1,14,46,0,65920,5,0,9
,178.65809014289223,1,4,0,1,0,23,68,1,80500,5,0,9
372.5073715400491,194.6906800083896,0,3,1,1,0,12,33,0,75660,5,0,9
,31.225206450528063,1,2,2,1,1,18,35,1,92698,2,0,9
,183.51244320898235,1,6,2,0,1,19,35,1,58907,4,0,9
991.214667012901,197.0599873154175,1,1,2,2,0,3,37,1,56735,3,0,9
32.79935978649207,177.66419555626908,1,2,0,0,0,12,65,1,114841,2,0,9
,10.219399677994211,1,5,0,2,0,7,30,0,30970,1,0,9
503.51577303798587,48.74114926788962,1,4,1,0,0,11,48,1,49648,3,0,9
245.6936904296888,100.3513132798866,1,3,2,2,1,6,66,0,95593,1,0,9
735.8955827954453,,0,0,2,3,1,10,19,0,32354,3,0,9
824.5097924838692,,0,0,0,0,1,19,52,1,65354,2,0,9
567.1523468077751,16.609533068982362,1,3,1,2,0,6,41,1,50833,4,1,9
460.1359491851612,44.00629647239149,0,3,2,2,1,1,25,0,62287,2,0,9
873.9300616900115,8.66880572671651,1,2,2,1,0,16,43,1,36740,5,0,9
802.6739364041645,14.112431038086417,1,0,0,1,1,16,61,0,111787,4,1,9
,171.11598937244142,1,5,0,2,0,23,65,0,69279,1,0,9
545.1971607602638,,1,2,1,0,0,16,18,0,78536,2,0,9
773.4490754925998,195.13124455305743,1,1,0,1,1,18,26,1,68559,5,0,9
517.6365383100111,140.1296682578844,1,1,0,1,0,15,26,1,96790,2,0,9
696.7265497544696,138.01294359171808,0,0,0,0,1,11,23,1,51163,7,0,9
666.1730136551806,147.3251757534462,0,1,2,0,0,10,46,0,111612,4,0,9
,89.39113436609114,1,3,2,2,0,11,49,0,90692,1,0,9
340.28452334005055,135.70331017919366,1,4,2,3,0,1,61,0,84070,7,0,9
305.7497072867066,94.55158948161932,1,5,1,0,1,19,41,1,91773,1,0,9
785.0449554831507,47.62382529571185,1,6,1,2,1,8,69,1,78808,4,0,9
830.5055767699806,189.99195741517937,1,5,1,0,1,10,67,0,65152,2,0,9
,4.640737332048017,1,1,1,1,0,20,69,0,63024,4,0,9
168.61465179679013,121.8798192985122,1,3,0,3,0,15,47,0,40959,2,0,9
141.18449386557174,102.16583666493054,1,4,2,0,1,17,40,0,104484,4,0,9
873.8700874419449,133.59788359737834,1,3,1,2,0,21,37,1,103835,1,0,9
40.81828871016169,,1,0,1,1,0,12,31,0,62362,1,0,9
,166.70666544132214,1,2,1,1,1,9,40,0,76299,3,0,9
,11.899078643016892,1,4,0,0,1,2,42,1,49102,4,1,9
203.0002978308234,102.90277547701815,0,1,0,1,1,22,61,1,112565,3,0,9
748.161275414197,116.4051272768723,1,3,1,1,1,22,22,0,44096,4,0,9
,3.815078682902162,1,1,2,0,0,7,69,0,106449,3,0,9
30.544091182062584,124.2740666473448,1,3,1,1,1,18,51,0,109521,4,0,9
739.0080920825349,154.13623126827588,1,1,0,3,0,23,18,0,47922,5,0,9
531.9249867526878,46.70180879575116,1,4,1,0,1,24,48,0,39073,7,0,9
185.75555234272457,19.773312591695102,1,5,0,3,0,12,37,0,65075,3,0,9
78.83264706788596,,0,5,2,3,0,6,62,0,101560,4,0,9
218.82199018449643,39.06238617671522,0,0,2,3,1,18,62,0,103910,5,1,9
,191.63464302357625,1,3,0,3,0,3,20,1,97363,1,0,9
799.5760520761331,110.96180551118296,1,1,1,1,0,13,50,1,79594,2,0,9
902.8006386241882,86.78346868624756,1,0,2,2,0,5,40,1,39617,2,0,9
0.8667772762478432,148.9712120957575,0,4,0,1,0,20,57,1,87063,6,1,9
227.8497581855452,113.67300779406972,0,1,0,3,1,1,59,0,88307,3,0,9
177.92890428067375,,1,4,2,3,1,11,57,1,64723,1,0,9
616.5865772250804,76.71083298052015,1,2,0,3,0,20,65,0,61623,2,0,9
467.2209019329828,162.1654490743116,1,4,0,2,0,19,59,0,51749,4,0,9
81.51483622274868,,1,5,0,1,0,16,66,1,106875,1,0,9
,197.0038007434854,1,5,0,1,1,18,29,1,71502,3,0,9
994.3080943867056,79.50713557109306,1,4,1,1,1,1,38,0,100402,3,0,9
,159.89589969642375,0,2,2,0,0,4,47,0,75870,5,0,9
183.3713971451335,14.2825271146781,1,2,2,0,0,10,58,1,74674,5,0,9
22.72321634166019,8.313938427212019,0,0,0,1,1,18,29,1,99796,5,0,9
,,1,5,2,2,1,6,49,0,50786,2,0,9
429.8263743550761,189.22974838613507,0,5,0,0,0,7,38,1,70910,2,0,9
263.0224421844288,122.44954266745464,1,3,2,2,0,21,50,0,75563,3,0,9
637.919877890105,71.43899514858096,1,2,2,2,1,22,46,1,57010,3,0,9
645.395291614486,,0,5,1,1,0,15,46,1,112826,6,0,9
131.58607756334828,11.939996553563793,0,2,2,2,0,13,22,0,54913,4,0,9
372.8094159264259,106.01026823508565,1,0,0,3,1,12,33,1,58094,1,0,9
757.7191753410906,136.31383502812696,1,2,0,0,1,10,21,0,33301,5,0,9
46.957178705333,160.4678928871558,1,5,2,1,1,11,23,1,98913,4,0,9
343.69252888653443,136.31795515632678,1,5,2,2,1,3,40,1,85386,4,0,9
347.2329654096882,39.57443584508227,1,4,1,3,0,22,64,0,112000,3,0,9
,22.10085772842769,1,0,2,3,0,21,24,1,36900,3,0,9
,159.2787292098031,1,2,2,3,1,22,38,0,40067,1,0,9
306.112131157095,85.80986957208687,1,3,2,1,0,9,47,1,46572,4,0,9
548.3285409028862,88.81457775705573,1,0,2,1,0,21,56,1,108053,4,0,9
520.0008902380233,2.1451979737072913,1,5,2,2,1,10,29,0,67352,1,0,9
464.0987496450449,139.971303222447,1,2,2,2,0,3,55,0,97771,5,1,9
751.1914729963645,110.17567587830186,1,3,0,3,1,19,51,1,109851,4,0,9
393.51868986798,1.1385713208050374,1,4,2,0,1,11,34,1,71249,4,0,9
918.4440863185184,115.68534845289145,1,4,0,1,0,2,42,0,41586,2,0,9
580.6706252430957,,0,2,2,2,0,20,67,1,44347,1,0,9
861.0415432411933,169.99050529289843,1,0,2,1,1,23,66,0,116172,4,0,9
733.8504951387723,76.42720852336417,0,3,1,2,1,17,60,1,60226,2,0,9
186.8303194396104,,1,3,1,3,1,6,46,0,91946,1,0,9
831.698354526076,,1,0,2,1,1,13,45,1,42458,2,0,9
452.07232429459344,104.92346017205618,1,5,0,0,1,21,40,0,81091,3,0,9
22.673446547217036,17.81059661123443,1,2,0,1,0,2,49,0,80477,4,1,9
852.2212984130609,35.56866494875077,1,1,2,1,0,6,51,0,40025,3,0,9
450.2761837779943,76.10590563122297,1,4,1,3,0,2,30,1,75437,3,0,9
,,1,3,2,0,1,10,21,0,48561,3,0,9
813.8330884279366,113.57955757042676,1,0,0,0,0,17,58,1,54034,1,1,9
,88.79735590445021,1,4,0,1,0,14,19,1,91810,4,0,9
706.0901377964678,134.89758689687898,1,4,1,0,0,15,44,1,49947,2,0,9
275.9329164945872,157.7866567639494,1,2,1,0,1,8,39,0,53371,4,0,9
,,0,2,0,1,1,20,45,1,41372,5,0,9
391.5168905525667,124.4919343823906,0,3,2,0,1,4,22,1,33924,2,0,9
,140.9949347886876,0,0,2,0,1,9,48,0,69886,2,1,9
564.2816752922677,107.02472726293708,1,0,2,3,0,12,57,1,70616,3,0,9
341.01114490859806,113.84627689068704,1,2,2,0,0,21,63,0,51079,4,0,9
471.9794351023692,198.63292845612168,0,2,2,1,1,11,68,1,85733,5,1,9
394.3108787800195,93.17957075390424,0,0,2,3,1,3,56,0,43335,4,0,9
,53.49053211017591,1,5,2,3,0,24,47,1,41392,1,0,9
722.8850827508342,139.04773655454767,1,0,1,1,0,9,40,1,94126,2,0,9
954.019105185414,141.9162414900458,1,3,2,0,0,22,31,0,87152,1,0,9
,0.0427499921706431,1,5,0,1,0,11,53,0,62443,4,0,9
374.9482214029328,87.50036473400236,1,5,0,1,0,14,18,0,78321,5,0,9
619.840321430928,136.96803442271963,1,0,0,3,1,22,32,0,47119,4,1,9
660.9286011315315,36.023337540577735,1,5,1,1,1,23,43,1,83201,4,0,9
142.62856597832163,,1,2,0,3,0,23,38,1,94638,2,0,9
,79.51826629285425,1,2,2,0,1,17,53,0,79642,2,0,9
414.8033521477126,147.3210489287513,1,3,2,3,0,13,53,0,66679,5,1,9
50.96021329527234,15.495956909546704,1,3,1,3,0,12,41,1,89029,5,0,9
,195.91689913949045,0,4,0,0,0,24,63,0,115227,4,0,9
701.2284341886203,2.8259676813513046,0,4,2,1,1,8,56,1,72387,2,0,9
473.8111808384795,,1,4,1,3,1,5,38,1,83779,5,0,9
,,0,3,1,0,0,10,60,1,48428,7,1,9
932.2150017693338,19.61250479247345,1,1,1,3,0,9,59,1,104166,2,0,9
855.5336367805858,156.56575622198113,1,4,1,1,1,9,52,1,102054,2,0,9
846.6161885407631,2.541923008939073,1,5,0,0,1,10,45,0,47277,3,0,9
35.54217817865546,170.11591752805862,1,0,1,2,0,10,29,0,70463,4,0,9
509.458237282965,52.88350318514847,1,1,0,1,1,15,40,1,33915,1,0,9
744.1392598916701,191.49431324186136,1,4,1,1,1,16,35,0,95637,1,0,9
309.57195594397825,,1,3,1,3,0,21,23,1,30030,1,0,9
493.88750052839794,,1,4,0,0,1,8,20,1,96545,3,0,9
,,1,0,2,2,0,3,62,0,53716,2,0,9
939.0878247140332,176.07572305375118,1,1,2,3,1,22,67,1,50013,4,0,9
637.3203638955574,22.981600216456364,1,0,0,1,0,2,38,0,101842,2,0,9
,187.38347368494783,1,4,2,2,1,5,27,0,57389,4,1,9
,195.07106529229873,1,3,0,2,1,12,41,0,91741,4,0,9
223.45677118421804,98.710157160435,0,3,2,2,0,2,60,0,55892,4,0,9
,37.14956476997999,1,4,2,3,0,19,27,0,65585,3,0,9
,145.28539023353486,1,1,1,0,0,5,28,1,76368,2,0,9
734.3028386793987,,1,4,2,1,0,19,49,0,35147,3,0,9
433.83308020363654,113.74957437889756,1,1,2,0,0,15,51,1,75167,4,1,9
982.9971326864404,,0,0,0,3,1,7,33,1,77124,5,0,9
244.84085812338975,96.51367459125824,1,2,2,1,1,12,68,1,53846,3,0,9
125.21295073962612,,1,0,0,2,0,16,42,0,99662,5,0,9
970.725384460384,72.77514191183417,1,6,2,2,0,19,55,0,77121,1,0,9
,103.74235629975968,1,5,0,3,0,6,55,1,37965,4,0,9
,182.0366555112539,1,4,2,2,1,10,63,0,99765,2,0,9
311.1189661890265,127.8793816949135,1,5,2,0,0,19,25,0,91728,3,0,9
,,1,2,1,2,1,8,49,0,64306,1,0,9
929.0909264427836,138.5172866523097,1,5,2,0,0,22,60,1,71387,5,0,9
409.9992820866998,129.06484033761646,0,4,1,1,1,2,50,1,110006,5,0,9
334.361121331876,96.06411913915028,1,2,2,1,1,20,48,1,112846,1,0,9
150.58964384496255,64.9780295240423,1,2,1,3,0,5,62,1,47364,2,0,9
,,1,3,0,2,1,14,49,1,87451,4,0,9
42.42572013859902,75.47086978698951,1,4,2,1,1,8,31,1,44829,5,0,9
213.73408409004645,149.63875309510553,1,0,2,1,0,23,36,1,99885,2,0,9
485.693724924867,92.4722125333492,1,5,0,2,0,16,20,1,37241,5,0,9
412.74739232171333,33.762761832565815,1,5,2,0,0,12,19,0,63344,2,0,9
,131.67890910253394,1,2,1,0,0,14,24,1,62911,4,0,9
734.6349624491609,145.27818321225098,1,3,1,3,0,4,42,1,68405,4,0,9
,,1,0,2,1,1,8,66,0,115374,3,1,9
120.88975470530706,23.99531488731157,1,0,2,0,1,2,24,1,54170,3,0,9
,197.74040338123777,1,2,1,2,0,1,41,1,79763,2,0,9
70.07461866238818,,1,3,0,0,0,7,53,1,79054,4,0,9
444.9670927356645,115.19145808619427,1,5,2,2,1,3,29,0,102823,1,0,9
,151.91298062840727,1,5,2,0,0,13,26,1,50351,3,0,9
694.4148530348198,,1,1,0,1,1,16,20,0,82340,2,0,9
832.1017376382313,80.86131698722447,1,3,2,2,1,19,53,0,109241,1,0,9
7.903848957660053,148.39116391543013,1,2,1,3,1,1,35,1,74980,1,0,9
655.6178203610609,9.455488825486944,0,5,1,0,0,6,67,1,68819,1,0,9
431.7994009761565,122.09788797632186,0,2,0,0,0,10,45,0,112201,5,0,9
668.102131100974,,0,3,2,1,0,16,51,0,37673,3,0,9
140.03359762978218,7.8153002941489635,1,0,2,0,1,3,23,1,70027,1,0,9
,,1,1,2,1,1,9,25,1,46415,2,0,9
,63.43865673397848,1,1,0,2,1,20,22,0,66798,2,0,9
397.9720108645999,13.639195270131443,0,3,2,3,0,6,41,1,46232,3,0,9
413.4318184970932,,0,5,2,1,1,16,59,0,95471,4,0,9
,,0,2,2,3,0,17,43,1,94227,5,0,9
312.06597030243097,,1,6,0,0,1,22,64,0,85415,3,0,9
392.4533989092056,26.358395001521707,0,5,0,0,1,10,36,1,94668,2,0,9
405.1002337346624,185.59554856966395,1,6,0,0,0,12,38,0,108643,2,1,9
65.32059381858035,17.36782560554717,0,5,0,1,0,20,31,0,78607,1,0,9
,18.880407944740305,1,0,0,3,1,22,29,0,77821,2,0,9
,36.68819830998697,0,5,0,2,0,19,34,0,35650,3,0,9
227.9390328515698,,1,3,0,0,0,23,48,0,100612,4,0,9
858.1219083974437,138.05652173009037,1,0,1,1,0,22,53,0,92609,1,0,9
245.05117959275836,90.41523857258444,1,1,0,2,1,4,59,1,92531,4,0,9
555.7003502911185,195.22018535115535,1,4,0,0,0,12,63,0,113552,3,0,9
966.8958864874568,,0,1,2,0,0,10,64,0,39401,1,0,9
795.2240831399004,107.53036207087678,1,1,2,1,1,10,47,1,94110,4,0,9
,,1,0,2,1,1,15,48,1,35588,2,0,9
250.49573336942865,7.890063325838992,1,2,1,0,0,10,62,0,103546,5,1,9
605.7163385078026,152.39108860589224,1,0,2,3,1,14,28,0,30474,3,0,9
,52.30778510914564,1,5,2,0,0,16,39,1,38651,1,0,9
959.9356243594838,65.17687141640837,1,5,0,1,0,1,53,1,65835,1,0,9
195.15917931312708,23.143506592046272,0,5,2,1,1,11,41,0,58105,9,0,9
829.9342826160066,128.6287528899838,1,5,0,1,1,22,59,0,96283,1,1,9
862.9520536518659,,1,1,2,3,1,19,37,0,36098,4,0,9
308.4922322933683,190.6486863720978,1,3,1,2,1,6,42,1,104265,1,0,9
377.72321598806747,125.48532125369393,0,1,2,3,0,13,52,0,113008,4,0,9
792.0269118822785,44.575458591160235,1,1,2,1,0,2,32,0,68909,3,0,9
947.6697930278756,,1,4,1,3,0,23,29,0,39008,4,0,9
472.8978240302323,38.47631569260992,1,2,1,0,0,18,28,0,58063,2,0,9
168.32707141195934,38.53353165489306,1,1,1,3,0,6,60,0,101925,2,0,9
368.1312542081235,131.79339472853,1,3,2,0,1,23,58,0,54554,1,0,9
82.2728557323642,177.08856802518295,1,0,1,3,1,5,58,1,81838,4,0,9
,59.17559838337667,1,3,2,0,1,6,23,1,85621,5,0,9
514.2857204170663,105.50625039982172,1,3,1,3,0,19,19,1,74927,2,0,9
402.42337763110146,140.7304584929571,1,2,2,2,1,6,19,0,26945,4,0,9
107.23038021298692,,0,0,1,0,1,20,31,0,61492,4,0,9
951.9363886711432,,0,3,1,0,0,1,33,1,36226,3,0,9
131.20646140543911,113.4693636095194,1,1,2,3,1,24,42,0,46199,5,0,9
6.147872730740911,186.6961304950108,1,3,1,3,1,14,35,0,44388,4,0,9
99.917253622407,95.62423604952954,1,0,1,0,0,21,25,1,98940,1,0,9
143.5531470654955,59.05623984355965,1,5,2,3,0,9,52,1,70473,3,0,9
394.3816466549951,,1,5,1,1,0,12,68,0,42514,3,0,9
678.1340898749155,11.983137850978842,1,3,0,3,0,11,24,0,62882,4,0,9
475.6933355305689,7.549047420306665,0,1,0,2,1,13,29,1,76525,2,1,9
39.34562609705961,78.77247967207943,0,1,1,0,0,23,30,1,35722,3,0,9
666.7839491026762,187.22312148157263,1,3,1,2,0,10,56,1,65738,4,0,9
726.5624381615401,88.25727940405068,1,5,2,2,1,8,60,1,38515,4,0,9
620.7919073215706,,0,0,0,1,1,1,56,0,45768,2,0,9
,84.18768668337245,1,3,0,1,1,21,53,0,115243,5,1,9
,184.20773948330867,1,4,1,2,0,8,48,1,78672,5,0,9
565.3018566198256,49.7572112348323,0,4,2,0,0,3,47,1,42233,4,0,9
,103.28667856224736,1,2,0,2,1,6,29,1,59665,2,0,9
336.31488376640294,,1,3,2,3,0,10,58,0,111327,3,0,9
387.0473042646483,147.33276388824535,1,4,1,0,1,6,53,0,80853,3,0,9
,140.42174132495467,1,3,2,0,0,12,33,1,37520,5,0,9
870.2415106760338,75.16026871396716,1,0,2,3,0,15,25,0,106925,5,0,9
54.68135262644547,154.19283430042142,1,4,0,0,1,7,37,1,92965,2,0,9
898.7689556925143,,1,0,1,1,1,1,35,1,62401,5,0,9
,139.71300855982608,1,3,0,0,1,24,66,0,44582,5,0,9
306.2234238405287,16.436136955069912,0,0,2,0,0,22,69,0,59750,1,0,9
906.2745480527918,,1,2,1,0,1,8,53,1,87542,5,0,9
,,0,5,2,0,1,2,57,0,92788,5,0,9
278.4954574387253,,1,2,0,2,1,4,33,0,61021,3,0,9
650.5444678852034,90.55390609369492,0,4,2,2,0,6,35,0,75567,2,0,9
834.6427902258059,169.4725433553726,1,2,0,0,0,11,50,1,85594,4,1,9
393.4972573479463,115.49776859425882,1,0,0,1,0,12,30,0,84387,2,0,9
650.8859515116063,54.42171166414151,0,4,0,1,1,10,40,1,44928,3,0,9
635.9198064981526,,1,3,2,2,0,9,44,0,107508,2,0,9
791.8343936318354,,1,1,0,3,0,3,61,1,58410,1,0,9
,69.96497670049942,1,3,1,1,0,2,59,0,109922,4,0,9
,158.8221253785205,0,2,0,0,1,6,33,1,69542,3,0,9
609.6104240415142,,0,2,1,3,0,11,26,1,91702,5,0,9
19.90157992511765,72.82096663575058,1,4,0,2,0,1,39,0,60952,3,0,9
345.9102299101208,149.70671611474583,1,1,2,1,0,24,50,0,54771,2,0,9
,179.62258422179545,1,4,0,0,0,24,28,1,46620,3,1,9
754.5798209491,23.79540756227927,0,2,2,0,1,8,64,1,106319,1,0,9
347.0243386312235,,0,1,0,3,0,12,54,1,103832,2,1,9
977.7620944847934,138.59474313338035,1,5,0,1,0,7,46,0,64584,2,0,9
689.8662108966121,169.37573077180684,0,4,2,0,0,2,62,0,103617,3,0,9
36.44798814597194,182.272654683272,1,4,0,2,1,10,40,1,97954,4,0,9
30.28579236810291,16.818333450639635,1,1,0,3,0,14,27,1,47781,2,0,9
270.95996126484977,12.141577436598803,0,3,1,1,0,19,62,0,111266,5,0,9
113.70131602574384,114.99029082113164,1,4,0,1,1,12,33,1,30399,4,0,9
721.6114116849272,136.2373196987955,1,3,0,3,0,17,31,0,74314,3,0,9
826.4754039836164,66.15948057400595,1,1,1,1,1,17,44,0,44989,2,1,9
,140.10972788711797,1,1,0,0,1,20,23,1,75762,7,1,9
968.0411318498298,41.87411420739142,1,3,1,0,0,1,29,0,53477,1,0,9
433.5936670598013,25.61484993724608,1,1,2,1,1,14,22,0,100944,1,0,9
861.5185748826162,97.35554065875368,1,0,1,1,0,24,63,1,82408,4,0,9
575.4910732315453,90.27168366460384,1,5,1,3,0,22,46,0,46297,5,0,9
889.3958580446301,85.93594395141444,1,1,0,3,1,22,65,0,47699,4,0,9
532.5405431986256,62.12670754894398,1,3,0,3,1,8,61,1,86345,4,0,9
,113.62506944615274,0,2,2,1,0,2,38,1,67694,4,0,9
831.4131310039526,197.27963670915605,1,4,0,3,0,18,50,0,67743,3,0,9
511.7709193894668,67.88855785968713,1,3,1,2,0,4,34,0,47542,2,0,9
109.5118903466903,158.0733383111142,1,0,2,3,1,12,31,0,37303,1,0,9
542.5826218977594,,1,4,1,3,0,19,33,1,97187,1,0,9
,29.641258736472075,1,2,0,0,1,24,46,0,111948,4,0,9
699.9756556414009,28.666749821525528,1,3,2,1,0,1,64,1,41182,2,0,9
751.0895128883349,12.161468531395524,1,4,0,0,1,15,53,0,93372,1,0,9
,,1,1,0,3,0,13,40,1,66799,3,0,9
301.0899117302298,38.75483030877833,0,3,2,1,0,5,69,1,94068,1,0,9
818.8919433810054,,1,0,1,1,1,11,61,0,102234,5,0,9
852.1471279104193,55.054552092432814,1,3,0,2,1,3,62,1,82326,2,1,9
758.9827528123607,69.63909139981408,1,1,2,3,1,7,68,1,105861,2,0,9
263.92900076519396,,1,4,0,0,0,21,58,1,103095,4,0,9
,112.95291446728912,1,0,0,3,0,14,55,1,116259,4,0,9
513.4825182962546,,1,4,1,1,1,18,47,0,71962,4,1,9
489.21028868143526,,1,3,2,2,0,13,51,0,112363,4,0,9
,146.38248903310932,1,1,2,3,0,16,54,1,61055,4,0,9
749.828345415598,130.1054292996872,1,3,2,1,1,16,56,0,105456,1,0,9
627.5459503155735,,1,3,1,2,0,4,60,1,39704,1,0,9
194.08588807997984,36.60764343254896,1,3,2,2,1,10,48,1,88978,1,0,9
671.1312930755116,21.507078541349077,0,5,0,1,1,7,44,1,46166,4,1,9
868.5511869751828,,1,0,1,3,0,17,60,1,108072,7,0,9
622.516849586439,,1,1,1,1,0,3,33,1,89347,5,0,9
,190.31782542230172,0,2,1,3,1,14,31,0,32422,4,0,9
712.412999138784,136.78288019060315,1,3,0,1,1,13,35,1,101996,2,0,9
438.0108649053256,,0,2,2,2,0,12,61,1,71149,2,0,9
115.42343355245066,145.18884479589545,0,0,2,0,1,9,46,1,111363,5,0,9
424.76342613207794,54.84062380681245,1,5,2,0,0,15,51,1,47078,5,1,9
798.1281796985656,192.686707027979,1,3,1,3,0,8,50,1,69515,3,0,9
828.5227001887672,97.93784732132946,0,0,0,1,1,23,51,0,96087,4,0,9
489.2001933200524,75.45601123424535,0,4,0,0,0,22,57,1,78452,3,0,9
848.9683339957176,132.02469720882314,0,5,0,0,0,15,22,1,76254,2,0,9
,92.72707910671284,0,3,0,0,0,19,47,1,62866,1,0,9
143.41211273524036,38.69603103479291,1,2,2,3,0,21,55,1,111273,3,0,9
545.5749617275719,89.028160288386,0,1,2,1,0,10,45,1,107939,3,1,9
,16.0625960638235,1,4,1,1,1,23,32,0,81447,8,0,9
847.6024567654079,80.6881959166669,1,3,2,3,0,4,24,0,69635,3,0,9
907.924158979554,2.897018377328764,1,5,2,0,0,6,25,1,65298,2,0,9
646.6595047168106,138.8569963716048,0,0,2,3,0,10,51,1,36702,1,0,9
496.6094559830516,152.2464317454304,1,2,1,3,1,3,60,0,77029,5,1,9
222.2324912359348,29.990876853652185,1,1,2,0,1,10,34,1,80060,1,0,9
555.1709400942228,114.6206354181291,1,2,1,2,0,1,27,0,106323,3,0,9
,114.35645144179168,1,5,1,3,1,23,43,0,44587,3,1,9
746.3031014797589,,1,4,1,2,0,4,18,1,65030,1,0,9
,140.65021292250364,1,5,0,0,1,11,21,0,44892,1,0,9
607.3010638591079,33.0820176745293,0,5,1,3,1,5,19,0,60076,4,0,9
827.3015690265448,8.505916891458076,1,2,0,0,0,16,29,0,107693,1,0,9
845.1649624612321,10.515962753297805,1,0,0,1,1,7,33,1,73802,5,1,9
778.1045167115459,144.60350604481243,1,2,2,1,0,18,40,1,69815,3,0,9
292.7788585123956,165.38206389753165,1,4,0,3,0,9,44,0,87593,3,0,9
,154.2029969417435,1,0,0,2,1,12,52,1,109624,2,0,9
,121.57431395679434,1,2,0,0,1,18,67,1,104173,5,0,9
,120.88764811092238,1,4,0,0,0,24,57,0,52038,3,0,9
482.4088422934171,122.19262439532233,0,4,1,3,0,15,26,0,40620,2,0,9
116.50204140566156,,0,2,0,3,1,6,60,0,104504,5,0,9
255.50627937832303,120.7322399716782,1,5,2,2,1,17,19,1,84727,1,0,9
34.58143464829677,,1,3,2,2,0,21,69,0,80850,3,0,9
138.35074948969327,116.0827331978669,1,3,0,1,0,4,37,0,108485,1,0,9
422.796828419569,,1,5,1,0,0,18,39,0,39864,4,0,9
564.371622822774,33.33977620624158,1,5,1,0,0,16,30,0,98277,2,0,9
932.9891126836548,,1,1,2,2,0,15,48,0,103654,4,0,9
380.249968692316,82.44477762129598,1,0,1,0,1,13,49,0,81899,1,0,9
5.751268621125627,116.58071068045548,1,6,0,2,0,18,64,0,51500,2,0,9
123.2690060631212,174.51635204547955,0,2,2,3,1,20,44,0,69357,5,0,9
161.30348876429755,129.30198146205717,1,3,0,1,0,13,47,1,85980,1,0,9
158.83508849131178,16.85986625561391,1,4,0,0,0,5,45,0,51368,3,0,9
353.0473968076052,,1,1,2,0,1,17,50,1,86995,3,0,9
317.2297382847145,45.91588261331665,1,0,1,2,1,7,39,0,105071,5,0,9
803.3936024241077,82.27722277274853,1,1,0,2,1,22,48,0,48128,1,0,9
958.4430331759804,164.1188037190834,1,3,1,3,0,9,27,0,58529,3,0,9
559.0124873838928,122.42056822718985,1,3,1,0,0,20,22,1,43780,1,0,9
199.1477196612126,118.63901858657212,1,2,0,0,0,14,31,1,34540,5,0,9
,181.89226294504712,1,2,2,2,0,4,44,0,43092,1,0,9
466.70153272666425,140.76165292699395,1,3,1,2,0,16,54,1,60541,4,0,9
582.8139708016158,179.03692425062698,1,1,1,2,1,21,26,1,49697,3,0,9
736.8745083806621,114.78873673212182,1,3,0,1,1,7,41,1,108606,5,0,9
242.0023226855974,44.228141433845614,1,4,0,2,0,24,20,1,62767,1,0,9
619.5097214995617,123.4699449949247,1,1,2,1,1,22,66,1,53480,3,0,9
514.8954708904893,162.18382311625,1,2,1,2,0,22,59,0,70053,3,0,9
876.9828779920616,,1,2,0,0,1,19,25,1,30851,1,0,9
455.3422238023403,2.046546933576865,1,5,1,2,0,16,38,0,97812,3,0,9
357.67774188274706,132.34290554482214,1,3,0,1,1,22,38,0,59248,3,0,9
182.02426896281875,100.73143345435314,1,1,2,2,1,5,28,1,51676,2,0,9
996.9334674263916,86.79487411125221,1,1,0,1,0,12,32,1,59495,2,0,9
83.08229815634249,101.17872927361232,0,3,2,1,0,10,37,0,59415,4,0,9
,,1,1,0,3,1,3,61,0,91961,5,0,9
407.2812495864756,122.81625728786904,1,1,0,2,0,15,21,1,54090,2,0,9
210.35748178992776,59.790488622005554,1,1,1,1,1,24,60,1,75774,5,0,9
815.8649948301243,28.63509465605809,1,5,1,3,1,2,53,1,107668,3,1,9
93.66572247444248,141.4326740031527,1,3,1,1,1,24,41,1,70583,4,0,9
629.451819372682,110.12999974695504,1,0,2,3,1,5,62,0,66073,2,0,9
,33.42636286209528,1,5,0,3,1,22,49,1,97845,5,0,9
,189.33593318092295,1,5,0,0,1,7,25,1,37221,2,0,9
,,0,1,0,2,1,12,60,0,47742,3,0,9
,29.257283595042228,1,3,0,2,0,10,43,0,77046,3,0,9
448.9897415379036,81.89177354535207,1,2,1,0,0,20,42,0,99052,4,0,9
180.6140358764305,106.61703043991928,1,2,0,2,1,4,39,0,32390,2,0,9
136.00974715702807,163.6993128114598,0,1,0,2,1,3,63,0,78537,5,0,9
357.3526592023275,113.93168404146532,1,1,0,1,1,23,40,1,55784,3,0,9
,186.8969428577392,1,3,1,3,1,6,67,0,67925,4,0,9
481.2848109280274,,1,3,0,0,1,20,36,1,79832,4,0,9
270.95340638920874,,1,5,2,3,0,10,69,1,63697,1,0,9
874.0491874214952,159.6608723244853,1,1,2,0,1,19,66,1,107220,3,0,9
958.6772715989248,184.1647679713612,0,5,0,3,0,24,43,0,105284,7,0,9
621.74939373299,81.3781532219117,0,4,1,1,1,3,38,0,31665,4,0,9
951.9901442257444,,1,2,0,3,1,2,66,1,109866,1,0,9
712.8584816488643,15.269884811895553,1,4,0,1,1,12,44,0,79731,5,0,9
155.90824173708418,126.58756121800516,0,2,0,2,0,24,37,1,93227,3,0,9
863.7459669850601,185.4878417749539,1,1,2,3,0,24,69,0,60928,1,0,9
94.83499981844778,115.64681735491251,1,3,0,2,1,13,33,0,84050,2,0,9
969.8742170316484,114.61106033480095,1,0,1,0,0,19,51,0,62390,5,0,9
697.4742623746558,193.83088749837708,1,2,2,3,0,1,19,1,68032,2,0,9
749.4422850714109,137.33979593152006,0,5,0,3,1,22,51,1,96747,6,0,9
531.8848366981938,187.12769515143896,1,4,0,2,1,5,43,0,46611,4,0,9
,176.24255989458982,1,2,0,1,0,23,22,1,51640,1,0,9
,188.353273500642,1,4,0,3,0,5,55,1,44007,4,0,9
22.28307422846676,174.42100038646785,1,4,0,2,0,3,52,1,101107,2,0,9
,34.712420869517935,1,5,2,1,1,11,21,0,96360,3,0,9
373.48014921513504,191.259311690846,1,5,2,0,0,8,49,1,98327,2,0,9
31.608034469569834,60.10291657033689,1,5,1,0,1,21,20,1,47956,5,0,9
707.1390319981527,20.118844674686876,1,3,0,1,0,15,33,1,93571,2,0,9
,178.42337878983437,0,2,1,0,1,17,47,0,43044,2,0,9
976.4797064638695,77.0088391684323,1,2,1,2,1,20,18,0,40889,4,0,9
,,1,4,2,3,1,6,41,1,108328,5,0,9
908.3836378881384,145.86239542685948,1,2,2,1,0,21,60,0,65594,1,0,9
457.54901785379263,31.190519884914742,1,1,1,0,1,4,55,0,70754,5,0,9
220.7731138749367,74.26665814189329,1,5,0,2,0,6,36,0,43148,3,0,9
120.16704517150468,107.65943967501951,0,4,0,3,0,24,49,1,38642,2,0,9
271.1654152565981,181.6589185500773,1,3,0,1,1,7,50,1,92999,3,0,9
595.7034469181859,197.54601519519372,1,4,0,2,0,23,36,0,100100,1,0,9
119.42404463190238,35.42480898301501,1,2,1,3,1,5,43,0,96782,5,0,9
462.5640996788294,,1,4,0,2,0,19,24,1,58710,4,0,9
905.7287729125576,39.638915657155,1,2,2,3,0,13,34,0,91483,2,0,9
823.1666389806738,197.02475685156716,1,0,0,3,0,5,50,1,106157,5,0,9
935.4036576382,183.57200080680713,1,5,2,1,1,15,20,1,34553,2,0,9
710.6822349312503,78.69899895615158,1,2,0,3,0,11,20,0,80916,3,0,9
565.2872766941207,41.122507622475645,1,0,2,3,0,22,29,1,36041,2,0,9
370.8491922428246,18.14911951278251,1,1,1,1,0,19,31,1,80712,1,0,9
211.4272215602353,143.29709150030192,1,0,2,3,0,23,45,0,65899,2,0,9
,139.4206975294863,1,2,2,1,1,9,22,1,101395,4,0,9
155.948321084593,,0,0,1,3,0,22,54,1,41823,5,1,9
298.60259303708915,48.15184826184573,1,4,0,1,1,24,23,0,69924,1,0,9
,152.18596039927058,1,1,2,2,0,10,28,0,98066,1,1,9
46.336087127125445,39.11023784126042,1,2,1,2,0,5,22,1,82254,2,0,9
65.78380766104641,,1,4,0,0,1,13,41,0,35803,2,0,9
539.9680794770338,72.87310270861408,1,1,2,2,0,16,52,1,52428,1,0,9
539.5547711343073,,0,2,1,2,0,20,32,0,48640,4,0,9
881.0965308153616,,1,3,1,2,0,6,20,0,100855,4,0,9
526.3348127740014,71.73154275761651,0,2,1,3,0,8,29,0,75277,5,0,9
369.7182542202637,139.0783170368405,1,0,0,0,1,17,42,1,64818,2,1,9
286.2246136299216,128.56842744103102,1,5,2,0,0,10,27,1,107368,5,0,9
671.1485832905587,194.26928123642492,1,5,2,3,1,14,50,0,107290,2,0,9
408.3602217798348,17.703699109188232,1,1,2,0,1,3,32,1,60499,2,0,9
632.4670566278783,146.67135076694058,1,4,2,2,1,13,61,1,50674,3,0,9
260.8231663037574,74.15452382366368,1,5,1,2,0,19,19,0,36443,7,0,9
294.1536547094429,156.67703462321452,0,3,2,1,1,24,52,0,86029,4,0,9
703.4125266134369,,1,1,2,1,1,9,28,1,64004,7,0,9
37.13462731106698,25.223258656919523,1,4,2,0,0,19,64,1,94017,3,0,9
,36.297863241701144,1,2,2,1,0,21,41,1,49357,4,0,9
859.2137063334451,163.40270665430882,1,3,2,3,1,16,35,1,92209,1,0,9
722.9697338957649,,1,4,1,3,1,15,22,1,29277,2,0,9
930.1163463430626,,0,1,2,3,0,1,51,0,60521,2,0,9
531.6241199146699,,1,1,0,1,1,10,61,0,82895,3,0,9
99.42352640118068,128.65590362260212,1,4,0,3,1,4,32,1,74876,4,0,9
832.0362865172999,35.813516119033565,1,4,1,0,0,24,35,1,98249,4,0,9
625.9885756324435,132.01627894241977,1,4,1,3,1,5,37,0,87012,3,0,9
669.5390827924941,177.59550374569744,0,0,0,1,0,23,28,1,54510,5,1,9
106.50200341665128,,1,0,2,1,0,1,52,0,91591,1,0,9
173.89357276112017,,1,3,0,1,0,6,19,1,47058,5,0,9
929.4000038161822,49.8915901691994,1,4,2,0,0,24,49,0,71396,3,0,9
956.6916516575084,29.12810731444393,0,2,0,0,1,20,58,0,66487,2,0,9
328.43613949757446,181.05054533389313,1,2,0,1,0,16,51,1,98876,4,0,9
,164.32591521798864,1,4,2,2,0,13,60,1,110188,4,0,9
698.111106305456,100.68788629562911,0,0,2,2,1,2,45,0,53064,1,0,9
228.07557740539815,89.48326097095809,1,5,2,2,1,16,62,1,96442,1,0,9
666.647355765615,134.7307724466634,1,5,0,2,1,24,37,0,75518,1,0,9
207.30941060615825,57.834333363811275,1,5,2,3,1,6,65,0,56553,1,0,9
827.7506074425688,,1,1,0,0,0,4,39,0,58461,3,0,9
829.5435407809529,40.52388882517637,1,0,0,3,0,23,41,0,105833,4,0,9
666.8460970165852,22.54682043651237,0,5,1,3,0,13,34,1,79718,1,0,9
386.08472934027907,10.48849143292989,1,3,2,0,0,2,68,1,50574,3,0,9
439.45023528446234,192.9149513917303,0,3,2,2,1,9,51,1,71315,3,0,9
883.8555557528223,38.59274557393595,1,2,2,0,0,20,23,1,72035,3,0,9
613.1229319453914,26.04278151309536,1,2,2,1,1,8,66,0,56170,3,0,9
590.1467604916663,,1,2,2,3,0,4,58,1,63603,4,0,9
987.6167816224896,175.91436607570952,1,2,0,2,0,20,39,1,44473,3,0,9
183.02092162138928,47.98638272367277,0,1,1,1,1,1,35,0,76620,1,0,9
,84.99703502285006,1,5,2,3,0,10,30,1,95829,2,0,9
878.7263556706698,,0,4,2,1,0,6,33,0,32059,5,0,9
7.434650398978171,,0,0,0,1,1,10,28,0,49266,4,0,9
824.5955789705306,77.69505854919161,1,1,0,1,1,16,37,1,34934,4,0,9
464.2762521004917,95.05881436269486,0,2,2,0,0,17,61,0,83312,3,0,9
849.6995731961044,134.64698076669663,1,2,1,1,1,21,54,1,73129,2,0,9
670.1995380651905,125.26720739097428,1,3,1,3,0,17,54,0,108464,1,0,9
641.9457968495334,186.2322979532846,1,3,2,3,0,3,61,1,111381,2,0,9
,10.902179594124096,1,2,0,1,1,10,21,1,48991,5,0,9
532.8626705075043,60.036827767521395,1,1,0,1,0,11,18,0,66305,4,0,9
431.28480518925704,96.93641386243036,0,1,1,2,0,5,33,1,68230,1,0,9
249.1121070357405,192.6418395014032,1,2,0,1,0,20,19,0,71486,4,0,9
869.3792860389607,66.93473204025024,1,1,0,3,1,23,37,0,64729,2,0,9
245.42911124791576,166.09262053401338,1,1,1,2,0,23,28,0,40057,4,0,9
969.131054274774,53.27123183496434,1,5,2,2,0,20,38,1,31933,3,1,9
559.8255166740728,35.95159072732243,1,3,1,2,0,22,44,0,38394,1,1,9
696.6985242290293,,1,2,2,0,1,19,46,0,67553,4,0,9
,123.95140559505498,1,4,1,0,0,19,26,1,96392,5,0,9
265.9962077913599,168.14211046535775,0,2,2,0,1,2,38,1,71442,4,0,9
542.0965379764301,159.67226127332574,1,3,0,1,0,13,26,1,46980,1,0,9
592.1036592509367,14.9708129968376,1,4,2,0,1,12,65,1,69478,4,0,9
,,1,1,1,1,1,8,53,0,102537,7,1,9
129.5137665077718,85.75205948771338,1,3,2,1,0,19,61,1,107436,3,0,9
848.1309367794618,72.8866831708845,0,0,0,2,1,1,32,0,90480,3,0,9
974.059164499131,140.6797080587459,1,0,2,0,0,22,44,0,52952,4,0,9
153.46729731899012,173.40961740826162,1,4,0,1,1,1,58,0,67070,4,0,9
562.5320780809672,2.133111126483622,1,1,1,2,0,3,18,1,27987,4,1,9
635.5213720182804,74.28279520037097,1,2,2,3,1,17,22,0,45642,3,0,9
359.6158712003359,131.72538674577947,1,1,1,0,0,23,38,1,82271,2,0,9
641.292621341021,115.19411949321535,1,4,2,3,1,18,68,0,44890,7,0,9
605.0761816274888,196.11277275806356,1,1,1,0,1,2,31,1,29772,3,0,9
97.52513769606097,27.849753558829818,1,1,1,0,1,15,42,0,110051,5,0,9
953.3202157341524,125.02241323968606,1,0,1,1,0,13,49,0,63803,5,0,9
625.3209197848165,191.57649586487463,1,1,1,0,1,18,37,0,59772,3,0,9
203.92142443256552,14.509302031398018,1,0,2,0,0,2,32,1,80264,1,0,9
505.4217825583663,,1,2,1,3,1,4,24,0,77629,4,0,9
798.2413062933678,183.1022478938461,1,5,0,0,0,8,58,1,93613,2,0,9
,90.9659047913794,1,4,1,0,1,5,53,1,86581,1,0,9
419.93553254739334,105.89098737001837,1,0,0,0,1,15,34,0,102705,4,0,9
494.6616040088938,,1,0,1,0,0,1,47,0,46254,2,0,9
648.004912230138,84.43035198966365,1,0,0,3,1,14,22,0,105185,5,0,9
459.88274744057935,101.86122635413936,1,5,1,3,0,15,55,0,69811,4,0,9
377.6092617807394,27.04252698609948,1,1,2,3,1,10,31,1,72522,4,0,9
252.25604254485555,,0,5,2,3,0,24,21,0,49790,5,0,9
928.3622275752468,167.1480442792667,1,3,2,0,1,13,33,0,101997,2,0,9
,122.02268956563194,1,5,0,1,0,1,18,0,87701,3,0,9
,,1,0,2,3,0,20,51,1,70658,3,0,9
617.663326338993,53.2967906313653,1,0,0,2,1,5,51,0,68517,1,0,9
653.0943370937678,143.73301996358637,1,4,1,2,1,14,39,1,82824,5,0,9
,106.7047919444522,1,2,2,2,0,20,54,0,55875,5,0,9
553.2374304737549,,1,5,1,2,0,16,26,1,80625,1,0,9
577.7533153443521,198.02336883986123,1,2,2,0,1,20,57,0,103383,1,0,9
976.158211506248,2.2336211867192812,0,4,1,1,1,19,20,1,67589,2,0,9
187.3700554327229,113.68286093296484,1,4,1,3,1,3,41,1,76596,1,0,9
696.1445635111011,2.171365824717153,1,0,1,0,1,11,41,1,74669,4,1,9
146.35477836826905,37.86054232533888,1,5,2,0,0,22,64,1,87571,2,0,9
657.088540847989,58.282535179248754,1,5,0,2,0,14,48,0,86145,5,1,9
,125.6021645738695,1,2,1,0,0,16,38,0,80473,4,0,9
450.4672045161477,185.0488357968378,1,3,2,2,1,4,24,0,77143,1,0,9
873.3734083417792,97.42097650051296,0,4,1,3,0,9,22,0,88526,3,0,9
453.0008754859788,105.97721967207166,1,4,1,3,1,5,63,1,52552,2,0,9
416.9549883613788,145.34067723251803,1,5,1,1,0,22,25,0,77243,4,0,9
,46.51194701138459,1,3,0,1,0,2,60,1,100179,2,0,9
979.164944450006,20.389376591278683,1,5,2,2,1,6,60,0,40118,1,0,9
49.239091390304246,177.5036602202495,1,0,1,2,0,8,32,1,82869,1,0,9
18.567901774844575,153.51890390908406,1,3,1,3,1,5,65,0,118797,2,0,9
104.91605968742002,110.46028159930404,0,2,1,1,0,22,29,1,54557,2,0,9
392.180946977088,54.315743416102414,1,1,2,2,1,15,48,0,46322,1,0,9
810.9772631402296,180.3094885995336,1,6,0,1,0,18,37,0,60572,4,0,9
,,0,3,0,2,0,24,20,0,33543,2,0,9
499.1761486099455,159.84414846195406,1,2,1,0,0,21,32,0,84034,3,0,9
890.7054169553638,108.1168585738886,1,4,1,3,0,22,38,0,89698,3,0,9
,187.7430836787776,1,5,2,1,1,7,49,1,81246,8,0,9
63.581171514461744,119.88950752753796,1,4,2,0,1,6,34,0,50783,5,0,9
188.3650561410473,0.7753939941872012,1,0,0,3,1,1,26,1,36097,4,0,9
320.95872271731116,39.94777192754781,1,0,0,0,0,18,46,0,40712,4,1,9
818.3527465634058,38.90465159509384,0,4,0,0,0,21,60,0,47503,4,0,9
417.48410906169875,71.13612775340827,1,3,0,2,1,22,43,0,81489,2,0,9
442.03123624599795,15.669440644461474,1,0,1,3,1,18,68,1,104011,3,0,9
,68.29481256739717,1,4,2,2,0,24,55,0,46551,2,0,9
235.3657351665406,63.92825539603495,1,4,2,2,0,22,59,1,45983,2,0,9
136.82174597899544,130.1785150088539,0,2,2,1,0,10,52,0,111165,4,1,9
263.96734826352053,,1,1,2,0,1,16,32,0,53621,5,0,9
310.8558043995854,111.07104876692436,1,3,1,2,1,2,49,0,96868,3,0,9
713.9045165868729,147.89909705970473,1,5,0,2,0,15,46,0,63115,4,0,9
32.28487894743171,,1,1,1,1,0,11,57,0,40430,1,0,9
904.8839953874632,53.23519876023972,1,3,2,1,1,8,60,0,53659,2,0,9
,91.0617772449192,1,5,0,2,0,15,63,0,96540,3,0,9
,87.30153046052891,0,4,0,2,1,23,63,1,93206,2,1,9
440.5671729948273,49.21046692389992,1,4,0,2,1,3,36,0,64484,4,0,9
567.8050495284458,,0,4,0,0,0,1,37,1,54312,1,0,9
,11.988312640357046,1,1,0,0,0,10,48,0,35331,5,0,9
241.729711750964,,1,1,0,1,0,1,18,0,92441,3,0,9
553.7239258733695,,1,0,2,2,0,7,33,1,30958,5,0,9
839.6012829684166,191.42836667975928,1,6,2,3,1,7,37,1,53804,1,0,9
,,1,1,2,1,0,11,61,0,78405,4,0,9
305.7430360853375,150.08408631587727,1,1,1,3,0,1,27,1,55440,3,0,9
219.11774665668435,10.288645010186247,1,5,1,1,0,3,40,0,47380,4,0,9
235.22245328615776,88.66797182689545,1,2,1,2,0,8,47,1,37388,2,0,9
797.0944705192114,,1,5,1,0,1,24,63,0,78050,1,0,9
885.6953348278034,,1,0,2,0,1,16,59,1,51128,2,0,9
,183.2105095451104,1,2,0,1,1,8,33,0,91960,2,0,9
,140.0467067573543,1,4,2,1,0,3,59,1,81457,3,0,9
105.8507266424682,,1,2,0,2,0,9,31,0,91490,1,1,9
868.7387450442901,101.0380771735254,1,0,2,3,1,2,42,0,93224,5,0,9
57.02635475760653,81.18773825593063,1,3,0,0,1,7,65,0,116591,4,0,9
,109.04540324243789,0,0,1,2,0,13,35,0,51365,3,0,9
934.7698091058186,183.56068031613597,1,2,1,0,0,1,54,1,108663,4,0,9
271.0999664952384,79.81219102955414,1,0,1,3,1,17,18,1,80691,4,0,9
211.59550174138408,34.11606578144617,1,4,0,2,1,8,22,1,51709,4,0,9
921.5191697916426,3.0880752084492924,1,1,2,0,0,13,37,1,106730,5,0,9
372.4380774557353,,1,5,2,1,0,19,29,0,104956,1,0,9
295.94451924359464,,1,1,0,1,0,1,48,0,65872,4,0,9
,81.15371108190364,1,3,1,3,0,9,33,0,44349,2,0,9
216.0404576707069,150.7120965585127,1,2,1,0,1,11,62,1,91426,4,1,9
758.2852294653962,110.55412369962568,0,0,0,3,0,9,22,0,33563,3,0,9
,9.94375752400427,1,1,0,1,0,13,55,0,77510,4,1,9
213.1508890650192,11.228771801515736,1,3,1,3,1,8,57,1,111910,5,1,9
697.3425874563894,145.85053085288783,0,1,0,0,1,24,54,1,56287,4,0,9
702.5937135074207,,1,3,2,2,0,17,46,0,42544,1,0,9
319.42030371546514,164.0460278252886,1,5,1,2,1,18,30,0,83000,5,0,9
,42.32148163874099,0,2,2,1,1,2,63,0,57265,4,0,9
157.0246601072899,175.1523958150475,1,4,1,0,1,14,36,1,106145,3,0,9
,13.360386528819587,1,1,1,0,0,24,63,0,115280,3,0,9
730.3441744393616,154.66252111005917,1,1,1,1,1,8,35,1,75244,1,0,9
440.30535956431174,,1,2,1,0,0,17,36,0,81351,2,0,9
254.59593628665732,,1,5,1,0,0,21,65,0,71765,1,0,9
655.7268746313591,82.26335887105358,1,4,0,1,0,23,31,1,34694,4,0,10
859.4003853223297,20.033238750638493,1,5,2,1,0,3,31,0,85726,3,0,10
204.873964239802,133.9861353378932,1,3,2,2,1,14,56,1,108861,4,0,10
936.9739637623732,,1,0,1,3,0,18,21,0,77373,1,0,10
,56.64325743523153,0,4,1,0,1,12,64,1,41778,2,1,10
632.4262655630639,169.34855901187896,1,3,1,0,1,1,65,0,56369,4,0,10
82.76606566771316,,1,3,2,1,0,10,57,0,101010,1,0,10
955.6166085353874,70.76385511617333,1,5,0,2,1,2,54,0,80790,2,1,10
978.2684293106848,,1,5,2,3,0,23,34,1,38969,5,0,10
387.39132089243446,146.7049287478037,0,1,2,3,1,20,47,0,43434,1,0,10
7.694523340621817,65.38735277629621,1,0,1,3,0,22,46,0,59774,5,0,10
590.524685183637,,1,5,2,2,0,24,48,0,46736,4,0,10
,116.06973108679286,1,4,1,3,0,15,26,0,55022,3,0,10
955.1891436939368,55.7625469620161,1,5,2,1,1,24,23,0,28811,5,0,10
389.5122191624186,78.57330550423455,1,3,2,2,0,21,55,1,72488,4,0,10
871.6933604725153,144.33182254182347,1,0,0,2,1,22,52,0,111842,4,0,10
583.8701593590704,141.0316001182227,1,3,2,3,0,17,42,0,96329,2,0,10
679.8718869783436,,1,2,1,2,0,8,59,0,60122,3,1,10
303.4158458995997,138.742027148178,1,3,2,1,0,13,35,1,88129,1,1,10
613.7018407539218,,1,4,2,2,1,7,38,0,74188,4,0,10
928.431630900741,198.0376913324004,1,5,0,3,1,5,28,0,96035,1,0,10
914.4130942122612,129.93357604660022,1,2,1,3,1,10,23,0,95127,5,0,10
98.85637786600066,53.01123613106296,1,0,0,1,0,12,31,0,103058,5,0,10
181.7091595143527,,1,1,0,1,1,22,47,0,101586,2,0,10
154.6361626905468,42.93124395045294,1,5,1,0,0,13,69,1,58280,4,0,10
220.0945894999629,159.1670346198613,1,2,2,1,1,23,66,0,95582,5,0,10
,43.41793380905783,1,5,2,1,1,13,28,0,103424,1,1,10
,76.37098197895239,1,5,2,0,0,13,52,0,51642,3,0,10
741.7194829613841,128.9588940200275,1,0,2,0,1,18,25,1,53256,5,0,10
208.2384368889748,131.73972623821825,1,0,1,0,1,6,36,1,52644,5,0,10
602.3317538033432,,1,3,1,1,0,17,67,0,42901,2,0,10
,61.976736894232886,0,3,0,2,1,15,29,1,102070,3,0,10
681.6597502828848,29.883246428145014,0,4,1,0,0,17,60,0,85539,2,0,10
881.9184687385726,84.72167613064101,0,4,0,1,1,5,69,0,48016,1,0,10
387.5687730109866,191.63923298989695,1,5,0,0,0,1,61,0,66110,4,0,10
351.9779771924038,,1,4,2,3,0,2,60,0,65804,3,0,10
256.75411552456706,145.73088267285465,1,4,1,1,1,19,57,1,91468,5,0,10
671.6843962171572,188.78519194468095,1,0,1,2,1,13,35,1,91515,3,0,10
748.5726824303381,181.67999504153505,1,1,1,3,0,7,64,1,112282,1,0,10
871.2959070352767,26.436829539887597,1,3,0,3,1,19,45,0,97284,1,0,10
,111.39010230270988,1,4,2,3,0,20,68,0,84767,4,1,10
210.34764959717333,67.32673402174865,0,4,0,0,1,24,54,0,98492,3,0,10
143.34182039360795,54.96523898184964,1,0,0,0,1,3,52,0,73005,5,0,10
967.8169329680252,79.4485356794648,0,3,0,1,1,22,40,1,94987,3,0,10
337.5078725456596,118.51876228574476,1,2,2,0,0,20,28,0,75158,3,0,10
802.5138109417702,193.0828687892904,1,1,1,1,1,10,67,0,95313,3,0,10
704.9210914819181,76.52703993900809,1,1,1,0,0,22,58,1,55764,2,0,10
880.5544397826375,18.187723291228064,1,0,2,2,1,9,67,0,111191,5,0,10
,16.937957770924463,1,0,2,3,1,21,50,0,85019,5,0,10
91.8308211253035,144.4845580084867,0,0,2,3,1,15,57,0,109348,5,0,10
,,1,1,0,3,0,11,18,0,93605,1,0,10
534.3094253094218,65.44077878795835,0,4,1,2,1,23,44,0,85538,4,0,10
,,0,2,1,3,1,6,21,1,83501,4,0,10
452.6346185406237,10.498202807906608,1,2,0,2,0,3,66,0,89888,5,0,10
578.9541153506808,115.62117488608293,0,2,2,2,0,21,26,1,86700,5,0,10
726.0417175833124,,1,5,1,3,0,11,52,1,85884,1,0,10
,117.84647549521894,1,2,0,3,0,18,22,1,102180,4,0,10
406.81584530762893,37.07814345339236,1,0,0,0,0,3,44,0,110091,2,0,10
,,1,2,1,0,0,20,24,1,77864,5,0,10
559.6675971117838,66.29447551504515,1,4,1,2,0,7,41,0,88077,2,0,10
481.0242517872827,162.41059389352617,1,0,1,2,1,22,32,0,66284,4,0,10
229.70287559517857,91.9786736544506,1,5,0,1,1,7,51,1,100379,4,0,10
332.4288741276085,146.49605841785186,1,5,1,0,1,19,52,1,92689,5,0,10
958.9299058736508,10.33362226618464,1,1,1,3,0,3,19,1,71826,2,1,10
964.5614149702672,,1,1,0,1,0,23,36,0,100478,3,1,10
,147.43731325135147,1,0,0,3,1,2,66,1,39937,2,1,10
713.0939584775974,138.60362645331534,1,5,1,0,0,16,42,0,104686,2,0,10
350.31979477884823,180.59079598186497,1,2,1,2,1,21,63,0,83764,3,0,10
328.57800017457373,110.08528054789058,1,0,0,3,0,11,43,1,43373,3,0,10
392.4787794327387,,0,4,2,1,1,9,43,0,43473,2,0,10
154.58769859062838,127.59457569803352,1,2,2,1,0,18,49,0,65234,2,0,10
15.275164887876947,,1,5,1,0,0,24,19,0,33200,1,0,10
592.1354124616282,33.92414764317837,1,4,0,1,0,10,44,0,37502,4,0,10
690.7163466254713,63.80045171889841,1,1,1,3,0,1,58,0,61424,4,0,10
92.6643763264996,114.76766969484946,1,5,1,1,0,13,58,0,102844,4,0,10
36.9996732996285,121.70219044159153,1,1,2,2,1,14,37,0,41822,1,1,10
285.7516589424294,170.03271326400548,1,5,1,0,1,8,59,0,66496,4,0,10
971.056485886851,88.56072607849875,0,5,0,2,1,6,57,0,104413,5,0,10
673.1171361501113,30.74162356922876,0,4,1,1,1,22,46,0,95415,5,0,10
,104.96489246368004,1,4,0,2,1,8,69,1,52881,5,0,10
458.137154237655,22.143053164254137,1,1,2,3,1,11,60,0,66995,1,0,10
472.51184749155607,,1,2,1,0,0,16,52,1,89313,1,0,10
,96.9503691704351,1,3,1,1,1,4,20,0,45876,5,0,10
625.7418132551393,50.34452221190362,0,5,1,1,0,3,48,0,103421,2,0,10
413.424500942297,,1,5,0,0,1,21,60,0,84009,3,0,10
,,1,4,1,3,0,3,32,1,106899,1,0,10
994.7399762036836,2.1210831086659665,0,3,0,0,1,22,63,0,103552,3,0,10
458.3839238385442,111.16122748416296,1,4,1,2,1,19,43,0,47921,3,0,10
490.8291307945304,109.85274307584108,1,3,0,3,0,23,26,0,54642,4,0,10
527.5611701236975,193.98614055971925,1,5,0,0,0,6,46,1,69985,1,0,10
,42.50357780669065,1,2,1,1,1,5,23,0,84707,1,0,10
171.16206477783035,46.72281322642131,1,4,1,2,0,13,69,0,69305,1,0,10
,,1,2,2,3,1,3,30,0,73195,2,0,10
41.758928484942444,197.63506871520943,1,4,0,2,1,23,50,0,72342,5,0,10
,,1,4,1,3,0,15,45,1,80566,1,0,10
643.924929058034,23.64851317436216,0,4,2,3,0,3,26,1,82430,4,0,10
190.2292497401098,129.95830343062664,1,0,2,1,1,1,27,1,87268,5,0,10
217.49678989191412,14.71790806027542,1,2,2,2,0,3,43,1,93362,3,0,10
467.7714796784116,166.01911425575992,1,1,1,1,0,24,42,1,74094,5,0,10
107.07073112822572,70.74691667637143,1,1,2,3,1,14,24,0,85399,5,0,10
,,1,0,1,0,0,4,57,0,87982,4,0,10
743.8696017718339,182.55122015479583,1,2,2,3,1,17,43,0,41236,1,0,10
841.566093604907,154.97099360100057,1,2,2,2,0,11,43,1,97325,4,0,10
591.7870280093705,,1,2,2,3,1,17,63,1,73739,2,1,10
881.3729150503693,,1,5,2,1,0,12,51,0,92693,5,0,10
,54.229503078654574,1,1,0,2,1,18,55,1,109935,4,0,10
,61.61658268668732,1,1,2,2,1,3,52,1,100895,1,0,10
330.07111914980294,87.24089910051629,1,5,0,3,1,3,39,1,56610,3,0,10
610.5763990913689,70.60145153370698,0,5,1,0,0,16,53,0,57478,1,0,10
,115.4507540519962,1,0,2,2,1,23,20,1,95012,1,1,10
834.5647104438432,193.1031429906765,1,4,0,2,1,20,28,0,46405,4,0,10
583.2492916281556,,0,0,0,0,1,4,51,0,101655,1,0,10
897.5889783058051,198.36290462086723,1,3,0,0,1,16,53,0,79975,5,0,10
697.554309527259,110.1557796003475,1,4,1,2,1,10,51,1,74199,1,0,10
265.2579061313708,131.57764571617943,1,0,2,0,1,12,31,0,51749,3,0,10
521.9811161129082,5.421121450200572,0,3,1,3,1,1,60,1,65420,3,0,10
510.980235298516,22.185203547097583,0,3,2,2,0,14,58,1,57900,3,1,10
64.10383170547385,,1,4,1,2,1,23,38,0,33840,1,0,10
807.1351125049842,74.56837319453852,1,4,0,1,1,1,22,0,88342,2,0,10
852.1698477841829,110.14216816828996,0,1,0,2,1,15,20,1,92370,1,0,10
987.5136083033044,63.899581494614544,1,0,1,1,0,10,47,0,63998,2,0,10
872.9398208688688,20.50931651750951,1,2,1,3,1,11,18,1,59847,5,1,10
522.0544612235884,104.98755311128885,1,0,2,3,0,17,28,1,98164,5,1,10
472.3180352762939,100.31243957071496,1,3,1,0,1,24,38,1,86871,1,0,10
534.0982836206333,104.18048868712452,1,1,0,0,1,10,34,1,76612,1,1,10
134.94351359622593,103.01729740125064,1,3,2,1,1,21,65,1,112833,8,0,10
541.5089761893594,,1,5,2,1,1,5,47,0,50353,5,0,10
,17.578843682372323,1,4,0,0,1,5,65,1,74286,3,1,10
,192.88920275809156,0,0,1,2,0,11,33,1,95480,5,0,10
656.6502875478952,170.66201446248382,1,3,0,2,0,1,24,0,41682,3,0,10
878.0845239245626,123.97979189268614,1,3,1,0,0,15,50,1,35200,3,0,10
,160.9266998172679,1,1,2,3,1,18,61,1,78623,5,0,10
447.3425330701614,147.25771436828416,1,1,0,0,1,13,23,1,33727,3,0,10
55.25806867100258,139.6482688343199,0,4,2,3,0,20,48,1,35477,2,0,10
595.7911924409486,160.2100426450781,1,4,1,0,0,15,64,1,79666,1,0,10
325.51635099854406,138.24462629364842,1,3,1,0,1,6,24,1,65490,4,0,10
,146.8948324090998,1,3,0,1,0,19,34,1,40693,5,0,10
694.6609191246422,,1,5,1,0,1,17,41,1,99984,4,0,10
937.7333573185344,85.44341975573202,1,5,0,1,1,21,49,1,58716,5,0,10
,42.02359933517321,0,2,1,3,1,6,24,0,69969,5,0,10
424.70302215672285,68.52254373718947,0,4,0,1,1,15,26,0,50217,1,0,10
745.6692596256454,43.799484402168055,1,0,1,1,1,12,30,0,92171,1,1,10
225.41037537969933,93.570944417511,0,2,0,0,0,6,65,1,44895,3,1,10
,61.33115369064224,1,0,1,0,0,19,38,1,109720,1,0,10
656.1222019563878,54.65461537152958,1,1,2,2,1,12,20,0,45862,5,0,10
22.20413066430471,108.11799695070272,0,0,0,3,0,2,26,0,65019,3,0,10
987.9159016168018,173.86006673840265,1,0,1,3,0,4,51,0,101380,4,0,10
,190.87792712907583,1,2,1,2,1,17,52,0,109496,5,0,10
699.3527144843378,108.3942994158856,0,4,1,2,1,13,33,0,90562,1,0,10
,3.268497148713001,1,3,2,2,0,14,24,1,98778,5,1,10
812.1594358216797,73.56533634917358,0,3,1,1,1,19,55,0,48286,4,0,10
402.9895366165096,189.96057635154767,1,3,2,0,0,19,61,0,79611,5,0,10
98.8780218343449,,1,4,1,2,1,10,53,1,56341,2,0,10
459.16142817776193,185.87088913438888,1,4,1,0,1,13,55,0,57287,3,0,10
215.5778173370142,,1,1,2,2,1,5,59,1,63288,1,0,10
683.7171227610407,17.332070131810195,0,2,2,2,0,14,43,0,49580,2,0,10
602.5373331941919,104.14085769021952,1,1,2,3,0,13,39,1,47615,1,0,10
799.3533984218417,107.99102656557696,1,2,0,0,1,21,58,1,45695,5,1,10
,27.31639966811197,1,1,2,0,1,8,44,1,109738,5,0,10
331.198999006332,115.02406063230576,1,4,2,0,0,9,19,1,48614,5,0,10
112.61317333949516,,1,0,1,1,0,6,28,0,74916,3,0,10
179.18628466373775,126.1579821608762,0,0,2,1,1,19,35,1,72649,1,0,10
447.5649095111035,153.85421238621518,1,2,0,3,1,10,42,1,106273,4,0,10
585.8657489166928,144.37066367812622,1,4,2,0,0,6,62,0,97041,3,0,10
784.4065577155802,196.9496201317439,1,2,2,0,0,10,40,0,76892,3,0,10
964.3308642726992,97.79819164527372,1,4,2,1,0,6,22,1,63313,2,0,10
410.85776352193784,171.17875698364608,0,1,2,3,1,19,36,0,84271,4,1,10
765.1644018532336,,1,5,2,0,1,19,60,1,85023,5,0,10
,,1,2,2,0,1,21,32,1,75384,1,0,10
709.9345697635542,21.433460593439115,1,1,1,1,1,21,55,1,46904,5,0,10
,,1,1,0,3,1,20,39,1,50107,5,0,10
778.0997543706384,81.60263921416725,0,1,2,2,0,12,28,1,35504,3,0,10
413.0884924122764,72.86340265650004,1,3,1,2,1,5,21,1,94379,3,0,10
649.996896071258,,1,2,1,3,1,1,58,0,47495,1,0,10
397.5965731317429,128.778476763939,1,5,0,3,1,22,51,0,94330,3,0,10
324.6478269363883,,1,1,2,2,1,13,33,0,92224,2,0,10
652.2442100872588,120.15766807796098,0,1,0,3,1,20,23,1,31808,3,0,10
902.2447970441518,140.44084421977726,1,1,2,3,1,18,20,1,50810,4,0,10
829.5095447213968,42.14084625247709,1,1,2,1,1,16,33,1,103654,4,0,10
891.6401775841733,,1,3,0,0,0,18,65,1,78914,1,0,10
165.2074113430192,106.55589575623443,1,0,0,0,0,22,27,0,33890,5,0,10
,197.32946191035805,1,3,1,0,1,22,31,1,76559,1,0,10
188.36371771829653,177.3322340285808,1,5,1,2,0,15,53,1,80958,3,0,10
295.77390570715136,127.43815243819962,1,4,1,3,0,14,41,1,110546,4,0,10
516.9107057204834,158.43578310926708,1,5,0,1,0,22,18,1,56060,2,0,10
63.15775867141382,,0,3,0,1,0,20,35,0,86267,5,0,10
951.3849850175428,,1,5,2,2,0,24,29,1,80665,3,0,10
542.8275698753167,155.36649384139267,1,2,0,1,0,17,53,1,81085,5,0,10
316.02554131456037,169.40002874389364,1,2,0,1,0,19,21,1,86386,5,0,10
624.244042369237,3.066127814357267,1,0,1,0,0,3,57,0,49718,1,0,10
911.6136056701072,83.14032296316529,1,1,0,2,1,13,32,1,72571,4,0,10
255.79896666558523,122.94547751824696,1,1,1,2,0,16,48,0,65194,1,0,10
,136.9072483058635,0,4,0,2,0,21,52,0,53873,3,0,10
230.75697369872884,36.36346397276875,1,5,0,2,1,4,42,0,89459,4,0,10
213.56143892292255,80.82613785175046,1,4,0,0,0,22,58,1,48431,3,1,10
908.7093709991308,111.1988177430938,1,4,2,3,1,18,40,1,81382,4,0,10
986.6165091698527,177.88366737957438,1,6,1,1,1,3,47,0,62120,1,0,10
253.2755309559257,,1,0,1,3,0,16,56,1,39463,2,0,10
336.3952497562627,194.47617343261263,1,4,2,2,0,7,43,0,90411,5,0,10
991.0335251882996,50.98342596099754,1,0,2,2,1,17,44,1,83085,5,0,10
280.0730228838639,137.34756608595995,1,4,1,0,1,18,39,1,57673,5,0,10
243.821227428516,152.64324587723405,1,4,0,2,0,21,58,1,65283,4,1,10
166.82560610265838,166.5594488443063,1,5,0,3,1,24,31,1,37193,1,0,10
549.0310883396503,38.84104058072757,1,4,1,0,0,10,50,0,50020,4,0,10
876.6861759337993,4.172387865992477,1,2,2,2,0,23,61,0,77512,3,0,10
,70.23268172418737,1,0,1,2,0,12,57,1,67240,1,0,10
438.22356145165145,99.35454244709712,0,3,2,2,0,4,22,0,82289,2,0,10
324.317623802125,17.357556282475795,1,5,1,3,0,15,50,0,84742,1,0,10
,,1,5,0,2,0,19,56,0,76925,3,0,10
451.2051505304513,,1,1,2,2,1,11,37,1,40688,2,0,10
819.9804117925571,146.5417572369989,0,4,0,3,1,4,57,1,61078,5,0,10
158.78253682052213,,1,5,0,1,1,15,68,1,53701,3,0,10
539.6028315111135,153.21413103109606,1,1,2,2,0,14,61,0,55726,3,1,10
942.899901493538,167.35049196591777,0,1,2,0,0,7,63,1,69579,4,0,10
793.4228261253367,184.5487794392236,1,4,1,3,0,19,38,1,83539,4,0,10
206.17645245722605,152.2400211631274,1,4,1,0,0,3,49,0,73853,1,0,10
,129.25915389029876,1,1,0,1,1,24,65,1,93859,1,0,10
,,0,1,2,1,1,15,68,0,65045,1,0,10
598.7703526756976,189.6218482219145,1,0,0,0,0,7,18,1,102170,5,1,10
603.7684581766262,178.94048772616586,1,1,0,3,1,10,34,0,71472,3,0,10
914.0348004257162,71.03572010990389,0,2,1,1,1,9,27,1,74240,3,0,10
,158.09325888936917,1,1,2,2,1,5,22,0,78108,3,0,10
922.6937463220906,194.23096431400452,1,1,2,2,1,17,68,0,106129,2,0,10
487.32704251317995,,0,2,2,1,1,21,45,0,43905,2,0,10
,118.84734084099942,1,0,0,2,0,22,67,1,56695,5,0,10
725.4779790232448,44.170686813237126,1,0,0,3,0,2,55,0,114000,3,0,10
,127.78115453698256,1,4,0,1,1,14,54,0,96457,1,0,10
,195.73145748373233,1,5,0,0,1,21,53,0,91766,1,0,10
695.9229806013973,41.03940647564208,1,3,1,0,1,23,65,0,88165,5,0,10
543.9656219816299,20.06174076565914,1,1,0,0,0,4,37,0,54916,4,0,10
744.6714607479172,1.097860074995638,1,1,1,3,0,2,49,1,103732,1,0,10
,126.85784522849288,1,2,1,3,1,5,42,1,101036,2,0,10
,124.30771983241092,0,3,1,1,1,2,50,0,97373,1,1,10
,48.44877201043285,0,3,1,1,1,11,55,0,40926,4,0,10
321.5331997615057,128.46157703538242,1,3,1,3,0,16,44,0,77433,1,0,10
865.8457454466037,17.237968118218383,0,1,0,1,1,23,64,1,60653,4,1,10
480.6149410044653,65.72863034620606,1,3,2,3,1,12,55,1,49430,4,1,10
252.98044424475387,177.03938427598803,1,4,0,0,1,8,19,0,55182,1,0,10
369.75798150644425,,1,4,2,0,1,15,40,0,79933,7,0,10
,,1,5,0,2,0,22,43,0,37858,5,0,10
,44.63279351935996,1,5,0,3,1,9,18,1,91636,1,0,10
821.7245170038301,36.66654637435547,1,1,0,1,0,1,23,0,40598,5,0,10
,68.18265579066289,1,0,1,3,0,4,33,0,57412,1,0,10
,157.6489752457199,1,5,0,3,0,5,50,1,71775,3,0,10
662.8520409183634,,1,0,1,0,1,6,65,1,105987,1,0,10
383.9745089010487,68.5778062641639,1,3,2,0,0,17,26,1,39112,1,0,10
55.9491567839987,73.53693582387857,1,1,2,1,0,8,58,0,103513,3,0,10
104.80402059393111,45.58888504685401,1,4,2,1,0,2,62,0,43115,1,0,10
610.8101422965162,71.9971203648377,1,4,0,1,1,13,22,1,95900,2,0,10
785.3530044530394,175.6738159040615,1,5,1,1,1,1,46,0,38181,3,0,10
508.7159104489718,104.34494547594258,1,4,2,2,0,17,48,1,52051,1,0,10
284.79537627394535,185.7575548632222,1,3,1,1,0,18,28,0,95842,3,0,10
597.328586655476,144.23329278496973,1,5,1,2,1,13,18,0,49811,5,0,10
147.3470444191206,137.0505795773539,1,3,0,2,1,16,56,0,107494,4,0,10
727.8766768839209,197.1268596862776,1,4,0,1,0,3,57,0,77841,2,0,10
328.18900290625083,188.82831487741296,0,1,1,3,0,18,48,0,105591,2,0,10
999.4590161634432,27.22413862425588,0,5,1,3,0,5,42,1,109707,1,0,10
940.3737351569062,38.77636693868649,1,0,2,0,0,2,32,0,99933,4,0,10
46.190355737152245,126.12087180823224,1,2,2,1,1,12,64,0,79353,3,0,10
215.3433025536562,85.90713883134823,1,1,2,1,0,22,56,1,46830,5,0,10
717.556920712131,123.37387527411666,1,0,1,3,0,13,31,1,43559,2,0,10
884.3152743283417,170.16977959782778,1,1,0,2,0,9,60,0,42806,5,1,10
,188.33153586751504,1,4,0,3,0,4,25,1,96194,2,0,10
79.3854070085428,89.25683227209382,1,0,2,3,1,21,28,1,48481,4,0,10
129.84379493641796,64.4452495390715,1,2,1,2,0,8,61,1,115976,3,0,10
621.8553506131727,185.1588166496771,0,2,0,2,0,22,51,1,107473,4,0,10
556.0500514043222,,1,1,0,3,1,16,58,1,76748,2,1,10
951.804498367238,,1,4,1,0,1,5,39,0,67083,3,0,10
405.6348551652154,116.10031747082613,0,1,1,1,0,1,62,1,70930,1,0,10
958.5905997653446,179.41289839400056,0,2,2,3,1,8,37,0,42571,5,0,10
971.2990846420907,,1,2,1,3,0,18,63,0,97166,2,0,10
142.35677375283507,131.41039348952845,1,4,2,3,0,6,28,0,91156,5,0,10
953.7290163505588,166.92754366178616,1,0,1,0,0,10,53,0,49833,1,0,10
59.92086748342251,,1,3,1,1,1,6,62,1,98680,3,0,10
,162.04437361816474,0,4,1,3,0,21,55,0,63957,4,0,10
253.01188184114287,105.4762394892919,0,1,0,0,0,22,59,0,101271,1,0,10
504.0522883458077,93.53213569072255,0,0,2,3,1,10,33,0,84994,2,0,10
,,1,1,1,2,0,5,59,1,77709,3,0,10
,173.08073037631965,1,2,2,0,1,21,58,1,53517,4,0,10
,195.49738341283464,1,5,0,1,0,10,48,1,98840,5,1,10
,,1,1,0,3,1,23,66,0,116496,4,0,10
944.3549285078184,,1,5,1,1,1,5,54,0,91815,5,0,10
,90.1468423674758,1,5,1,0,0,22,38,1,63655,3,1,10
661.4205429448255,63.46338430572198,1,0,0,0,1,24,27,1,62602,3,0,10
998.1710357723052,,1,2,2,1,1,21,46,1,98962,4,0,10
7.529544399692778,109.29003667252984,1,5,0,3,0,7,20,1,86280,1,0,10
399.4398885806294,77.32973658519944,0,3,1,0,0,1,54,0,109215,3,0,10
629.838357325191,124.81296755380411,0,5,0,1,1,9,61,0,103470,2,0,10
79.80480865458861,191.08306979592817,0,0,1,2,1,6,63,0,69971,1,0,10
,179.0246264412518,1,2,0,0,1,6,35,0,71314,5,0,10
,123.65475257714616,1,5,2,2,0,16,42,1,72672,5,0,10
985.8011486363208,48.9465297835217,1,0,0,0,1,19,55,1,89105,5,0,10
5.448010339778264,,0,0,2,2,0,12,61,0,74583,4,0,10
198.30079649517504,26.42365959846036,1,4,2,0,0,16,55,0,71867,5,0,10
695.5466782817581,98.32934119495104,1,1,1,1,1,9,51,0,48612,4,0,10
455.1762522413527,,1,5,2,3,1,7,34,0,39701,5,0,10
536.201047781443,,1,2,2,2,0,16,20,1,105235,2,0,10
862.676488314302,20.17287421338516,1,1,0,3,1,14,64,1,43691,2,1,10
893.8393228081414,177.24933726503582,1,1,1,0,0,20,23,0,89962,4,0,10
283.1908788742348,62.84113207718933,1,2,0,3,0,12,58,1,100720,5,0,10
567.4331550249836,,1,4,0,3,0,17,33,0,92132,4,1,10
538.8805587104897,,1,1,0,0,0,5,29,0,96932,1,0,10
545.3567658002006,,1,5,1,2,1,11,35,0,59123,5,1,10
334.87323251745147,160.979694222928,1,1,0,3,1,5,53,1,78578,2,0,10
960.002731611508,159.08919757324244,1,5,1,1,0,14,47,0,74310,2,0,10
446.4263171552625,161.05075235652134,1,5,2,3,1,20,39,0,105416,4,0,10
225.72356599519097,71.68088161191505,1,5,2,2,1,12,23,0,54607,6,0,10
46.906597148309245,6.799789149826485,1,4,2,3,0,3,26,1,36899,5,0,10
202.4724134660628,,1,2,2,2,1,6,19,1,101357,4,0,10
618.4907274721722,,0,1,0,2,0,7,68,1,77323,2,0,10
874.9720478580153,143.05140023621627,1,3,1,1,0,21,46,0,52453,1,0,10
291.1532242648255,88.12841547153465,1,2,0,1,1,7,56,0,109352,3,0,10
449.00553157350663,69.96858774069554,1,2,1,0,0,23,21,0,49123,5,0,10
819.070790386962,41.291596539579345,1,3,0,0,1,1,34,1,64696,3,0,10
125.463191205598,127.2475831577098,1,3,0,2,1,12,58,1,99787,4,1,10
300.98212107159304,140.88168929444544,1,5,1,2,1,6,51,1,107312,3,0,10
,107.74364944169665,1,0,2,2,0,6,56,1,42254,3,0,10
527.0825218069535,,1,5,2,3,1,12,51,0,50161,4,0,10
915.8083236458516,,1,3,1,3,1,7,25,0,29586,4,0,10
974.9485010537992,61.88623845178154,1,1,2,1,1,21,32,1,96661,1,0,10
775.6567502598067,167.93284535040226,0,0,0,2,1,7,36,0,63391,2,0,10
916.4378560444768,151.46261068682568,1,2,1,0,0,14,46,1,69904,5,1,10
,152.04677984818846,1,2,0,1,1,22,65,1,98780,3,0,10
938.3697607018898,8.605079002370285,1,5,0,3,0,16,59,0,103355,5,0,10
,23.895837529922815,1,0,0,2,1,23,56,1,49163,5,0,10
90.9621457867813,97.17379191347716,0,4,0,0,0,23,50,1,35748,1,0,10
,8.510864051342049,1,2,2,3,1,23,42,1,102640,5,0,10
780.0316173292497,166.09216046761145,1,5,1,0,0,1,25,1,48259,3,0,10
56.34715345819941,162.82166215083126,1,4,1,1,1,24,22,1,71638,5,0,10
908.6547509851724,133.71864070172143,1,3,1,2,1,24,22,0,93104,4,0,10
584.1063950052652,18.274208634428636,0,2,1,2,1,23,48,1,95045,4,0,10
649.0939054902525,,1,5,1,3,0,5,44,0,107013,1,0,10
,98.09402213238307,1,0,1,3,0,3,55,0,44273,5,0,10
624.1943867868802,94.92983877243364,1,3,0,2,0,3,48,1,111292,4,1,10
117.65512026243483,45.54353559512323,1,4,2,1,0,15,28,0,97306,4,0,10
441.4697887585535,,1,1,2,1,1,16,21,0,48399,1,0,10
,,1,0,1,0,1,4,62,0,50456,3,0,10
926.0303999416752,152.22068762760142,1,1,0,0,0,16,60,1,39337,4,0,10
452.20163675536776,68.94990999836601,1,0,1,0,1,19,55,0,86187,4,1,10
177.57732155432848,82.29529710962922,1,3,2,0,1,2,19,0,41326,5,0,10
22.457490556031523,122.89463411755548,1,3,1,1,1,18,45,0,38553,4,1,10
846.6871584588131,49.78470264405412,1,4,0,2,1,19,28,1,54027,5,0,10
,25.340156845881957,0,3,0,2,0,9,46,0,98897,2,1,10
544.0150994154425,,0,2,1,2,0,20,32,1,49177,2,0,10
704.8900265922305,120.2102902384442,1,2,1,3,1,1,28,1,57219,2,1,10
982.6155573421512,183.0514107015765,1,0,0,3,1,10,42,1,97312,3,0,10
690.4219164675328,167.004148873187,1,4,0,2,1,7,61,1,110754,5,0,10
,128.90071299661713,1,3,0,0,0,10,66,1,115221,2,0,10
,29.19474889607503,1,5,2,3,0,8,62,1,110342,1,1,10
15.33108413019335,127.08432576988054,1,0,1,2,1,3,30,1,96831,5,1,10
887.7995732504838,67.06805530078188,1,4,0,2,0,1,21,0,92373,3,0,10
611.0858837668197,73.71695667604172,1,4,1,3,1,15,37,0,100434,5,0,10
819.0764002037414,15.495930769096368,0,2,0,0,1,18,46,1,80144,4,0,10
644.2589043700032,19.12101424360679,1,3,2,3,1,11,64,1,73783,5,0,10
991.7120181804382,,1,2,1,3,1,6,38,1,57287,5,0,10
609.7992488745193,135.2235308711555,1,2,1,3,0,4,53,1,81894,3,0,10
648.9647267287705,88.13894687239863,1,1,1,3,0,20,38,0,94517,2,0,10
493.030785980911,178.34825007400408,1,3,1,2,0,4,26,0,93820,5,0,10
907.7307040055232,,1,3,1,3,0,22,49,1,82295,3,0,10
78.42689447134387,,1,2,0,3,0,15,64,1,64642,3,0,10
,,1,4,0,1,1,12,49,1,93686,1,0,10
262.20383975538607,92.14957828691746,1,4,0,3,0,7,60,1,91499,4,0,10
604.4246314032295,136.20192295875236,1,0,0,3,1,18,35,0,63400,4,1,10
773.5147664921296,99.86544905474256,1,2,0,0,0,20,25,0,89016,4,0,10
,81.16464137394584,1,3,2,3,0,17,59,0,41924,2,0,10
448.5926783426212,,1,2,0,0,1,4,40,0,73130,2,1,10
35.58401885973961,94.94875782189165,1,3,2,2,0,6,65,1,56884,5,0,10
663.214103193207,,1,4,2,3,1,24,26,0,94345,3,0,10
,,0,1,0,2,0,22,32,1,40674,2,0,10
,65.25957471515646,1,1,1,0,0,3,62,0,50753,2,0,10
,99.99373138240178,1,2,0,1,0,14,57,0,59634,2,0,10
,20.89764561100185,1,0,0,3,0,14,21,1,74316,1,0,10
770.0371303846626,33.2316990160642,0,4,1,0,1,8,63,0,109411,4,0,10
726.0511263139028,110.20813880118216,1,5,2,3,1,21,50,0,64334,5,1,10
562.746630627441,14.533528042786092,1,4,0,0,1,8,55,1,75609,2,0,10
440.7877904073936,46.7694051959429,0,5,2,0,0,16,28,0,86932,2,0,10
316.15485445046977,21.537214004982474,0,4,2,0,0,24,23,0,36823,5,0,10
148.41796447043987,151.54809200479292,0,4,1,3,1,16,27,0,56189,5,0,10
149.60367160365274,111.40508605696726,1,5,2,2,0,11,27,1,98727,4,1,10
719.7611942752958,190.209146412566,0,4,2,0,1,10,20,0,85300,1,0,10
146.93894965853536,95.95390873911713,1,0,0,0,1,11,60,0,81389,5,0,10
,,1,4,2,1,1,6,36,0,45862,1,0,10
928.322544999612,132.68028957974082,1,1,1,2,1,4,65,1,82273,3,0,10
498.3817280948478,11.029235534546933,1,4,0,3,1,2,18,0,85275,2,0,10
,32.44347128652425,1,0,2,2,1,23,62,1,91753,2,0,10
549.3018599215189,173.57120501856588,1,3,1,0,0,2,55,1,72521,2,0,10
860.2141659058518,193.17495029942737,1,2,2,2,0,24,66,1,66033,2,0,10
131.0316045251213,161.8764828267366,0,2,2,2,0,14,54,0,36669,4,0,10
336.31077182596624,,1,0,0,1,1,13,58,1,82773,5,0,10
356.58546897525144,37.85247935299132,0,1,1,0,0,6,69,0,113488,1,1,10
700.1641524629687,135.12149693136567,1,2,2,3,0,21,18,0,98384,3,0,10
236.1292614693371,3.863858359593753,1,4,1,2,0,16,24,1,58442,2,0,10
822.2378190376838,,1,0,1,3,0,19,20,1,87360,4,0,10
612.7617013204584,44.53252450811842,1,3,0,0,0,12,23,1,71220,4,0,10
,111.8930955009757,1,1,0,3,1,9,20,1,52298,4,0,10
,140.6206535940495,0,4,1,2,0,10,18,1,78924,4,0,10
684.1960165953127,,1,2,0,2,1,9,53,0,83410,1,1,10
,59.384700276797695,1,3,0,1,1,15,57,0,86332,1,0,10
216.40665415606776,109.55975238669598,0,1,1,0,0,11,33,1,83314,4,0,10
890.6005892549435,,1,2,0,0,1,14,40,1,97631,4,0,10
,,0,4,1,1,1,1,60,0,66138,4,0,10
,147.93689721139657,1,2,2,2,0,3,50,1,35028,1,0,10
717.62577098744,,0,0,0,1,1,1,20,0,60315,3,0,10
130.56122341147537,,0,2,1,2,1,9,64,1,86088,3,1,10
977.4371904037648,82.5502606097523,1,3,2,2,1,22,35,0,99753,5,0,10
457.9854404474714,,1,3,1,2,0,22,23,0,51968,3,0,10
932.327458791295,,1,5,1,0,1,13,28,0,65261,1,0,10
210.4557146935157,120.89549396940616,0,1,1,3,1,11,29,1,79266,5,0,10
721.1284326154948,,1,3,1,3,1,3,51,0,38324,2,0,10
,188.0431487913311,0,5,1,0,0,15,67,1,76826,2,0,10
683.7204388532259,171.14832028056782,1,0,1,0,0,4,45,1,89977,2,0,10
898.3951673259809,47.1384781622419,1,2,1,2,0,1,29,1,38884,5,0,10
,5.720897075461462,1,5,0,1,0,16,42,0,98902,5,0,10
214.26337416033115,34.043023429893296,0,2,1,1,0,6,45,1,90190,3,0,10
343.0983412274644,157.7796634396113,1,4,2,1,1,4,45,0,66550,3,0,10
623.6380037391657,,1,3,1,3,0,22,37,0,81860,4,0,10
,59.71692313343138,1,3,2,1,1,23,28,0,81549,2,0,10
9.57711073171852,,1,4,2,3,0,1,53,1,35928,4,0,10
641.1503005238443,155.23438362910568,0,1,0,3,0,13,55,0,76039,5,0,10
408.1697893352869,13.472762512636647,1,4,0,3,0,3,48,0,70476,1,0,10
,,1,3,0,2,0,14,51,1,113427,3,0,10
80.76353530717218,61.57360032743029,1,5,1,1,0,1,42,0,75307,2,0,10
664.1291223223067,110.99845499074604,1,4,0,0,0,11,54,0,40951,2,1,10
915.0334167209865,70.58765841842751,1,4,0,1,1,22,66,1,111406,4,0,10
280.75176314074577,5.153480100273988,1,2,2,0,0,5,48,0,64745,5,0,10
433.09129667640786,11.112131026063498,1,4,0,0,0,20,29,0,68696,5,0,10
537.2417032533483,24.306828316961223,1,3,2,2,1,21,40,0,103241,5,0,10
64.61755696637417,90.36381642523808,1,0,1,3,1,12,59,1,58631,4,0,10
297.34002673116464,3.096899036753342,0,2,1,2,1,20,48,0,78371,5,0,10
656.9535123828404,,1,3,0,0,0,17,25,0,70903,5,1,10
343.47495741857426,155.52650152748498,1,0,2,2,0,7,67,1,56474,5,0,10
,197.7290336257775,1,0,1,3,0,16,42,1,32610,4,0,10
245.5015231924693,111.96908782105636,1,4,2,1,1,19,33,0,32451,2,1,10
368.52062299439126,44.08086889122054,1,1,0,3,1,19,44,0,53429,4,0,10
933.399594474512,123.72783263783968,1,3,2,0,1,4,31,1,68799,2,0,10
601.3740874187561,95.28298938475884,1,3,2,2,0,4,50,1,66979,1,0,10
986.750309907258,93.717894833805,1,3,1,2,0,1,30,1,53602,5,1,10
598.8211860257561,,0,3,2,0,1,1,21,1,99347,3,0,10
52.12536872827344,,0,3,1,0,0,22,38,1,75959,1,0,10
240.5022237283739,7.75104144915586,1,1,0,3,1,6,44,1,65385,1,0,10
496.1004043313294,39.27801907829978,1,2,0,1,1,11,67,0,84378,4,1,10
9.83926564143367,42.103320033473054,1,0,2,0,0,3,69,1,61374,1,0,10
831.583464380495,188.3682383111902,1,1,0,1,0,17,48,0,104040,1,0,10
673.0455453768466,3.3586026959084636,1,0,1,0,1,14,37,0,53273,5,0,10
470.47570076199554,,0,5,2,3,0,1,66,0,88545,3,0,10
676.9527999441451,,1,2,0,2,1,7,49,1,35865,4,1,10
831.097029129038,148.81277885854112,0,4,0,1,0,18,43,1,44539,5,0,10
255.49005412703252,,1,1,2,0,0,18,49,1,111688,4,0,10
376.9697835429505,9.492268688956674,1,0,0,2,1,14,22,0,66938,1,0,10
528.248690463217,32.091469073512435,1,1,2,0,1,23,56,1,67499,2,0,10
791.940662676498,127.7195705987716,1,1,2,0,1,6,34,1,57042,5,0,10
967.2138802003052,164.7935969465376,0,1,0,3,0,3,45,1,49555,3,0,10
792.3863188693994,162.88895065228957,1,4,0,1,1,13,25,0,91382,5,0,10
317.5873390889458,37.202948580477965,1,0,0,3,0,8,18,1,52801,1,0,10
230.16865181491252,,0,3,2,0,0,4,65,0,109572,3,0,10
590.895259475649,156.52506887478893,1,2,0,1,1,18,44,0,64675,2,0,10
,168.9524704154014,1,3,2,0,0,21,34,1,51508,4,0,10
,168.07990183833076,1,0,0,3,0,15,31,1,49088,4,1,10
218.88106655085525,98.02042742867462,1,2,2,0,0,9,48,1,82949,5,0,10
722.6778164136326,,1,4,0,0,0,17,20,1,60139,3,0,10
393.3820843895642,196.5811814030008,0,5,1,1,0,4,63,0,67499,4,0,10
401.4095626295637,80.47606360747676,1,3,0,3,1,2,58,1,73300,4,0,10
552.5639798488718,132.45359712468434,1,2,2,3,1,16,39,1,96688,1,0,10
323.72830401714083,65.57776353288305,1,4,0,1,0,18,46,1,51420,3,0,10
39.06542041925831,68.64697726113647,1,2,2,2,0,14,22,0,60009,4,0,10
271.9242179514424,184.59719134016137,1,0,1,3,0,4,55,1,96849,3,0,10
,193.6095973725721,1,0,2,1,1,22,69,1,58951,6,0,10
193.7068453419489,44.773800873458526,1,2,0,2,0,17,49,1,41116,1,0,10
969.5994250189896,126.41700852258022,1,0,0,3,0,3,29,1,89406,1,0,10
993.4254209051254,46.89220276312709,0,3,2,1,1,6,69,0,48435,4,0,10
150.24679970063116,83.39115413735232,1,0,1,1,0,15,20,1,34303,5,0,10
241.4868089456118,137.75253480073917,1,4,2,0,0,4,67,1,68676,1,0,10
717.0442021158123,183.62642808418283,1,4,0,3,1,8,55,1,90309,3,0,10
102.48233034174348,12.899527297884772,1,1,1,0,1,18,69,1,97435,5,0,10
507.76531240932377,163.14559323537762,1,0,0,2,1,3,58,1,54246,5,0,10
,144.85758270426342,0,3,0,3,0,1,64,1,74949,1,0,10
,171.113579661023,1,1,1,0,1,4,43,1,69566,2,0,10
,188.66986158427468,1,2,0,0,1,14,19,0,44691,4,0,10
314.0711861832659,,1,2,0,0,0,13,21,1,50937,1,1,10
577.3329817457853,176.95805164387392,0,0,1,0,1,16,31,1,88033,5,0,10
207.46251341021016,,1,5,1,2,1,10,33,1,107786,2,0,10
811.2613903525671,,1,2,0,0,0,24,69,0,117324,5,0,10
785.2926180519809,68.9353857127349,0,5,1,0,1,19,27,1,84157,4,0,10
,64.27607004431492,0,4,2,2,1,19,42,0,65761,1,0,10
875.4443300259516,104.77187859653738,1,5,2,3,0,12,19,0,61632,1,0,10
,171.06865230046694,1,3,2,2,1,14,22,1,44082,6,0,10
854.5603743557007,78.61584418053616,1,5,1,0,0,12,40,1,71933,5,0,10
748.0879758930394,136.41189016994423,1,4,0,2,0,17,22,1,91569,1,0,10
994.6653923471632,156.20054689106385,1,0,2,0,1,16,42,0,88616,2,0,10
879.6633170646501,184.1946147428784,0,1,1,0,0,11,54,1,111191,2,0,10
107.79427985356938,,1,3,0,2,0,2,21,1,50759,2,0,10
479.8919540510397,7.508921388403378,1,1,2,0,0,12,53,1,112751,5,0,10
,40.31736497723237,1,3,2,1,0,5,59,0,86510,2,0,10
215.1415061239936,60.644632270544264,1,1,0,0,0,1,59,0,43812,2,0,10
237.08574436242336,,1,2,1,2,0,7,19,0,80059,4,0,10
,179.98577606754858,1,0,0,2,0,20,65,1,61871,3,0,10
,191.7334070433247,1,4,2,0,1,23,46,0,37895,3,0,10
854.0156066869438,106.56135126988056,1,5,1,1,0,5,34,1,77762,4,1,10
,142.98659221661362,1,4,0,2,1,8,39,1,91473,3,0,10
913.9524306713688,88.45758171519176,1,4,2,3,0,2,35,1,99073,3,0,10
413.9253257907976,1.725869844666339,1,5,2,0,0,4,66,1,102181,2,0,10
2.272345200970638,155.82104691330534,1,3,1,1,1,17,45,0,106243,4,0,10
,196.63665279927736,1,0,1,2,1,1,59,0,63828,1,0,10
17.93037140856746,125.41024212487396,1,5,1,2,0,18,32,0,75965,4,0,10
,42.368792862622584,1,0,0,0,0,5,29,1,50300,1,0,10
197.6721925142616,147.71399514990864,1,0,2,1,0,2,25,1,29007,5,0,10
211.67239933131088,52.29464695646562,1,0,0,0,1,19,56,0,103497,5,0,10
923.7587770691676,137.4476649074511,1,3,1,2,1,10,46,1,37564,2,1,10
626.2918118671132,112.34496173096976,1,0,1,1,0,14,62,1,99778,2,0,10
497.8139077289014,,1,2,2,3,1,13,48,0,96165,2,1,10
821.332053992784,81.19237094236402,1,0,2,3,1,3,47,0,107669,4,0,10
536.9698364769233,,1,2,1,1,1,16,55,1,70083,3,0,10
922.8956732597264,170.80998835558725,1,3,2,0,0,7,43,0,111834,6,0,10
845.2599266581371,3.076100586796948,1,5,2,2,1,23,35,0,97077,2,0,10
635.1988515740045,32.796158070836135,1,5,1,3,1,13,35,1,63569,2,0,10
330.2975685268726,91.8502307451097,1,0,2,1,0,23,33,0,49372,2,0,10
,195.9518134123124,1,0,2,2,0,17,35,0,77882,3,0,10
458.6590980022105,,1,5,1,1,1,18,33,1,75071,2,0,10
731.2985399466513,26.3111646821792,1,0,1,1,1,14,45,0,93053,5,0,10
,12.946943451735285,1,5,2,0,1,17,20,1,26636,3,0,10
409.1321614400319,183.55567344129764,1,5,1,0,0,15,20,1,38619,2,0,10
969.5609546372588,,0,2,2,2,0,5,31,1,58965,5,0,10
890.7565217618236,12.876829473173522,1,1,2,0,0,10,32,0,67570,4,0,10
,104.31621712321156,1,2,2,1,0,11,38,1,33552,3,0,10
457.5521910942936,19.894609702471833,1,4,2,2,1,18,58,0,77403,4,0,10
284.1943159848955,60.70829896950909,1,2,2,1,1,18,35,0,58499,4,0,10
,91.77210082498505,1,5,2,3,0,1,65,0,111160,5,0,10
,26.60215894159257,1,2,1,3,1,19,56,1,88277,4,0,10
,115.66560709090253,1,0,1,0,1,18,36,0,78020,2,0,10
368.22107202786214,160.0271690124845,1,3,0,2,0,2,50,0,104615,4,0,10
32.65614874013922,81.70700206153421,0,2,0,3,1,16,57,1,113525,1,0,10
256.29382849760606,,1,0,2,1,0,3,54,1,59138,3,0,10
663.8583205087975,116.40041230208683,1,3,0,0,0,20,30,0,45818,4,0,10
,89.00130728207358,1,3,0,2,0,15,36,0,88435,1,0,10
,17.535938811462092,1,4,1,3,0,16,30,1,34709,1,0,10
696.66473872171,,1,2,2,2,0,16,58,1,116804,2,0,10
469.0010283287546,30.020629866581537,0,0,2,2,0,18,18,0,29045,5,0,10
154.5222730449648,83.22800148735423,1,2,1,1,0,19,51,1,37946,3,0,10
,7.808947080972861,1,2,2,2,1,20,26,0,100467,3,0,10
912.8760579662124,96.10974463313768,1,4,2,0,1,21,25,0,105748,4,0,10
492.5972918033854,111.32820101853184,1,2,2,0,1,2,59,0,41093,4,0,10
111.33209788351483,,0,3,1,2,0,4,45,1,46150,1,0,10
,87.11054160363491,1,0,2,3,1,2,36,1,86386,9,0,10
320.3152304342981,72.92061765007547,0,0,2,1,1,18,21,1,45117,3,1,10
344.58088356923076,157.12540473696373,1,3,2,3,0,19,56,0,88949,5,0,10
837.873613142816,89.00347865377127,0,2,0,3,0,20,18,0,36655,4,0,10
,175.83431644509108,1,5,0,2,1,2,24,1,62130,3,0,10
93.8065935420942,146.76374968391772,1,3,1,0,1,15,56,1,50686,3,0,10
,192.38669570154852,0,0,2,2,1,10,29,1,38381,1,0,10
843.6042558130973,82.93036054036742,1,5,2,0,1,10,65,0,64220,5,0,10
235.2554567708013,,1,0,1,3,1,14,68,1,67526,3,0,10
878.8003023399898,113.16181768109855,1,5,2,3,0,11,36,0,88934,5,0,10
90.02220376177439,117.49433464392492,1,3,0,1,1,8,61,1,69705,5,0,10
922.350094853542,47.42718340270737,1,2,0,0,0,12,68,0,65491,3,0,10
185.5129195304437,58.52664815305513,1,0,0,2,0,10,67,1,75550,1,0,10
208.8867318221106,,1,5,1,3,0,22,59,1,54169,1,0,10
276.061627782133,46.35473067452065,1,2,1,1,1,22,30,0,68721,5,0,10
381.338547612277,182.20588855811317,1,3,2,0,0,18,56,0,39392,3,1,10
793.9426940126541,192.21051474724123,1,4,2,0,1,5,58,1,88071,5,0,10
169.98198392095742,,1,4,0,3,0,11,44,0,84958,5,0,10
399.9958120255424,156.5080798016374,1,3,1,0,0,13,62,1,56193,5,0,10
,155.69785652249064,1,2,0,3,0,3,43,0,39501,4,0,10
,170.29794498614618,1,1,2,0,1,20,32,0,40080,5,0,10
966.1285954968952,,1,2,2,0,1,2,41,1,39082,5,1,10
397.11846480131527,191.79488258028056,1,5,2,3,1,15,68,1,50360,5,0,10
914.9060105283896,92.1962739744896,1,3,0,0,0,10,68,0,120376,3,0,10
,67.31954459547222,1,4,0,2,0,18,23,0,54650,1,0,10
49.73217376962591,69.9774530121239,1,3,2,1,0,14,25,1,34925,1,0,10
277.19073849851696,,0,0,0,2,1,2,45,1,66482,3,0,10
385.4009325172352,188.78361804130935,1,1,1,3,0,11,38,0,74690,1,1,10
781.6674400999877,59.732335064057374,1,0,1,2,1,1,39,1,45964,1,0,10
,152.54214468698785,1,2,2,2,0,20,28,0,76973,2,0,10
846.2907026874138,79.27368432597098,1,1,2,2,0,5,66,0,84569,1,0,10
,,0,5,0,1,1,6,31,1,63268,1,0,10
125.11660829501314,,0,4,0,0,1,20,60,1,76762,1,0,10
593.7743922516911,,1,0,1,0,0,1,40,1,52572,4,0,10
88.41611632454172,197.71076034269652,1,5,0,2,1,15,38,0,73377,1,0,10
992.0380062098396,38.89700959073266,1,3,2,1,1,9,20,1,68200,2,0,10
500.3717279912491,2.498285335987993,1,1,1,0,1,17,33,0,39146,5,0,10
869.6764970904386,124.13470806531154,1,5,2,2,0,2,54,0,77493,1,0,10
576.1459507560832,177.1222922786838,1,4,1,3,1,1,34,0,88193,5,0,10
828.0732155191291,103.8093240369308,0,0,0,3,0,18,39,0,82651,1,0,10
,152.47533432183832,1,5,0,0,1,22,24,1,62832,5,0,10
124.02257156547223,,1,0,1,2,1,2,37,1,102628,2,0,10
984.5359651123456,134.21241735392948,0,0,2,0,0,10,52,0,43233,5,0,10
,,1,4,2,0,0,3,46,0,80646,5,0,10
593.5912995106577,60.10394177568106,0,3,0,1,0,10,48,0,60619,4,1,10
964.6067098389058,116.03854586593118,1,2,2,0,1,4,59,0,98426,5,0,10
148.98727912949428,30.43031044450246,1,5,2,2,1,22,19,0,29765,5,1,10
825.1383785291739,174.45950646322,0,1,0,1,1,2,61,0,77877,4,0,10
862.737851536997,189.3953501563923,1,4,1,3,1,2,42,0,112196,5,0,10
298.26907714336903,70.66664450499418,1,3,0,3,1,15,25,0,57627,1,0,10
234.52754988383265,114.67982059355776,1,0,1,0,1,6,47,1,51108,9,0,10
552.0142172906594,108.43454529136648,1,1,0,0,0,8,64,1,84982,4,0,10
684.252597840107,58.77188140100005,1,3,2,1,1,11,36,0,35920,3,0,10
728.1767832669129,137.4536124094999,1,6,2,1,0,3,60,1,52674,1,0,10
264.80390332713387,51.97201297245919,1,2,2,2,1,22,21,0,60683,4,0,10
743.3211647940174,180.0458634171456,0,2,1,2,0,14,26,0,67054,4,0,10
950.4435115922788,118.58152123268198,1,1,1,3,0,8,60,0,85789,3,0,10
725.3506702561555,112.33274380228482,1,3,1,1,0,18,58,0,68111,3,0,10
162.3947662980316,150.22902661404368,1,3,2,3,1,23,51,0,70915,2,1,10
245.75460867476363,48.89072306541051,1,0,2,1,0,5,48,0,43123,4,0,10
481.3539937067959,153.6964505832025,0,3,1,1,0,7,19,0,90916,5,0,10
956.0467317621805,,1,0,2,1,0,20,63,1,104609,3,0,10
269.8916412453324,,1,2,0,2,1,6,63,0,59586,2,0,10
925.3937689129328,116.36788759726772,1,1,0,3,0,7,69,0,64081,3,0,10
548.4144464502514,3.4805485990689444,1,1,2,3,1,2,43,0,83645,4,0,10
223.10924227011984,79.77716091098392,0,3,2,3,0,9,34,0,50787,4,1,10
,,1,0,2,3,0,24,44,1,78230,1,0,10
,170.0761721189693,1,2,2,1,1,23,56,1,103928,3,0,10
,189.8029779792552,1,0,1,0,1,12,42,0,52223,4,0,10
27.208439916448057,166.2751334338378,1,0,2,2,1,24,28,0,36116,2,0,10
388.43633072186,146.3253148364943,0,1,1,1,0,24,52,0,60323,9,0,10
705.999376658228,173.16297710506043,0,3,0,3,1,15,53,0,81369,2,0,10
,,1,4,0,1,1,2,34,1,62217,4,0,10
,61.3424531680612,1,2,2,3,0,5,40,0,65011,5,1,10
720.2122176260577,52.89179910997641,0,5,1,3,0,2,64,0,57006,1,0,10
715.7794631205415,,1,0,0,1,1,12,31,0,72411,3,0,10
,,1,0,1,0,0,4,43,0,62196,2,0,10
,197.7858290962667,1,0,1,3,1,3,29,1,34059,8,0,10
,64.31358977143806,0,1,0,3,0,4,47,1,82498,1,0,10
,137.71194589320098,1,1,0,3,0,18,39,0,97838,3,0,10
972.568019350539,85.34524703191455,0,4,2,1,1,11,44,1,112990,2,0,10
984.1859785076172,79.88729437352751,0,2,2,0,0,2,68,1,51447,1,1,10
840.522120305624,180.741448333507,1,1,1,3,1,19,26,0,80134,1,0,10
526.29334505283,39.842366405736705,1,4,1,1,1,23,22,1,34328,3,0,10
,74.48389409522692,0,3,2,1,0,17,45,1,74287,4,0,10
400.82222787878874,102.98301624454228,1,0,1,0,0,21,65,1,46742,2,0,10
59.71196329359929,75.78289270748515,1,1,2,2,0,3,25,0,29652,1,0,10
,,1,2,1,0,0,13,45,0,80597,2,1,10
349.66976533973406,,1,2,1,1,1,3,40,1,41521,3,1,10
110.09688019524366,63.113486152615025,1,3,2,3,1,13,37,0,83442,1,0,10
11.296758186629564,186.33290770272097,1,5,1,2,0,9,54,0,67354,5,0,10
523.805463508208,10.125475488638669,1,1,0,3,0,19,47,0,99835,4,0,10
,178.1433391114797,1,5,1,2,1,5,63,0,51564,2,0,10
,53.296778565528456,1,3,1,2,1,22,60,0,75192,1,0,10
781.9490872641272,48.66127498434658,0,3,0,0,1,5,36,1,86481,4,0,10
,,1,2,0,2,0,14,61,0,86623,2,0,10
35.69902890212195,176.62446535657082,1,3,2,1,0,5,66,0,53416,2,0,10
696.4292472095685,188.81513025072877,0,2,2,2,1,21,21,1,67288,3,0,10
615.5444727678107,175.9083853402089,0,3,2,0,1,9,38,1,108428,5,0,10
482.9402618897748,,1,4,1,1,1,2,50,1,85980,4,0,10
622.5864637672736,152.54370739565513,1,0,2,1,1,21,27,1,35236,5,0,10
686.6995161128343,29.352481283357324,1,3,1,2,1,1,20,1,90039,2,0,10
234.2338699384493,187.78935212329853,0,2,2,3,0,22,31,0,31645,5,0,10
,73.0887917058185,1,0,1,3,1,11,65,0,78672,4,0,10
676.3907019058998,13.47043248581128,0,3,0,0,0,11,52,1,54374,2,0,10
196.699599747816,64.54984356491235,0,0,2,0,1,11,37,1,71459,3,0,10
,103.64661061556902,0,1,1,2,0,2,61,1,86212,1,0,10
262.0680704624385,159.48836477826393,1,2,2,0,0,8,58,1,71702,7,1,10
800.660747106476,4.556666351795502,0,0,1,0,0,1,59,0,86696,1,0,10
221.13181021919615,5.502300961620699,1,1,0,3,1,24,30,0,30297,3,1,10
542.7082222903052,29.44455415318743,1,3,0,3,0,11,34,0,81651,1,0,10
152.7877951261669,75.5268676097715,1,3,0,1,0,8,45,1,75417,5,1,10
151.2637139848294,178.25390552205994,1,0,2,1,0,7,26,0,90544,4,0,10
,178.64595307969978,1,1,0,0,1,10,22,1,68826,3,0,10
630.1130811719854,1.5650475577362322,1,0,0,3,1,18,55,0,38026,1,1,10
520.4757668500106,181.16148509437073,0,0,1,2,0,11,35,1,48677,3,0,10
198.65091574326,,1,4,2,3,1,4,37,0,33720,4,0,10
398.51186657704176,18.780285382084184,0,2,1,0,1,13,68,0,94825,3,0,10
343.0283295115156,114.65172496819814,1,3,2,0,1,12,26,1,82279,4,0,10
,114.93331455470933,0,0,0,0,1,6,66,1,94862,1,0,10
185.80307544136625,,0,3,1,0,0,12,50,1,106692,2,0,10
556.8813607878097,,1,2,2,1,1,2,35,0,99345,1,0,10
,164.47866609660466,1,3,0,1,1,5,34,0,63094,1,0,10
539.195422953607,85.03307581092301,1,0,1,3,0,13,43,0,79517,3,1,10
214.75431072280105,,0,0,2,2,0,21,61,0,47435,1,0,10
436.2539233085965,122.74153440918214,1,4,1,2,0,22,26,0,84660,3,0,10
849.0604790326767,123.26522779981744,0,3,1,1,0,4,39,1,103117,2,0,10
886.1207323733777,2.9774058293429606,0,0,0,0,1,8,28,0,54701,1,1,10
133.45476411110525,10.032621732778813,1,3,0,1,1,8,34,1,37426,1,0,10
1.5929288202110037,183.59792491277628,1,1,2,2,0,23,21,1,41368,2,0,10
887.6388478180189,153.17431006777045,1,0,2,3,1,3,53,0,109328,3,0,10
104.8716855616516,,1,5,2,2,1,7,35,1,58615,2,0,10
139.7816438112699,150.7871362172164,1,5,2,2,1,12,45,1,42066,4,0,10
574.4616628613798,17.241898487874785,1,4,2,0,0,11,31,0,56332,3,0,10
954.181210325458,128.22955383356606,1,1,0,3,0,9,31,1,58524,2,0,10
511.3810799176245,83.98970917804687,1,1,0,1,1,22,63,1,77059,5,0,10
766.7229008887457,94.62826459842024,1,4,0,0,0,15,20,1,31614,5,0,10
652.0529272287313,163.47138410078952,1,1,1,0,0,9,28,1,62130,2,0,10
358.46562256645433,173.08256071579245,1,3,0,2,0,1,62,0,117117,5,0,10
324.2595708654965,,0,2,2,0,1,3,68,0,55633,1,0,10
621.5584875484941,,0,4,2,2,1,10,23,0,71368,5,0,10
313.44545570196556,,1,2,2,3,0,22,52,0,109003,3,0,10
558.4710887531637,194.76631252426216,0,2,1,0,0,12,49,0,43486,6,0,10
420.9674435004467,96.71234753608827,1,1,0,0,1,20,26,0,45441,4,0,10
627.5814829138945,,1,2,1,3,1,3,32,1,102173,2,0,10
326.72834642349954,147.00263874148243,1,5,2,3,1,24,51,1,49731,4,0,10
861.9755504850738,62.24420131163764,1,3,0,3,0,24,24,1,77887,2,0,10
508.57329849210754,62.72013343165192,1,1,1,0,0,6,65,0,55677,1,0,10
37.775596189776664,75.50111817987212,1,4,0,0,0,17,67,1,102171,4,0,10
139.6007137118495,25.385661980086116,0,5,1,0,0,1,58,1,69263,1,0,10
198.27356766541303,,1,1,0,0,0,10,63,1,87357,7,0,10
104.45182414411104,136.60804258771188,1,0,1,1,1,19,22,1,53176,2,0,10
172.36885846281035,138.56536726271074,1,3,1,3,0,1,34,1,44465,3,0,10
305.9162413988029,106.40446196984996,1,5,1,1,0,15,49,0,74743,2,0,10
,,0,4,0,3,0,17,34,0,53134,3,0,10
,147.31884837311517,1,3,0,2,1,16,24,1,96056,5,0,10
152.8771455978416,101.2584389011594,1,3,1,2,1,18,40,0,37754,5,0,10
562.1025105002544,87.21467556659832,1,3,1,3,0,24,28,0,57587,2,0,10
281.8878568782245,,0,0,1,3,1,24,38,1,90226,1,0,10
160.06140920925083,133.77022279518346,1,5,0,2,1,18,31,1,36759,5,0,10
666.9592210622695,63.335936637689215,1,1,1,1,0,19,27,1,34639,4,0,10
,63.13597753301114,1,0,0,1,0,4,31,0,40851,4,0,10
257.2082538629831,170.40884452460418,1,2,0,3,1,15,55,1,95558,3,0,10
960.053614723544,188.89615379578652,1,2,0,3,1,10,62,1,61248,2,0,10
814.3486138162169,50.608170007759234,1,3,1,0,0,19,23,0,57122,4,0,10
914.8621793068614,109.48370111279633,1,0,1,0,0,16,42,1,88639,4,0,10
,,1,3,1,1,1,14,40,0,35856,5,0,10
205.57040878655187,85.8113060701543,1,5,1,0,1,20,25,1,99185,3,0,10
700.9802823311577,105.51101302923932,1,1,1,1,1,17,35,0,74736,4,0,10
815.608780694532,112.31716426027072,1,4,2,0,0,12,44,1,34150,3,0,10
2.414235865896064,45.514634341004,0,2,2,1,1,17,19,0,70447,3,0,10
61.46720403968076,78.77554817384001,0,0,1,0,1,18,33,0,80459,2,0,10
915.4351907762208,7.528047564806917,0,0,2,2,0,17,27,1,51738,1,0,10
120.36709993563544,146.06976511923023,1,0,1,3,0,16,41,1,69110,3,0,10
631.1893626299643,183.8735012134299,0,2,0,0,1,18,38,0,35122,3,1,10
999.957591868312,32.30194112939022,1,1,1,1,1,18,54,0,53639,3,0,10
395.9078400865517,188.97900710356777,1,2,1,1,1,17,68,1,67833,2,0,10
,40.83725196258718,1,2,2,2,1,21,68,0,98544,4,0,10
,135.5485571989304,1,4,2,1,0,22,25,0,69436,4,0,10
,123.54692180449943,1,4,0,3,1,12,48,1,75863,5,0,10
248.51597541543237,37.3567963441692,1,3,2,0,1,21,29,1,95687,3,0,10
781.7395529044786,2.5626805682362086,1,3,2,0,0,4,58,1,65627,3,0,10
411.42536706029995,102.87485134495562,1,1,0,0,1,16,68,0,99077,1,0,10
,,1,2,2,2,0,7,52,1,88228,4,0,10
586.072009682534,171.41620814956417,1,2,2,3,1,11,67,0,119340,2,0,10
464.7587035332243,,1,1,0,3,1,11,50,0,90068,5,0,10
409.7891266272995,20.940019607285755,1,4,1,3,1,12,64,0,56764,1,0,10
533.061308824484,19.11837059235353,0,4,0,3,0,1,61,0,72009,5,1,10
,19.741335242210067,1,2,0,3,1,2,40,0,97741,3,0,10
,194.18313879526295,1,3,0,1,0,14,38,1,45115,3,0,10
268.8730548479921,,1,2,0,0,1,7,60,1,73977,3,0,10
139.45976566988872,123.48185798099315,1,3,1,2,0,5,61,0,81750,4,0,10
794.8654583373653,72.9759613790341,0,3,1,3,1,22,28,0,79142,2,0,10
,164.96541954098504,1,5,0,3,1,24,36,0,44084,5,0,10
,184.0163848952848,0,2,2,2,1,2,29,1,67298,5,0,10
,81.5554754268645,1,5,1,2,0,16,51,1,103139,4,0,10
129.96064471741445,,1,0,2,2,1,4,36,1,50960,4,0,10
,64.13528386368448,1,0,2,0,0,22,50,0,88445,5,0,10
425.0263265679917,4.40883564400838,1,3,1,0,0,8,23,1,90817,3,0,10
239.9528370013343,,0,3,0,3,0,22,24,1,64240,4,0,10
,37.326654508470305,1,3,1,2,1,22,39,0,102869,1,0,10
396.7607331220785,15.370161977864203,1,5,0,1,0,12,27,1,72802,3,0,10
654.3449687013297,119.6942816197288,0,2,0,1,0,16,25,0,88462,3,1,10
4.0897270898085925,87.63414900293883,0,3,0,2,1,17,54,1,61085,1,0,10
268.54341522196955,,1,3,1,2,0,4,26,1,69077,1,1,10
429.6737954529183,10.023033531362248,0,2,0,3,0,24,54,0,115624,3,0,10
386.5546808329895,,1,2,0,0,1,13,33,1,51322,1,1,10
333.52098346139104,36.6037977280173,1,4,1,1,0,1,43,0,57139,2,0,10
450.2819809930243,32.40327906696312,1,1,2,2,1,10,56,0,85112,5,0,10
,195.53699698249832,1,3,0,0,0,1,47,1,107582,3,0,10
8.449009731176238,,1,0,2,1,1,14,30,0,66602,3,0,10
847.4035927602245,,1,4,1,1,0,9,55,1,100131,4,0,10
856.3444414431704,50.12732319650362,0,5,0,3,0,21,48,0,70546,2,0,10
,151.1255648657436,1,1,0,1,1,13,62,0,68025,5,0,10
907.8647441598614,40.30801717602179,0,0,0,2,1,7,39,1,39929,5,0,10
663.9233010933182,96.96696879848533,0,1,0,1,0,22,55,0,103270,1,0,10
,53.28053331851184,1,0,2,0,0,14,47,1,36222,5,0,10
49.9434076614308,,1,4,1,2,1,5,68,1,54450,3,0,10
811.4809163057514,,1,4,1,3,0,13,44,0,57915,4,1,10
721.2576699046268,115.76494334866972,1,5,0,1,0,9,38,0,52127,6,0,10
601.190014908637,195.80363288223077,1,2,0,1,0,14,51,1,102452,2,0,10
997.7277217431962,48.53430860530597,1,5,0,1,1,19,61,0,103111,1,0,10
,43.067131320471795,1,3,1,0,0,13,27,1,74561,2,0,10
,,1,1,0,1,0,18,59,1,51611,5,1,10
888.9669699979383,160.96800323195123,1,3,1,0,1,5,45,0,43994,1,0,10
900.7191009415114,128.57214128650318,0,5,0,1,1,20,20,1,86128,4,0,10
157.36426371212175,53.2707372381312,1,5,2,1,0,11,59,0,90047,2,1,10
1.6319574383044655,,1,3,0,1,1,24,28,0,91732,5,0,10
,104.54166709232106,1,0,0,1,0,17,48,0,91595,2,0,10
,39.683660779178595,1,4,1,2,0,9,34,1,104100,2,0,10
297.3687425860627,161.76930705844413,1,3,2,2,0,11,43,1,95058,1,1,10
,68.86260027123761,1,2,2,3,0,17,30,0,66484,3,0,10
,,0,1,2,2,0,10,48,0,87297,7,0,10
599.881901809226,152.9932361679591,1,5,1,2,0,9,58,0,85829,2,0,10
369.1049629914401,69.12409822201107,1,0,0,0,0,10,64,0,97847,3,0,10
700.4783808453934,32.81846295392694,1,1,1,1,1,4,21,1,67097,1,0,10
935.990981736347,127.80088951586087,1,4,2,3,0,3,31,0,38824,1,0,10
274.0721547059137,95.48906762766644,1,5,1,2,0,19,50,0,107986,1,0,10
452.8433133602607,139.29920227323814,1,3,1,2,0,24,67,0,54979,2,0,10
645.0208243888206,109.65331514814496,1,1,0,3,1,4,59,0,70853,4,0,10
,,0,1,0,3,1,5,29,1,61633,1,0,10
76.76274382126569,34.03139490111189,1,5,2,0,1,20,22,1,67069,3,0,10
,130.7387916650003,1,1,1,3,0,1,64,1,75707,2,0,10
160.19903581022788,39.5563312301428,1,3,1,1,1,17,27,1,76588,4,0,10
750.3857614506951,15.567742829541588,0,4,0,2,0,15,27,1,31451,2,0,10
,,1,3,2,1,0,12,53,0,46258,2,0,10
731.9051288936514,134.30321021421457,1,3,1,3,1,10,41,1,76048,3,0,10
847.4546664004615,27.17029692209165,1,4,1,3,1,8,52,0,87418,5,0,10
866.4295037422232,9.597319476958411,1,5,1,2,1,16,29,1,73927,3,0,10
436.3296036540083,166.67212806598667,1,5,0,0,0,16,21,0,26559,4,0,10
10.043178293877798,197.82205197810575,0,5,2,2,1,1,20,0,90455,5,1,10
68.15905938895406,189.99315301856475,1,1,0,1,0,5,24,0,36673,5,0,10
,153.86637813184743,1,0,0,2,0,5,69,1,66576,4,0,10
178.70651775581615,113.25130539138178,0,4,1,0,1,18,19,1,89954,1,0,10
128.33617472546476,,1,0,1,3,1,23,52,1,92133,5,0,10
,6.85600132467179,0,3,0,3,1,6,40,1,83302,1,0,10
645.9582464584519,99.37340005305168,1,3,2,2,0,21,61,1,60273,1,1,10
,45.05200833530702,0,5,1,1,0,8,54,1,110587,1,0,10
490.3561309639322,63.75422390452528,1,3,0,3,0,2,23,0,69264,2,0,10
298.7792050908932,139.7273273910546,1,3,0,0,0,23,38,0,108731,4,0,10
,82.72673396166223,1,2,2,3,1,5,46,0,103104,3,0,10
526.269465089245,118.59207765643887,0,2,1,2,1,8,49,0,101903,1,0,10
157.72213440663418,31.65415696558287,1,3,0,1,0,4,30,1,99738,3,0,10
927.1271291588076,132.87363025022495,1,3,2,0,1,20,36,0,47283,2,0,10
68.34094480610364,,1,0,2,2,0,23,45,0,88395,2,1,10
271.86413770793484,90.03761702198175,1,2,1,0,0,16,57,1,63044,5,0,10
654.622559503066,,1,4,1,1,0,4,61,0,78836,2,0,10
675.1056854216339,95.7657496201835,1,3,1,3,0,7,44,0,101581,5,0,10
,,1,1,2,1,0,9,50,0,69255,6,0,10
,172.21116178908667,1,5,2,3,1,1,26,1,29260,6,0,10
,,1,1,0,1,1,16,41,1,49629,4,0,10
840.4693369806324,37.08756639937025,1,2,0,3,1,22,32,0,87315,4,0,10
18.99081079572207,145.0024647377775,1,3,0,0,1,22,63,0,98686,4,0,10
707.2641696904059,127.08891127262368,1,0,2,0,1,2,58,0,63275,5,0,10
118.5007066496665,135.24176709560362,1,2,1,2,0,9,64,0,65905,3,0,10
,,0,3,2,3,1,15,35,0,47255,1,0,10
825.1913017677329,10.500855868074057,1,3,2,0,1,1,29,1,101813,3,0,10
809.5431554221198,176.84388403062283,1,3,1,0,1,8,55,1,84876,1,0,10
660.1141383466849,184.13774687322913,1,5,1,1,0,3,53,1,49520,5,0,10
841.6180342175504,99.65197482143972,1,4,2,2,1,14,44,1,93209,3,0,10
897.0532571041543,113.318223662799,1,3,2,0,0,5,28,0,107517,2,0,10
82.19987267164896,100.2900503953846,1,1,2,0,0,15,61,0,88853,4,0,10
920.8229200192834,84.18436213925912,1,2,0,0,0,4,33,0,86166,2,0,10
701.882586966448,3.7359205561190434,1,3,2,1,0,9,51,1,37150,3,0,10
42.45343680766811,,1,3,1,3,0,2,20,0,84370,2,0,10
224.22977733102337,141.2271815724553,1,3,0,0,0,4,66,1,109306,5,0,10
72.82530479956073,,1,1,2,3,1,17,20,0,47301,2,0,10
92.25641769557124,160.9239547627647,0,2,1,0,1,16,67,0,76453,4,0,10
,0.9955876464870173,1,1,0,0,0,15,31,1,75957,7,0,10
601.8469955900375,151.98220306452149,0,0,1,3,1,16,36,0,51426,5,0,10
,196.33161754358704,1,3,1,2,0,21,69,1,82902,3,0,10
356.99247955921675,72.23947416064311,1,0,1,1,1,2,41,1,57080,1,0,10
853.7240398863571,,0,5,0,3,1,12,49,0,51857,1,0,10
502.01308821118505,,0,4,1,0,0,5,61,0,112264,4,1,10
,149.11300084590792,1,3,2,2,1,14,48,1,92570,3,0,10
421.1369992862728,167.18829408364252,0,5,1,2,0,1,46,0,73950,5,0,10
767.7685557475709,120.41881278898548,1,5,2,2,1,5,41,1,95788,1,0,10
592.1067658394319,1.183986063814113,0,5,2,2,1,16,24,1,30067,4,0,10
215.1761276578298,,1,0,0,3,0,1,25,0,90346,7,0,10
,155.72852869024015,0,0,0,0,1,10,19,0,85935,4,0,10
,,1,3,1,1,1,10,23,0,36770,2,0,10
,,1,2,0,1,1,14,68,0,73600,2,0,10
824.1875626210968,1.036945530432254,1,3,1,1,1,3,52,0,101138,1,0,10
545.9212995058137,191.804079770661,1,0,0,0,1,21,65,0,79970,1,0,10
942.6075990236488,45.83925001378408,1,1,0,3,0,18,69,0,115855,3,0,10
127.79985474672128,,0,3,2,0,0,23,40,1,97557,3,0,10
,69.84761376790564,0,4,1,3,0,14,31,0,103901,2,0,10
205.0240832963468,148.35745373123876,1,4,0,1,1,5,22,1,91073,5,0,10
232.33846819478225,164.90574338488884,1,1,0,3,1,4,62,1,62375,3,0,10
,164.28373803147406,1,0,0,0,1,17,56,0,84582,5,0,10
536.2733250069666,94.96753769442071,1,0,0,2,1,22,24,0,47859,2,0,10
70.5796670987735,,1,0,1,3,0,1,34,1,51985,1,0,10
475.62235379788945,190.73498167274084,1,2,0,3,1,15,31,0,89337,1,0,10
83.92658395621633,107.6954857658944,1,2,1,1,0,6,39,0,105448,4,1,10
64.08766774257013,84.56075619920367,0,1,1,0,1,15,28,1,42050,7,0,10
244.17504622202156,184.4859942828992,1,5,1,0,1,8,46,1,94030,5,0,10
494.15380070838745,,1,4,2,1,0,13,26,0,73161,4,0,10
,11.267304934418544,1,5,1,2,0,11,42,0,93056,3,0,10
,192.570616391481,1,0,1,0,1,18,36,1,109542,4,0,10
,154.27288066016328,0,4,1,2,1,6,40,0,108595,5,0,10
117.92098010561448,34.37402175935345,0,4,2,3,1,19,58,0,45733,5,0,10
106.09805251882752,61.86766314932648,0,1,1,0,1,16,24,1,106147,3,0,10
243.47490507420056,,1,1,0,3,1,2,41,0,53913,5,0,10
806.0125791612207,71.53206880730971,0,3,1,1,1,4,49,0,38451,4,0,10
344.34645270932276,60.72928311586936,1,1,0,3,0,10,29,1,77694,2,0,10
822.2646555744528,151.46801137964917,1,3,1,2,1,9,50,0,69565,5,0,10
911.4917618286494,,1,4,1,2,1,7,54,1,101199,1,1,10
335.7599008420533,89.59814108956434,1,5,2,0,1,23,37,1,41839,5,0,10
488.3070386771287,134.0604043770043,0,3,0,0,1,7,54,0,45799,3,1,10
868.6472815221705,93.60939776466144,1,5,0,0,1,20,42,1,93350,4,0,10
,81.79400092122168,1,2,2,1,1,13,48,0,89902,2,0,10
829.8438326359569,73.9428864913644,1,4,0,2,0,2,18,0,43133,3,0,10
126.33811928830596,166.64921148591557,1,3,2,3,1,23,66,0,72467,4,0,10
89.23767542219008,148.93548226523387,0,4,1,1,0,11,25,1,62463,4,0,10
195.35191717284215,,1,5,0,1,0,6,30,1,60443,7,0,10
500.8971076553193,131.43307331278706,1,0,0,2,1,8,33,0,41173,5,0,10
622.530792175028,78.08358573067335,1,0,2,3,0,19,57,0,66117,2,0,10
269.70145580240825,,0,2,1,1,1,10,28,0,82968,3,0,10
402.0441389721493,39.928280830202056,1,4,2,1,1,11,68,0,57293,5,0,10
810.0748861555661,102.53041458364449,0,4,2,1,1,20,65,0,55628,2,0,10
914.0425353664656,171.60019103054006,1,5,2,2,0,7,37,1,54940,2,1,10
610.3547691585874,29.53344542687963,1,2,0,1,0,3,54,1,112393,4,0,10
486.11892692687377,,1,4,2,3,0,3,54,0,43904,2,0,10
385.4333732477295,,0,4,0,0,1,2,33,0,61913,1,0,10
410.5168851521287,173.20707004927905,1,5,0,3,0,2,32,1,88261,3,0,10
,8.843948442055027,0,4,1,0,0,22,41,0,100220,2,0,10
623.2176004780168,43.911184226054026,1,3,0,0,0,9,67,0,70059,4,0,10
851.4820704751195,47.03902066193131,0,1,2,1,0,3,36,1,75176,3,0,10
214.99831545865743,151.89047555098514,1,5,0,0,1,3,44,1,100326,4,1,10
938.4710701293054,135.20852261789167,0,5,0,0,1,7,64,1,50899,5,1,10
284.5012511407561,2.5966959206668694,1,2,2,0,1,20,35,0,88180,4,0,10
562.4975788479812,,0,2,2,0,1,20,28,1,85961,2,0,10
738.7565236180977,92.24309503088884,1,1,1,1,1,14,23,1,42184,3,0,10
485.027576730533,7.7181192286034594,1,0,2,1,0,20,35,1,50132,4,0,10
784.907606987114,191.37544453591124,1,2,0,3,0,13,24,0,46195,2,0,10
493.7707868245027,159.13224727174568,1,1,2,3,1,14,44,0,111537,2,0,10
0.1202542928184779,,1,0,2,2,1,19,40,1,81111,3,0,10
447.56360647791513,127.0890516600657,0,2,2,1,0,21,51,1,58275,4,0,10
457.1950514101074,73.03665308315972,1,3,2,1,1,22,30,1,41343,1,0,10
770.7950055472508,16.99838237544775,1,0,1,2,1,14,66,0,77143,2,0,10
828.8773822469116,55.00617877083498,0,4,2,2,0,8,64,1,77577,3,0,10
427.273322594676,134.46111908251115,1,1,1,2,1,14,62,0,83039,1,0,10
793.5304078346506,117.22003319921956,1,3,2,2,1,10,18,1,98108,2,1,10
,88.45600706808052,1,1,1,3,0,5,42,0,32782,2,1,10
763.6269930445354,,1,1,1,0,0,11,28,1,79102,5,0,10
742.0136062635612,139.14059988059955,1,5,0,3,0,6,43,1,56536,2,0,10
905.4087306529436,118.5572141928047,1,5,2,2,0,8,49,1,63408,4,0,10
786.1673871899065,153.6123024750541,0,2,0,1,0,3,30,0,96227,4,0,10
744.4765021439285,96.13079379771516,1,5,2,3,1,4,32,0,78835,4,0,10
126.08421432878858,99.779293269054,1,5,2,2,1,17,35,1,75852,4,0,10
173.46110731647212,,1,2,2,2,1,14,36,1,86765,3,0,10
442.0793216715475,111.32290715727368,1,4,1,2,1,16,67,1,66408,2,0,10
757.6613785302025,52.94883130024648,0,5,1,1,0,3,53,1,71701,4,0,10
310.20766811346044,99.32532294591532,1,2,0,1,0,4,57,1,44695,2,0,10
121.88478490724574,144.44035109633876,1,2,1,2,0,14,27,1,104547,3,1,10
751.6497319689807,40.60001570262284,1,3,0,3,1,4,63,0,53412,4,0,10
,145.47049047818132,1,1,1,2,0,10,67,0,67906,1,0,10
556.5068334733373,171.6076978795845,1,0,2,0,0,24,59,1,81080,5,0,10
247.82669251242177,122.41352157635808,0,3,1,2,1,3,56,0,39900,1,0,10
,23.310761148135978,1,2,1,1,1,5,59,0,57049,3,0,10
477.9640568875719,,1,2,2,1,1,18,49,1,40958,2,0,10
967.7671504275712,132.0681195977611,1,3,1,3,0,6,35,1,106824,5,0,10
235.9607847137195,,0,1,1,2,0,9,57,1,47297,3,0,10
418.7941343435094,,1,1,2,2,0,15,42,1,59003,4,0,10
820.2736333266362,6.848544205909279,1,5,1,2,0,13,52,1,49104,4,0,10
758.5106093943195,,1,0,2,3,1,19,67,0,116087,1,0,10
962.3571829824346,104.31985984642728,1,5,2,1,1,10,65,0,94666,5,0,10
658.757056780312,,1,4,1,0,1,11,37,0,44291,3,0,10
,145.139559361466,0,0,1,0,0,12,52,0,38289,1,0,10
814.556198204475,33.73685802721334,1,3,1,2,0,22,42,1,53366,2,0,10
532.0210290492234,104.09730063927827,1,0,1,1,1,8,25,1,102367,2,0,10
455.8269620868453,105.9484456715432,1,3,1,1,0,15,57,0,82948,3,0,10
836.9931222751569,32.022316084348624,1,4,0,2,1,19,37,0,47841,2,0,10
880.3630916746127,199.04616271918675,1,1,1,0,1,3,37,0,94076,1,0,10
779.7891683706303,,1,1,2,1,0,14,49,1,52541,3,0,10
,107.228129802637,1,4,0,3,0,10,42,0,85729,5,0,10
216.03454068353977,116.3241875517111,0,5,1,0,0,18,33,1,76572,2,1,10
856.4122626234204,120.81771303450816,1,5,1,2,0,22,49,0,50371,6,0,10
,12.80750762186058,1,5,1,1,1,6,64,0,51124,3,0,10
535.3192261704985,97.94055171657212,1,0,0,1,0,15,25,0,29678,5,1,10
,154.2330163103101,1,2,1,2,1,16,19,0,35497,4,0,10
531.4555152269049,198.01929159783015,1,1,0,1,0,20,31,0,76698,1,1,10
171.9855327659504,111.12017765874911,1,5,2,0,0,11,29,0,52131,4,1,10
238.91295874602648,109.03353216179843,1,3,1,0,0,20,31,0,91204,6,0,10
,63.52222219748684,1,2,2,2,0,6,56,0,61590,3,0,10
469.50290133273785,0.2789942176864901,1,5,0,2,1,1,33,0,55007,3,0,10
279.27026736012937,,1,3,0,0,0,7,18,0,70304,3,0,10
866.506022685465,,1,1,1,2,1,9,68,0,106610,6,0,10
,161.19780105783343,1,5,2,1,1,1,47,1,105040,1,0,10
415.4208717438872,67.8915291602165,0,0,0,0,1,8,57,0,79832,1,0,10
361.2733833681545,137.5809852656124,1,1,1,2,0,13,37,0,76792,1,0,10
75.41700086663583,167.72744786808966,1,1,2,1,1,6,67,0,66152,2,0,10
455.6036950082505,101.62786897241298,1,2,0,3,1,18,56,0,68100,2,0,10
732.8319318277267,39.17968480367999,1,3,1,3,0,4,26,1,48100,3,0,10
293.9086122532008,169.672136191425,1,5,2,3,0,15,69,1,81046,3,0,10
399.2020831337386,,1,0,1,3,1,5,42,1,109011,1,0,10
145.9807438614742,,0,0,2,0,0,24,28,0,73299,1,0,10
320.7422083866176,117.73371033453034,1,3,1,2,0,4,40,1,90377,3,0,10
168.84431868085892,128.30801394338343,1,3,2,0,0,16,62,1,117445,2,0,10
918.136926227492,87.74531402726402,1,1,1,0,1,4,60,1,100466,1,0,10
107.6499068060781,38.45687670334363,1,5,2,0,0,15,52,0,48538,2,0,10
233.62972002682136,53.29514225190775,1,0,0,3,0,6,20,0,50209,1,0,10
826.7277338550157,112.72243104342763,1,3,0,2,0,10,64,0,46645,2,0,10
,119.50497555878516,0,3,1,0,1,24,30,1,104566,5,0,10
684.6531266231354,90.1719792415766,1,5,1,2,1,20,22,1,69052,1,0,10
583.0581901512357,142.8016226916983,1,0,1,1,1,9,37,0,86360,4,1,10
267.7535163487301,125.95955520377284,1,5,1,2,1,10,44,1,88333,5,0,10
870.2452820229804,57.65470211738586,1,0,2,3,0,9,49,1,93359,2,0,10
336.66582316071845,10.888330374301702,1,3,1,2,0,24,41,1,50591,3,0,10
,,1,0,1,3,1,6,60,0,103817,2,0,10
48.6932685524174,131.45197241539805,1,1,2,1,0,8,55,0,85330,1,0,10
862.0686175644466,,1,2,0,0,1,6,35,1,39865,2,0,10
467.904871595816,167.03890378864588,1,3,1,2,1,14,45,1,109122,4,0,10
539.1569101675503,93.00203456804104,1,1,0,1,1,19,69,1,106743,1,0,10
343.829679824421,174.20668800748336,1,5,1,1,1,10,36,1,45093,2,0,10
362.3866224896064,107.73316970754236,1,0,2,0,1,16,65,1,89014,5,0,10
144.62680094953262,149.19838708445167,1,5,1,3,1,11,27,1,81301,3,0,10
910.7084496966592,65.02923418506008,1,0,2,0,1,24,52,0,89115,2,0,10
272.9812702813955,5.808386795823561,1,5,0,1,1,3,58,0,81233,1,0,10
31.38883981523344,108.33649969571786,1,1,1,0,1,7,47,1,88793,5,0,10
710.8817060984251,113.18423857785372,0,2,1,0,1,9,40,1,32997,4,0,10
566.2587183760842,98.18696883475428,1,2,1,1,0,21,23,0,50480,5,0,10
155.96278457141634,,1,1,2,2,1,20,40,1,72894,3,0,10
962.1756846779876,122.51731652493618,1,1,0,1,1,2,20,0,64889,1,0,10
,15.909794928726685,1,5,1,0,1,12,68,0,94328,4,0,10
,112.51022080655392,0,3,2,3,1,21,58,0,64882,2,0,10
763.2090883439082,47.10952111287347,1,2,2,2,1,2,31,0,55242,2,0,10
792.69161834649,87.48217130904341,1,2,0,1,1,13,32,1,86218,2,1,10
950.8710484801616,121.29870222271197,1,0,1,1,1,2,52,1,76827,5,0,10
29.518320985009172,132.32169849471663,1,5,0,0,1,2,18,1,50530,5,0,10
749.4189188568744,169.66900929039502,1,2,1,3,0,8,30,0,69148,2,0,10
362.17353947912113,101.89387334594294,1,3,2,2,0,20,60,1,115830,4,0,10
185.73087290236424,41.88104342998129,1,0,0,1,0,22,50,0,53879,1,0,10
,49.058004446858575,1,4,1,2,0,8,29,1,76490,1,0,10
776.7145583494648,22.658496999308465,0,2,0,2,1,22,18,1,58236,2,0,10
262.65907410968526,,0,2,1,0,0,19,49,0,82421,1,0,10
556.5857462097209,83.52773688502377,1,1,2,0,1,1,62,1,52057,3,0,10
944.2760630818829,6.721916351647583,1,5,1,3,0,1,43,1,100142,5,0,10
369.1190338253593,61.404314495670256,1,5,0,0,0,3,54,0,103369,1,0,11
586.8330883259174,23.88822465493654,0,2,1,2,0,5,34,1,84712,3,0,11
,,1,1,1,3,0,10,56,1,83723,4,0,11
,,1,0,0,0,1,19,21,0,89181,7,1,11
891.7923208690797,,1,0,0,0,1,13,25,1,60895,1,0,11
611.8987828363407,131.1429213392029,1,1,0,3,0,2,62,0,77503,4,0,11
612.9001506166454,41.07018322400957,1,1,0,2,0,17,39,0,53297,3,0,11
146.46883795080456,145.0393779057107,1,3,1,3,1,18,59,1,70738,4,0,11
177.56843697743875,131.79187045203236,1,3,2,1,1,19,32,1,80561,5,0,11
963.7203557273442,106.15137845577122,1,4,0,0,1,24,20,1,85674,3,0,11
262.5573058776526,150.8299173526505,1,4,2,2,1,11,25,0,60496,1,0,11
352.78866626878437,11.248379974641807,1,5,2,0,1,19,47,0,35498,3,0,11
43.159158896657225,124.23207777908134,1,0,1,2,0,7,51,1,42377,2,0,11
762.1673929075803,157.56822524681522,1,4,2,3,1,16,56,1,116280,1,0,11
,92.07542499512871,1,0,1,2,0,5,62,1,69274,5,0,11
17.52933946568347,99.16268506958708,1,5,0,1,0,8,57,0,80066,5,0,11
675.9046099914511,181.41719908678857,0,4,1,3,1,4,63,1,74776,3,0,11
,132.76894957765373,1,1,1,1,1,11,52,0,68150,5,0,11
,110.05078506015556,1,0,2,3,0,14,47,1,65994,1,0,11
563.816491063981,23.296042781640303,1,0,2,3,1,20,49,0,59196,2,0,11
4.527501053618543,11.173336068413487,0,0,2,0,0,19,63,1,51320,3,0,11
558.6039880373385,131.45604335397968,1,0,2,2,0,11,26,0,94593,5,0,11
263.28945614749733,,1,2,0,2,1,19,52,1,43241,5,0,11
305.4817640834999,118.76633506710915,1,2,1,3,0,8,56,1,72935,3,0,11
389.4371758835941,,1,4,2,2,1,9,56,1,99977,4,0,11
121.07171294413988,146.76521928283722,1,4,1,2,1,19,40,1,111110,5,0,11
176.28289368879047,183.3305995399567,1,3,0,0,1,1,47,0,45049,1,1,11
692.6332016491382,88.06742643159076,1,2,2,0,1,8,45,1,45733,3,0,11
516.2966862318613,150.14438364328993,1,1,2,1,0,9,28,0,107129,2,0,11
640.3358715912916,111.5042849786235,1,2,0,2,1,4,27,1,47407,2,0,11
,70.90690663191339,1,5,1,3,0,10,48,0,40010,2,0,11
878.3923382608967,158.99695615252415,0,1,2,1,1,6,40,1,40560,5,1,11
,30.1106767792233,1,1,0,2,1,20,20,1,50591,3,0,11
131.1319591093777,141.86679511175757,1,5,1,0,1,3,51,1,78834,5,0,11
472.3261953395974,,1,3,1,0,0,14,29,1,76655,4,0,11
440.22739803026934,185.96446316105585,1,3,1,1,0,22,52,0,56187,3,0,11
291.6782829219488,0.0190024570854152,0,0,1,2,0,16,51,0,67428,2,1,11
746.8142341695343,43.81045861989152,0,3,2,0,1,9,25,1,53491,5,0,11
,144.58542244727795,1,1,0,2,1,15,63,0,54357,3,1,11
995.2835455709394,49.22876652215498,1,4,1,0,1,7,21,0,79136,4,0,11
19.347212017099658,,1,1,1,1,1,11,29,1,73676,1,0,11
373.3712100822482,65.80495161149962,1,0,0,2,0,17,25,1,39297,3,0,11
859.7730572140285,,1,1,1,2,1,14,46,1,62681,4,0,11
982.3242546975588,63.13154357798625,0,4,1,2,1,4,20,0,97899,1,0,11
71.31384747103975,15.643275596117846,1,3,2,0,1,21,50,1,84238,2,0,11
883.0716603673777,176.2362342738889,1,3,0,3,0,24,28,0,60478,5,0,11
90.49013457596776,156.15837660810064,1,3,0,0,1,6,51,1,93210,2,0,11
428.976686431923,47.30477515180533,1,2,1,3,1,19,61,0,89909,1,0,11
934.0483427641232,38.47053937975924,0,1,1,2,0,10,49,1,102997,5,0,11
,16.644605073070593,1,2,1,1,0,17,39,1,70244,5,0,11
493.4049663444445,162.71408737156233,1,2,2,0,1,16,30,1,36951,5,0,11
896.9664461729612,0.245852539647684,0,4,0,3,0,5,40,0,55639,2,0,11
915.8445074565756,184.17986137034092,0,5,1,1,0,8,22,0,77615,4,0,11
166.86545783073203,125.84603911025108,0,0,2,2,0,19,25,1,94522,4,0,11
,,1,4,1,1,0,17,23,0,58665,4,0,11
28.88034601733103,87.32785207989295,1,1,2,0,0,8,21,0,46269,2,1,11
734.5014862196572,,1,1,0,3,0,24,45,0,55930,2,0,11
899.8336584853739,0.313369589795065,1,3,1,2,1,24,35,1,106820,5,0,11
88.22733872887356,140.34288379136552,1,2,2,0,0,21,68,1,61037,4,0,11
715.0946101442761,131.73065070460737,1,3,2,3,1,2,42,0,48132,2,0,11
,98.15104640182416,0,2,1,1,1,12,60,1,79674,3,0,11
826.9249982945153,40.67838162493614,1,2,0,0,0,2,62,0,66629,5,0,11
409.48180408838795,,1,0,2,1,0,13,51,1,39861,5,0,11
858.4327731401754,,1,2,2,3,0,16,59,1,106076,1,0,11
,199.152024335404,0,1,1,2,1,12,61,0,79950,4,0,11
724.7567661779375,,1,2,1,3,0,19,67,1,49342,1,0,11
627.2506137942765,169.75881980295176,0,4,0,0,0,18,46,1,43102,3,0,11
102.38293907026762,108.0945785172521,1,4,2,2,0,6,31,1,65575,2,1,11
142.61600520163842,150.6937357444469,1,2,1,1,0,3,68,1,47095,4,0,11
278.8573176399437,,1,5,0,1,0,12,46,1,63121,5,0,11
475.2259722535928,32.42769286185976,1,0,1,1,1,4,43,1,104319,3,0,11
42.76322009075395,26.638798677638896,1,5,0,2,1,4,24,1,96829,1,1,11
779.7891431519679,132.36729686830844,1,2,0,2,1,5,39,0,70247,4,0,11
144.5486050217283,89.82211451294194,1,1,1,0,1,4,21,1,88191,1,0,11
49.66205107547417,,1,3,1,0,0,2,68,0,119530,4,0,11
834.5420356684592,112.0402901628551,0,2,1,0,1,19,64,0,103558,1,0,11
201.4260341167057,138.2087281151819,1,5,0,1,1,11,49,1,94772,1,0,11
208.6452820722924,93.2563931114136,1,2,2,2,0,17,30,1,41064,4,0,11
,95.1434767223748,1,2,0,1,1,4,45,0,84283,4,0,11
999.8756537383777,140.07971101085852,1,2,0,2,1,23,18,0,70518,5,1,11
685.6054792214902,54.99475138576217,1,1,1,3,0,15,44,0,49853,1,0,11
341.0459859851668,101.14631602562436,1,3,1,3,0,20,47,1,55138,2,0,11
,112.0825515687086,1,0,1,0,0,2,50,1,53163,4,0,11
632.7132821264761,,0,4,2,1,1,6,45,0,108959,5,0,11
126.09214689735194,85.36488453876856,1,4,0,2,0,24,62,0,71662,5,1,11
582.942468053214,58.11950454227315,1,4,0,0,1,22,30,1,101043,3,0,11
57.345810925238936,,1,5,0,1,1,15,40,0,70650,1,1,11
926.1883588152988,89.13517874840934,0,3,2,0,1,9,31,0,34803,4,1,11
150.8302370279987,,1,3,1,0,1,17,44,0,82438,5,0,11
684.4103341364188,125.3224820742732,1,5,0,1,0,22,24,1,58112,2,1,11
986.4071383029498,164.76542945641003,1,0,0,3,1,23,69,0,68302,3,0,11
933.5547150119831,156.89985956430226,1,2,0,1,0,14,61,1,91158,2,0,11
303.55524534400223,,1,1,2,0,1,1,58,1,77694,3,0,11
,193.73469636874657,0,1,0,2,0,11,61,0,73270,2,0,11
157.18227757818582,124.09454371963588,1,1,1,2,1,4,64,0,84783,2,0,11
292.2547649880418,108.70786455487082,1,5,2,1,1,22,27,0,64455,2,0,11
413.0579388537021,173.88369435729223,0,4,2,1,1,16,60,0,70307,5,0,11
570.1730799404878,,1,0,2,2,0,4,26,0,97557,1,0,11
576.1905451815919,96.59849875527752,0,1,2,1,0,14,22,0,46558,5,0,11
390.98929155358366,,1,2,2,2,1,2,57,0,109172,5,0,11
,34.760019113426054,1,2,1,3,1,15,40,1,77337,5,0,11
665.2440407848707,160.9957437954735,1,5,1,3,1,17,42,1,39628,3,0,11
,165.50834599689577,1,3,1,3,1,19,35,0,60254,2,0,11
156.29873430942908,51.725808224290695,1,3,1,0,1,2,23,1,83740,9,0,11
653.7540733997155,55.8360599365803,1,1,0,1,0,4,69,0,52587,2,0,11
745.4307432637376,,0,2,2,3,0,5,43,0,59916,3,0,11
339.15486822468534,157.20422463453298,1,5,1,3,1,17,33,1,81175,2,1,11
,,1,0,1,0,0,3,18,0,101192,3,0,11
223.22115393354224,178.16428970096155,1,4,1,0,1,5,40,0,60660,1,0,11
,131.8939648726372,0,4,1,0,1,10,42,0,99993,3,1,11
95.4859947703275,171.51293079592136,1,3,2,1,0,16,48,0,114336,2,0,11
401.2817359197542,22.808672970846967,1,2,0,3,0,19,38,0,43833,2,0,11
,,0,0,2,2,0,5,48,0,43918,1,0,11
,58.50315463938192,1,2,1,3,0,6,23,1,105943,5,0,11
628.0461596940202,37.720739880116795,1,1,2,3,1,22,26,0,37825,3,0,11
792.8063248545377,102.03547931711812,1,5,1,2,0,17,23,1,82128,5,0,11
,81.79590348666925,0,0,0,2,1,2,66,1,80694,4,0,11
392.1373732411404,172.14502584532585,1,3,1,3,1,14,55,1,106435,5,0,11
261.45926837042646,122.84480304410906,0,3,2,2,1,23,68,1,70460,3,0,11
34.58245960942718,,1,2,1,1,1,4,31,1,74730,3,0,11
551.925968411282,100.0562861177752,1,1,0,0,0,24,22,1,56444,1,0,11
262.3722402932481,65.25726234402345,1,1,2,1,0,13,51,0,58900,1,0,11
,71.72774353523221,0,0,0,0,0,9,34,1,89762,4,0,11
196.50147000101924,188.8017672554435,1,5,1,2,1,21,45,0,66131,4,0,11
,8.486940634421059,1,2,2,1,0,2,45,0,99262,4,0,11
282.73357826933363,52.35871511612875,0,3,1,3,0,12,67,1,56398,2,0,11
,,1,3,2,0,1,18,50,0,48194,2,1,11
,189.17157657116937,1,3,0,2,1,14,36,1,41179,1,0,11
936.7096763123108,133.7597288867884,1,4,1,0,0,17,57,1,74459,5,0,11
783.1569208041383,94.70311129323832,1,5,0,0,0,10,37,0,99880,1,0,11
,3.8557330773344,1,4,2,0,0,16,49,0,44371,1,0,11
340.05057886016556,140.19292966400428,1,3,0,1,0,23,54,0,56672,1,0,11
506.9930936467465,,0,1,0,2,1,1,52,0,71907,2,0,11
,178.34658167730487,1,2,2,1,1,3,19,1,29478,3,0,11
659.795519915584,26.392017250057087,1,1,0,3,0,5,36,1,84328,4,1,11
840.0330035542936,1.664857200202241,1,0,0,2,1,21,50,0,100524,2,1,11
775.3444629237277,154.49629757746132,1,4,2,1,0,7,46,1,93597,4,0,11
945.860697940522,123.88560270575948,0,5,2,0,1,5,43,1,48271,1,0,11
711.6828214512602,157.97745194804446,1,1,0,3,1,4,57,0,39641,3,0,11
335.1012381957464,64.11830606564291,1,5,1,1,0,18,52,1,67513,5,0,11
751.1493062672228,62.610362136521914,1,1,2,0,0,22,21,0,52469,3,0,11
,,1,2,0,1,1,19,18,1,35659,1,0,11
457.16112453229385,,1,2,2,1,1,10,22,1,72201,3,0,11
286.4119220561054,121.52830363880676,0,5,1,3,1,15,44,0,63121,4,0,11
905.9072866964938,186.73200512486497,1,5,0,0,0,2,47,1,107509,3,0,11
49.29009211949076,,1,0,0,1,1,8,51,1,90751,4,0,11
,184.35905422764708,0,4,2,2,1,7,50,0,57661,2,0,11
,24.1347841749749,1,1,2,3,1,22,59,0,68065,3,0,11
51.73280653618262,84.66464604484614,0,2,0,0,0,4,58,1,62827,1,0,11
,135.26160816443553,1,5,0,3,0,21,28,1,100744,4,0,11
148.61343689435515,143.55098292815325,0,1,2,3,1,15,64,0,63424,4,0,11
725.9810042751221,17.313269811657616,1,4,2,0,0,21,20,1,30574,4,0,11
645.0650516022812,36.96414754530952,1,5,0,2,1,17,56,1,116666,2,0,11
136.12070111965036,195.3650440415036,1,3,2,2,0,12,31,1,42706,1,0,11
712.0423081555866,29.937944033269726,1,3,2,1,1,22,40,0,63486,5,0,11
,174.18574221001458,0,5,1,0,0,21,33,1,62385,4,0,11
433.53864741169343,154.35214691821483,1,0,2,3,1,15,47,0,95866,4,0,11
,,0,5,0,2,1,15,39,1,49753,2,0,11
211.494040036735,,1,1,2,1,0,8,22,0,80188,2,0,11
189.4939526846241,124.68449610732782,1,2,2,0,1,15,52,0,82155,5,0,11
,172.5677643834062,1,3,2,0,1,9,21,1,96692,4,0,11
840.1396577351392,12.55426925692682,1,0,2,2,1,15,35,0,35544,4,0,11
826.5953393017535,33.69240337086301,1,2,2,1,1,24,19,0,86104,4,0,11
,146.80287996613484,1,4,2,1,1,8,37,0,54276,5,0,11
,108.92184322144458,1,2,2,2,0,10,45,1,85489,5,0,11
,,1,1,1,0,1,1,45,0,82073,2,0,11
,,1,3,2,3,1,11,68,1,96925,4,0,11
496.3935122428965,31.092154005035,0,0,1,3,1,14,62,0,101044,2,0,11
428.67711680013355,,1,5,0,1,1,23,68,1,68152,5,0,11
462.50145344238825,,1,0,2,1,0,10,65,0,112828,3,1,11
35.79060193999373,82.74929443526038,1,4,1,0,0,5,44,0,42229,3,0,11
,,1,2,0,2,1,22,62,0,107291,4,0,11
24.140235969653755,,1,3,0,2,1,22,36,1,73116,5,0,11
665.7453749808882,13.64886054907124,1,1,2,0,0,13,51,0,36370,2,0,11
223.7009281127065,146.36211756999634,1,3,0,0,0,1,53,1,83718,4,0,11
834.3549176690994,175.11931873434648,0,4,2,1,1,3,54,1,114173,3,0,11
,24.780819486762272,1,3,2,2,1,15,26,0,57674,4,0,11
,164.54277178331574,0,5,0,3,0,4,47,1,113645,4,0,11
980.3307493675766,170.47259485794706,1,4,0,0,1,2,63,1,92681,2,0,11
181.26868046370527,,1,3,1,1,0,13,42,0,33515,3,0,11
382.5673417194545,,1,4,2,3,0,7,63,1,110054,4,0,11
395.4555077280105,,1,0,2,3,0,7,23,0,33629,3,0,11
611.2988257320611,20.218775478255218,1,3,2,2,1,16,51,1,112585,4,0,11
109.47824613130364,111.35296701794158,1,4,2,0,1,14,21,1,65320,5,0,11
20.708735574986427,,0,1,1,2,0,5,31,0,40266,3,0,11
867.36777686859,,1,0,0,2,0,10,27,0,33262,3,0,11
668.5904295863135,169.2813889097149,1,1,2,0,0,18,25,0,32488,4,0,11
337.123819464087,,1,2,0,2,1,15,59,1,79030,2,0,11
,162.33105366572192,0,2,1,2,0,14,29,1,57916,3,0,11
331.4574757854006,123.14429432135216,1,4,0,1,0,20,23,0,93081,5,0,11
769.1464249250096,,1,5,1,2,1,11,28,0,87653,5,0,11
821.2564028945098,,0,2,1,2,0,18,64,1,80492,4,0,11
197.11960957962393,110.329785111097,1,5,1,3,0,11,42,0,34356,2,0,11
407.6842520651621,47.697386112075016,1,3,1,1,0,4,25,0,85844,3,0,11
769.1752030855198,,1,2,0,2,0,3,43,1,97331,4,0,11
906.3626705259128,127.2838426947827,0,4,2,3,1,1,32,0,37238,4,0,11
378.92078448139574,,1,3,1,2,1,17,22,0,47931,3,0,11
854.7872796811159,,1,1,1,0,1,20,22,1,60450,9,0,11
,53.63093890767525,1,2,1,0,1,16,34,0,63548,5,0,11
509.6146118736667,,1,4,2,3,1,17,20,0,70574,5,0,11
724.2207638683545,,0,2,0,0,0,7,38,1,87472,2,0,11
215.8932096376024,36.803692273520674,1,2,0,0,0,20,22,1,44275,4,0,11
596.377428332333,74.13686650339825,1,3,0,2,1,15,38,0,39525,3,0,11
88.55209484303717,185.51296394973755,0,4,2,3,0,15,21,0,89630,5,0,11
186.81329312122773,37.80601440545255,0,1,2,0,1,8,39,0,50852,1,0,11
,172.19484349338487,1,4,0,2,0,9,55,0,86485,1,0,11
175.50183167113886,127.04705460348976,1,1,0,0,1,1,48,1,67986,2,0,11
383.4233124745602,24.417319077203658,1,5,1,0,0,12,56,1,79124,3,0,11
970.7192000161012,68.75138914246193,0,0,2,3,1,18,47,1,41748,5,0,11
352.0999026989502,190.95782720896744,1,2,0,0,1,8,38,1,83527,1,0,11
955.6852333648748,150.3778953393875,1,3,2,1,1,11,29,1,107624,2,0,11
919.004194770957,122.90376854866632,1,3,1,0,0,8,39,0,106099,2,0,11
411.03864927701704,,1,3,2,2,1,6,58,0,55517,5,0,11
103.13307567597752,,1,5,1,0,0,6,51,0,60688,4,0,11
57.45444281822121,125.94824578041332,1,2,2,1,0,23,18,1,40326,3,1,11
170.70392006714087,154.53136155132415,1,0,0,1,1,10,49,0,108434,1,0,11
106.864089290171,125.50424363054856,1,3,1,0,0,20,22,1,100926,3,0,11
440.9780711531596,164.2785098612764,1,4,2,2,0,14,22,1,71032,4,0,11
769.9477295599995,197.922280971648,1,4,1,2,0,13,33,0,64587,2,0,11
974.8672830994392,,1,5,1,3,0,13,49,0,52303,5,0,11
723.5025861727484,197.63619330960117,1,1,2,1,1,18,45,0,37368,3,0,11
544.6556554556558,,1,3,0,0,0,24,68,1,88401,5,1,11
234.79205102462709,181.22124516495492,1,4,2,1,1,15,63,1,71994,2,0,11
150.60247750020451,5.424541749813261,1,5,0,0,1,19,38,1,104018,3,0,11
440.92081976707465,118.69692876346872,0,2,0,0,1,23,50,0,79942,3,0,11
981.5357760668262,9.92622721058407,1,3,1,0,0,17,69,1,41561,3,1,11
534.4555679025325,10.570470482779172,1,2,0,1,0,5,50,1,86143,4,0,11
534.2906525821076,162.99217679083702,1,1,1,1,0,9,67,1,83740,4,0,11
888.551375061774,118.46130359504656,1,5,2,1,1,1,19,0,52597,4,0,11
349.4713695724603,144.2667135796899,1,1,0,2,0,8,25,1,39783,4,0,11
812.1308085121346,118.77858168497642,1,0,1,2,1,12,21,0,61643,3,0,11
,168.42497233498696,1,5,0,0,1,12,52,0,46435,2,1,11
,109.43165278878548,1,3,2,3,0,18,43,0,71722,3,0,11
,,1,5,1,0,0,24,40,0,74684,5,0,11
316.4721664639612,107.14687301352662,0,1,2,3,0,13,60,1,38605,3,0,11
796.618086440852,56.47904333607381,1,2,0,2,0,24,30,1,94705,2,0,11
,114.08799985249011,1,2,1,2,0,9,59,1,98775,3,0,11
952.1741501240308,113.71886574071252,1,2,1,0,1,10,27,0,99021,4,0,11
891.5644828042612,92.22566894056436,0,3,2,2,0,1,21,0,44497,5,0,11
923.9178640037334,151.24317176587357,1,5,0,2,1,13,68,0,115834,4,0,11
46.57840948190128,194.22743074907365,1,0,0,3,0,8,18,0,61203,3,0,11
,103.50418262845028,1,5,0,3,0,24,46,1,101517,4,1,11
39.8872266294451,153.2402318648276,1,1,0,0,0,19,35,1,82117,2,0,11
,95.43014744863704,1,5,0,3,0,16,43,1,92057,4,0,11
241.2079581487814,63.458618486482045,1,3,0,1,1,22,40,0,81558,5,0,11
172.84237391737378,176.90901304529436,1,4,2,2,1,12,47,1,110629,1,0,11
773.8399687801311,97.73679521641554,1,4,2,3,1,24,64,0,54938,5,0,11
359.6240469392686,167.5779949809205,0,3,0,0,1,24,40,1,75927,4,1,11
749.1178978840038,84.36157558192674,1,4,0,1,0,18,31,0,92123,5,0,11
621.6195238029352,,1,4,1,1,0,19,62,1,60389,1,0,11
699.1010200224991,74.72141669793162,1,0,0,2,0,17,62,1,53412,5,0,11
644.2865132244095,136.83801428760808,1,4,1,0,0,18,56,1,115927,5,1,11
846.086865634116,74.40642622878073,1,3,0,1,0,5,47,1,70642,5,0,11
566.4695504511182,40.35671313494278,1,3,0,2,0,19,57,1,85630,5,1,11
188.46007924945215,152.8227296627137,0,1,0,2,0,5,26,1,32503,2,0,11
884.3020864719368,,1,1,2,1,1,13,69,0,82370,5,0,11
961.0069291170024,,0,3,1,1,1,3,35,1,92520,5,0,11
232.07046573539813,106.2020120212234,1,4,2,3,1,18,31,0,92878,5,0,11
993.4089097828124,64.94465368132256,0,4,2,3,1,15,51,0,45396,3,1,11
579.9363536053273,49.847908373223945,1,4,0,2,1,5,18,0,48717,2,0,11
502.3795694980885,151.217103270197,1,1,2,3,1,3,41,0,81626,2,0,11
131.0501098877658,24.81364639101344,1,4,1,1,1,12,39,0,61697,4,0,11
590.8347240461887,148.84530858189223,0,1,1,3,1,5,37,0,43419,4,0,11
133.86724869673372,45.71718751028837,1,4,0,0,0,17,33,1,81053,2,0,11
353.7678328634819,53.67673697345494,1,0,0,1,1,8,48,0,102104,4,0,11
899.8177527064474,132.3999268066934,1,5,1,3,1,17,52,0,97560,2,0,11
64.19696765865224,103.5406318287861,1,1,1,2,1,4,42,1,51058,2,0,11
607.4828275167748,108.43290487620136,1,5,2,2,0,14,43,1,84258,2,0,11
307.4303530198481,165.06209036622778,1,2,2,1,0,22,47,1,60346,2,0,11
449.8177645326512,122.98431017057769,1,1,0,0,1,13,32,0,48525,1,0,11
419.8655848198675,121.22741647443809,1,0,0,2,0,2,52,0,84999,4,0,11
638.7369145334166,162.2907859738587,1,2,2,3,0,16,58,1,94856,4,1,11
803.6155697318889,,1,3,1,2,0,24,45,1,98807,4,0,11
,79.212525007027,1,1,0,3,0,5,31,1,53153,2,0,11
658.0530885078122,19.201089224687394,1,2,1,3,1,17,60,0,106239,5,0,11
788.0223963426052,2.8128125733344556,1,2,0,2,0,4,50,1,68226,3,0,11
87.0274419802325,144.60513188929374,1,5,2,3,0,19,64,0,95273,3,0,11
360.60665904787425,97.6486700188806,0,3,2,1,1,14,54,0,56337,3,0,11
181.6719385768355,195.31444124254685,1,5,0,1,0,19,22,0,59259,3,0,11
737.9029007525509,192.58756875309365,1,3,2,3,0,4,45,0,98503,4,0,11
732.8736892575895,,1,2,0,3,0,23,22,0,83003,2,0,11
192.49286362585772,16.676431016227113,1,0,1,2,1,7,54,1,114648,5,0,11
360.29769599854944,,1,4,1,2,0,18,53,1,105486,1,0,11
,97.3095936817132,0,1,1,0,0,16,33,1,73941,1,0,11
914.2648753526596,40.41836351806918,0,5,1,2,0,21,28,0,30737,4,1,11
80.40086274357094,25.682745874012824,1,2,1,0,0,13,32,0,34233,5,0,11
702.3370792115637,137.67340288152894,1,2,1,2,0,6,36,1,95592,3,0,11
260.20626486981837,68.25308466113167,0,1,1,1,1,20,48,0,49411,3,1,11
,175.0883648476214,1,1,1,0,1,2,50,1,82736,2,0,11
469.29534011980303,166.2105170604355,1,5,0,2,0,2,42,1,63035,5,0,11
,199.46974768369552,1,5,0,1,1,7,25,1,86657,2,0,11
962.204793754766,24.7778728596326,1,3,1,1,0,14,69,0,46229,4,0,11
121.58824795416334,51.387978889873544,1,1,2,1,1,1,20,0,34493,4,0,11
,119.44265703583196,1,2,0,3,0,22,46,0,60256,1,0,11
215.7005884808698,126.7806397431327,1,1,1,3,1,8,57,1,88844,1,0,11
71.64060871279554,162.0423875377115,1,1,1,1,0,21,35,0,58510,5,0,11
226.3778250726114,117.53165935438976,1,0,1,2,1,20,50,0,94567,2,0,11
782.3935446408234,130.26597361176036,1,2,1,2,0,16,56,1,114576,5,0,11
246.57639057210733,162.66394265312874,1,0,1,0,0,12,25,0,27930,2,0,11
,43.40635986544363,1,3,0,0,1,22,60,1,77486,1,0,11
579.4045217383474,,1,0,0,3,1,23,57,0,101908,2,0,11
113.86564744033134,,1,5,0,2,1,23,29,0,45430,3,1,11
885.4543533739517,150.1423736236291,1,5,2,3,1,7,39,1,52106,2,0,11
299.88470255296585,29.833519479204583,1,0,0,0,0,23,22,0,31982,1,1,11
453.43237916529534,138.26583062703278,1,1,0,1,0,11,36,1,34432,4,0,11
890.8780698332374,103.31812785542252,1,4,2,1,0,11,44,0,59633,5,0,11
,50.79505434804459,1,5,1,3,1,19,33,0,65376,1,0,11
795.7638379164526,88.4805445150193,1,4,1,3,1,7,47,0,53269,1,0,11
569.8210430439681,,0,0,2,0,0,15,25,0,92690,3,0,11
216.7233501208371,42.29956324819233,0,4,1,3,0,5,61,1,79860,2,0,11
234.55640681890551,60.087033090364294,1,0,0,2,1,12,38,0,59181,6,0,11
907.9827770570186,159.06747530654053,1,5,2,1,0,17,19,1,31412,5,0,11
495.0519285534287,,1,4,2,0,1,19,62,0,103597,4,0,11
,115.8320061548484,0,1,1,2,0,4,21,0,84838,2,0,11
494.630902940462,112.583323457912,1,4,2,2,0,9,43,1,56724,4,0,11
845.5138679906903,11.70776913297047,1,1,2,2,0,5,46,1,69236,2,0,11
,86.91655293360787,1,1,0,1,0,11,46,1,58289,5,0,11
391.6746293604333,142.7395131739766,1,4,2,1,1,15,61,0,76158,2,0,11
876.305450585589,71.08459085380746,1,5,0,0,1,9,32,0,92675,4,0,11
147.84139424926758,92.94426490474706,1,0,2,1,0,4,49,0,54823,2,0,11
404.31358801883346,,1,4,0,1,0,12,42,1,68421,1,0,11
330.4576403576789,165.31677736112337,1,4,2,0,0,20,61,0,58954,4,0,11
429.49278713982386,122.84669181900767,1,1,1,1,0,3,18,1,78173,1,0,11
469.565569428,140.2364032916838,1,5,0,1,0,15,34,0,36350,5,0,11
807.2050037839767,58.30345498300578,1,4,0,1,1,21,54,1,60020,4,0,11
868.58502037573,161.7965085704388,1,1,1,3,1,2,34,0,42155,2,0,11
495.1985865993082,123.05377974735887,1,2,0,2,1,19,29,1,34320,1,0,11
,161.5766465473967,1,3,0,1,0,1,31,0,43986,5,0,11
485.7175109870459,117.35394022479996,0,0,1,2,1,2,25,1,38896,3,0,11
954.4493408318464,14.97143155086338,1,1,0,1,0,6,44,0,67203,2,0,11
,,1,4,0,1,1,10,54,0,42827,3,0,11
587.1770037417476,183.26054383688947,1,2,1,3,1,14,32,1,85721,5,0,11
604.2472774979145,,1,0,2,0,1,12,67,1,105970,2,0,11
825.6712932490158,189.2614235466976,1,3,2,1,0,23,56,1,103123,4,0,11
897.7848322005711,59.47284201217013,1,4,2,3,1,10,60,0,97379,2,0,11
178.8450267951268,4.495903263825429,0,5,1,3,1,9,59,1,76768,2,0,11
443.3327913640104,133.86201785801174,1,3,0,1,1,23,60,1,98315,3,0,11
817.7795535554966,,1,5,2,0,0,23,57,1,93539,1,0,11
413.38768937723694,15.071210718088812,1,1,2,2,1,9,22,0,102094,1,1,11
39.324421385891654,94.0069157089182,0,1,1,0,1,20,57,1,83936,4,0,11
739.5456245586279,145.1982817855745,1,4,2,1,1,24,36,1,83520,5,1,11
486.2116345039531,,0,1,2,2,1,14,69,0,50570,4,0,11
,,1,4,0,1,1,23,24,0,87494,4,0,11
,,0,4,2,0,1,5,48,1,40916,5,0,11
582.7978543544558,46.026870434546055,1,0,0,2,0,1,38,0,54749,3,0,11
946.9413686492344,,1,2,2,3,0,16,35,1,75870,4,1,11
476.86209358016686,150.21290203967607,1,5,0,3,1,14,50,1,60735,1,0,11
154.61766871481095,130.49590845746792,0,0,2,2,0,11,21,1,81189,3,0,11
255.22671195827573,72.30315609973836,1,3,0,0,1,13,59,0,49621,1,0,11
,8.180314410917,1,3,0,1,0,19,39,1,101428,1,0,11
826.454437139861,194.57497767268023,0,0,1,2,0,2,40,1,87634,4,0,11
82.52787601442823,131.88327664542138,1,2,0,0,0,12,20,0,83062,3,0,11
287.44364142592093,24.91898420407917,1,0,1,1,0,16,59,1,52097,5,0,11
681.6435810294364,7.891029004718786,1,2,2,0,1,8,29,0,107010,5,0,11
588.6223803876676,,1,0,0,3,0,2,18,0,44254,8,0,11
675.9915389336884,104.339582975288,1,2,0,3,0,22,62,0,99021,5,0,11
,2.894832462193886,0,0,0,1,0,6,37,1,66910,2,0,11
235.46299479294183,70.70018942082457,1,2,1,3,1,19,66,0,84236,3,0,11
59.485379111687166,95.62446259273231,1,3,0,0,1,11,33,1,93528,1,0,11
591.8191618380868,173.9581827348195,0,4,1,1,0,8,65,1,115430,2,0,11
725.5226807477234,113.70651839361744,1,1,1,2,1,5,49,1,107165,4,0,11
,170.76102599772707,1,3,1,2,0,2,18,1,89141,2,1,11
192.67205920145548,159.7399762366739,0,4,2,2,1,17,35,0,101330,3,0,11
854.3110192195575,63.50805125761505,1,2,1,2,1,9,31,0,42694,1,1,11
253.282174992304,9.1482161227195,0,2,1,1,0,19,67,1,92161,2,0,11
952.0555227116416,6.063018650394203,1,2,1,3,1,2,53,1,79607,1,0,11
882.0635996969949,,0,3,0,1,1,9,62,1,102391,5,0,11
,71.83031789604748,1,3,2,1,1,12,49,0,67109,3,0,11
373.2403956910168,140.6030057226195,1,2,1,3,0,23,48,0,50307,1,0,11
344.90547454103546,190.2774545347146,0,1,0,3,1,1,36,0,44618,9,0,11
159.31765827993317,134.9498718964159,1,5,2,2,1,18,52,0,98503,4,1,11
37.44332358454771,113.31451663434858,0,2,1,1,0,11,51,0,83260,1,0,11
776.0234673126622,,0,5,1,1,1,21,53,0,74293,3,0,11
590.4478812510588,46.71714281446712,1,5,1,1,1,5,40,0,84409,5,0,11
830.9522613642089,47.646288226240706,1,2,2,0,0,13,39,0,63610,1,0,11
509.756485277192,96.45361348366689,1,2,0,2,1,3,21,0,103448,2,0,11
,,0,0,0,0,1,18,35,1,74324,6,0,11
948.5243615502782,,1,4,1,0,0,9,39,0,103297,9,0,11
128.91964814415047,124.01571878370244,1,5,0,1,1,7,56,0,63506,3,0,11
378.979176628377,,1,2,0,1,0,12,57,0,38327,2,0,11
444.3821420003913,154.53380422243046,0,1,0,2,1,17,38,0,57247,4,0,11
,59.99769594192623,0,1,0,0,1,2,28,1,93110,3,0,11
,30.458213277374433,1,3,1,0,0,8,19,1,65435,5,0,11
960.490976975054,151.54993025722308,1,2,1,1,1,6,29,0,30785,1,0,11
199.3760431896661,53.334421382220974,1,2,1,1,1,8,52,0,76765,4,0,11
504.1942650330661,,1,4,0,3,1,10,20,1,70273,2,0,11
,44.301607877777904,1,3,0,2,1,18,26,0,39908,4,0,11
,7.307029676730981,1,3,0,1,1,11,24,1,103023,5,0,11
342.4433682484445,196.72613690346904,1,3,0,0,1,7,20,1,57573,3,0,11
,187.8721318297991,1,4,0,3,1,18,40,1,89793,2,0,11
683.866619577119,14.779817394543526,0,2,2,0,0,9,47,0,61570,2,0,11
773.6076748848086,,1,1,0,3,1,12,32,1,68881,3,0,11
154.58240670957323,120.85716708799048,1,0,1,3,1,17,52,1,37257,1,0,11
246.83398599994976,130.30140806669093,1,0,1,1,1,5,45,0,39961,1,0,11
931.4118641846158,93.42402045992748,1,5,0,3,0,22,19,1,39597,3,0,11
965.9629373194532,11.077962424589938,1,1,0,1,0,19,20,0,79391,4,0,11
150.63833852948338,186.47891921122104,1,3,2,3,0,23,33,1,100658,2,0,11
,19.5441618246055,1,0,0,0,1,13,27,0,104483,2,0,11
675.175423238687,,1,2,1,3,0,23,68,1,41215,1,0,11
,51.57945975884377,1,5,2,3,1,11,60,1,82610,2,0,11
673.5277689619393,58.53702526784777,1,5,2,3,0,24,52,0,114123,2,0,11
910.1595869899722,2.6156740954891955,0,5,0,1,1,14,40,1,77735,5,0,11
,16.166361717876153,1,3,2,0,0,12,47,0,49999,3,0,11
642.558225590724,147.8550293280158,1,5,2,0,0,19,43,1,98520,3,0,11
837.333366526001,190.58401115196537,1,3,1,0,0,9,40,1,78389,4,0,11
465.16453041826225,0.3481385630246247,1,3,1,1,0,9,19,0,104544,1,0,11
566.9678847508674,,1,4,1,3,1,3,44,1,92077,3,0,11
396.12872126985496,60.51702475329985,1,1,0,0,0,14,65,1,87703,2,0,11
188.64068746843287,92.96365220125516,1,2,0,2,1,15,60,0,97638,4,0,11
561.5047853871391,71.02786785278012,1,3,0,0,1,4,18,0,98555,5,0,11
237.03717845954597,125.22867435870091,1,3,0,3,1,4,65,1,53526,4,0,11
,12.538528155608407,0,4,1,0,1,5,20,0,35906,5,0,11
,115.70984771833494,1,0,2,3,0,18,63,0,111503,1,1,11
414.30625460697934,73.63001275219084,1,2,1,3,1,11,18,1,56029,5,0,11
233.55172360897905,114.79317491063934,1,5,0,3,1,9,40,1,107807,9,0,11
0.7525077711678652,27.325629250162777,1,4,1,0,0,3,21,0,95607,5,0,11
494.1830797709035,159.77689485342992,1,3,0,3,1,21,68,0,102762,2,0,11
251.72257881443593,,1,1,0,3,0,3,47,0,87001,1,0,11
312.42647908296493,,1,4,1,1,0,19,18,1,63070,4,0,11
851.5395817085795,66.16798273508098,0,2,0,3,0,4,18,0,90925,3,0,11
,,1,5,1,3,1,18,33,0,53865,3,0,11
316.9100152375021,10.223343428212338,1,3,2,1,1,21,69,1,101197,5,1,11
753.2784072190576,,1,1,2,3,0,16,57,1,76758,3,1,11
382.3784233402653,111.74653871111109,1,5,0,0,0,1,69,1,112019,2,0,11
,149.26759493832716,0,5,1,1,0,18,28,1,92300,1,0,11
24.861367374726218,121.172145421684,0,5,2,2,0,21,22,0,102686,4,1,11
882.8614868381596,,1,4,1,3,0,8,49,0,76108,2,0,11
93.06934128116971,,1,2,1,2,1,2,57,1,80285,1,0,11
193.9279831446984,103.19332083485575,0,4,0,3,0,6,51,1,70432,4,0,11
33.85914962768277,25.413725611371095,1,2,0,1,1,2,62,1,73121,2,0,11
352.8267311170823,30.489913623433964,0,4,0,2,1,11,36,0,74619,1,1,11
938.0004068190156,197.6209223548368,1,2,2,0,1,11,54,1,52226,4,0,11
566.2499462850112,,1,6,2,0,0,18,56,1,77093,3,0,11
957.0542722367612,196.31774310910976,1,2,0,3,1,8,29,0,63798,5,0,11
504.210241868426,75.9648055856736,1,1,1,0,1,23,59,1,39414,5,1,11
78.57494026570811,,1,3,1,2,1,4,39,1,73192,5,0,11
806.9001711783351,10.0191503549129,1,1,0,2,1,11,66,1,50636,5,0,11
,128.3927161934846,1,3,1,2,1,23,54,1,51847,4,0,11
83.99479311362701,,0,4,0,1,0,20,22,1,30922,5,0,11
,162.71288818238372,1,4,2,3,0,5,25,1,47109,5,0,11
,,1,5,0,1,1,19,64,1,98406,3,0,11
335.3157398688039,,1,2,0,0,1,21,19,0,42968,2,0,11
50.732565301971455,,0,2,1,1,0,1,18,0,68186,1,0,11
988.1700632848792,,1,4,1,1,0,8,21,0,38838,1,1,11
382.6543064428987,,1,1,1,1,0,1,48,0,85206,5,0,11
629.8375165418416,56.47221571992913,0,4,2,1,0,23,36,0,90389,3,0,11
170.60819241760717,22.306169333754443,0,5,2,1,1,20,55,0,38264,5,0,11
940.825773544059,130.82528983331548,1,2,2,1,0,17,22,0,94074,1,0,11
784.8339940104204,48.119309266564045,1,0,0,2,0,16,53,0,58416,5,0,11
,163.9057495527006,1,0,2,3,1,8,28,0,42278,4,1,11
240.4204871647092,102.13038544658546,1,4,2,0,1,15,62,1,79494,1,0,11
101.25089793947171,141.0836621343189,1,5,2,1,0,6,52,1,67547,3,0,11
545.3556483273562,139.41120947878383,1,5,0,1,0,12,41,1,96404,5,0,11
312.4611075552265,21.779073126956348,1,1,2,0,0,4,28,0,54177,3,0,11
803.2533339547396,56.01162684108687,1,4,2,1,0,17,46,0,99197,3,0,11
748.8567931611896,149.67385867708762,0,2,2,0,1,5,52,0,45752,3,1,11
,25.528615736546612,1,1,2,2,0,11,43,0,108193,4,0,11
301.71832301501223,56.59746141187778,1,4,0,2,0,18,60,1,102677,1,0,11
,124.93589105686245,1,0,0,2,1,10,28,1,76629,1,0,11
,133.1781141926837,1,3,0,0,0,11,48,1,80646,5,0,11
295.17326475688986,9.347825025272185,1,5,1,1,1,15,65,0,81113,3,0,11
153.6983021692022,49.031601866732544,1,2,2,2,0,6,36,1,67441,5,1,11
951.5906042803708,95.04226753351148,1,0,1,0,1,13,47,1,55010,2,0,11
737.5477642960074,,1,2,1,3,1,8,47,0,40715,3,0,11
558.7462084889726,169.69524915249332,1,2,1,3,0,19,24,0,57977,3,0,11
83.60273084508607,170.48674830304793,0,5,2,1,1,8,43,1,36239,5,0,11
,137.29264418816442,1,5,1,1,1,23,24,1,76014,2,0,11
873.2733665906303,,1,3,0,2,0,11,41,1,51949,4,0,11
664.7708282406356,107.67663601355416,1,3,2,3,0,19,34,0,43790,5,0,11
,150.50066284668765,0,0,2,0,1,11,46,0,86905,3,0,11
37.581421166832165,52.35003297735972,0,5,0,2,1,14,26,1,84601,2,0,11
74.1812005248057,96.99028362380496,0,1,2,0,1,2,36,0,90770,2,0,11
,118.89058529810794,1,4,0,3,1,17,21,0,58152,1,0,11
931.1696291190484,143.63529789461654,1,1,0,2,0,23,23,0,53168,1,0,11
,61.61909613174829,1,2,2,2,0,9,37,1,57404,1,0,11
217.49224242690724,149.62624907394903,1,5,2,0,0,5,45,1,43284,3,0,11
850.4092597429108,10.645592002044667,1,2,0,3,1,2,60,1,39299,4,0,11
132.56733739862426,157.5092139096424,1,3,0,1,0,20,19,1,49650,5,0,11
956.8016092059456,43.2473230610144,1,5,1,2,0,23,51,1,73484,3,0,11
217.41026259513615,16.878885960421087,0,4,2,1,1,4,29,0,64676,3,0,11
995.7639493081816,,1,0,1,0,1,9,37,1,64523,2,0,11
708.6310236445153,99.0419011092857,1,3,1,0,0,9,21,1,68733,2,1,11
648.7754556761138,137.50691391752704,0,0,2,1,0,14,42,0,84428,4,0,11
146.28267212674805,156.05234552658882,1,2,2,3,0,3,62,1,79462,1,0,11
,,0,4,0,0,0,10,53,0,48071,2,0,11
213.4896350977732,138.3440946211666,1,4,2,0,1,13,42,1,111700,1,0,11
338.6500542256715,154.67438420224926,1,4,0,0,1,16,67,0,72483,1,0,11
680.823318284254,40.77617747533577,0,4,1,2,0,10,36,1,101929,4,1,11
21.77581621273772,99.87292203881532,0,5,0,2,1,4,23,0,82655,2,0,11
959.5279617985308,61.53738883958451,1,4,1,1,1,7,55,1,77168,2,0,11
736.9463351736241,186.33705334114632,1,2,0,1,1,21,18,1,85484,3,0,11
139.04543623290022,120.73871777867208,1,1,0,3,0,20,32,1,63463,5,0,11
25.24121150440861,187.86658097165937,1,0,0,2,0,12,41,0,71739,1,1,11
600.7201675508295,131.30665608063282,1,5,1,3,0,3,38,1,93941,4,0,11
,69.25473328301959,0,4,0,2,1,6,29,1,49191,3,0,11
68.88218843021498,141.2786354121704,1,3,2,3,0,4,21,0,88083,4,0,11
966.2340126044523,6.329793594759869,1,5,1,1,1,8,41,1,44491,4,0,11
969.0127188611976,,1,4,0,3,0,5,52,1,39691,1,0,11
91.55911291428907,139.41348863763722,0,1,1,2,1,15,42,1,44341,5,0,11
442.1631015434549,,1,3,0,3,1,24,65,1,104116,4,0,11
,9.240667121592526,1,3,0,3,1,17,43,0,54647,5,0,11
371.9806124963987,111.64952191430136,1,2,2,1,0,12,48,1,99882,4,0,11
93.67653636242912,188.77655167580264,0,0,1,0,1,21,39,0,61653,3,0,11
211.4646742861351,150.12191569464238,0,2,1,2,0,5,23,0,55039,5,0,11
780.4237874275931,50.66281482924553,1,2,2,3,0,15,35,1,82675,5,0,11
963.4820362015812,,0,0,1,3,1,18,36,1,31182,1,0,11
,173.57636690423712,1,3,1,0,1,20,24,1,32823,3,0,11
957.2399708118674,3.3662006580015724,1,0,0,0,1,18,45,0,33699,1,0,11
770.6836024712038,188.14176575613456,0,4,0,0,0,15,27,0,81962,4,0,11
280.10108313501956,,1,2,1,1,0,8,27,0,60848,5,0,11
,188.4251948036461,1,0,2,2,0,11,60,0,93740,6,0,11
267.44658946220744,136.69689720017274,0,5,0,2,0,24,43,1,99135,1,0,11
425.20083923329224,111.06652962224152,1,4,0,1,1,12,68,0,42770,3,1,11
,10.8758250888231,1,4,2,3,1,6,57,0,52074,5,0,11
319.8087778683161,127.9283904374698,1,2,1,2,0,19,22,1,45594,5,0,11
525.0218734241461,,1,0,1,3,1,10,67,0,70077,5,1,11
120.7036765502143,96.9479457099818,0,2,0,3,0,20,25,1,75378,2,0,11
505.3125152558063,199.09931975845345,1,2,2,2,0,16,24,0,79428,3,0,11
,0.6810240180199267,1,0,2,1,0,14,31,0,93127,3,0,11
970.7452399898184,197.90587246851297,1,5,2,0,1,23,55,0,109130,3,1,11
26.25229651485428,158.0206379626908,1,2,1,3,1,21,22,1,92301,1,0,11
417.52762903466646,118.48347167475924,1,4,0,3,1,7,53,0,90455,4,0,11
938.0377656263636,138.70126051056022,1,3,0,3,0,23,44,0,33628,1,0,11
645.5326447206089,133.56289757280672,1,3,0,3,1,14,54,1,77859,2,1,11
,135.95207380722505,1,3,0,2,0,15,32,1,41977,2,0,11
860.9824794845794,156.00888864017796,0,1,1,1,1,14,24,0,34594,5,0,11
763.6018461290934,,1,3,2,1,1,24,48,1,81940,1,0,11
125.005065315678,33.03656149342924,1,0,0,0,1,9,33,1,98186,1,0,11
,,1,4,2,0,0,5,63,0,46026,4,0,11
53.743949378428745,87.22609021916654,1,2,2,2,0,1,22,1,66111,3,1,11
7.962390597584967,137.45754848517683,1,4,0,0,1,1,21,1,71465,1,0,11
342.1769538368874,21.615890612490183,1,1,2,0,0,21,31,1,95292,2,0,11
4.651746462575379,172.74403574317333,0,3,2,0,1,2,54,0,37140,1,1,11
64.24339396704148,158.8038795446118,1,4,0,0,0,9,56,0,70348,3,0,11
152.7669494065945,86.90611400582252,1,4,2,1,0,21,39,0,96615,3,0,11
146.727371097927,55.95705987442267,1,0,1,2,1,19,21,1,36797,4,0,11
416.874179984336,47.08862515658818,1,4,0,3,0,22,22,1,83320,5,0,11
958.6428068599084,185.2976504097078,0,5,1,1,0,20,53,1,52400,3,1,11
120.18429497725802,181.99229976446668,1,0,1,1,1,14,68,1,61190,4,0,11
78.44368292727944,50.7799453669332,1,3,0,3,0,1,33,1,70040,2,1,11
,54.53092153522638,1,2,1,1,0,4,27,0,57601,3,0,11
613.6965893204534,94.3262396624198,0,2,1,2,1,22,35,1,83854,3,1,11
970.0877769822343,,1,3,2,1,1,4,44,0,90701,1,0,11
78.8572066338441,179.03241668179558,1,4,1,0,0,23,47,1,66436,3,0,11
,96.81391721904411,1,4,0,1,1,1,22,0,94878,5,0,11
,175.9820103799153,1,3,2,2,0,5,38,1,106299,4,0,11
,,1,0,0,3,0,23,29,1,68094,3,0,11
314.47595351253466,,1,4,1,1,0,18,63,0,62020,2,0,11
211.23749551487128,34.89560917808567,1,0,0,1,0,2,22,1,80107,5,0,11
392.8891061396853,80.84859288590864,0,3,2,0,0,3,51,0,62549,2,0,11
279.28726456113685,,1,2,0,3,0,14,33,1,45199,5,1,11
,176.74584604920904,1,0,1,1,1,6,34,1,78941,1,0,11
350.75183331535686,83.29845110384461,1,2,2,2,0,5,37,1,84623,5,0,11
49.44328234259043,,1,5,0,1,0,3,52,1,79724,2,0,11
495.6639393225177,,1,1,0,1,1,5,68,1,108105,5,1,11
316.814618747295,7.54824884798504,1,0,1,1,1,7,53,0,114801,5,1,11
340.4598471906871,176.5691410877689,1,2,0,3,1,23,44,0,98876,5,0,11
685.1524258170226,,0,3,1,3,1,18,30,1,104692,2,0,11
,,0,5,0,3,0,1,57,0,41920,2,0,11
112.88796918363708,155.7759369026644,1,4,0,1,0,21,24,0,93591,1,1,11
569.7700646549214,15.535296807359456,1,0,1,3,0,10,48,0,74768,4,0,11
240.32905953524576,154.13455842737508,1,4,1,3,1,13,61,0,43177,3,0,11
779.4657019725754,136.40974479093427,1,4,2,0,0,13,42,1,39923,4,0,11
852.0251507015305,195.14753727150284,0,2,2,0,1,4,38,0,59973,3,0,11
928.524381535941,73.93096018194247,1,0,1,0,1,13,37,1,100735,3,0,11
136.42346021417174,1.213181640383776,1,0,2,0,0,22,57,0,45896,5,0,11
511.84975664628195,58.67694735366244,1,3,1,3,1,3,47,0,74484,1,0,11
785.8382084318631,,1,5,0,0,1,5,51,0,109589,6,0,11
713.5281619129778,177.87819727988597,0,5,1,1,0,11,53,1,51961,4,0,11
187.0496295544717,110.74317372441614,1,0,1,1,1,7,23,0,89405,2,0,11
247.06745433626224,85.49509686008588,0,0,0,2,0,16,28,0,89056,2,1,11
,42.83884489890952,0,5,2,2,1,4,38,0,67758,5,0,11
71.46157720496149,,1,4,1,3,0,12,51,0,87422,5,0,11
510.71816703462537,10.266685571057565,1,4,2,2,1,6,60,0,105218,3,1,11
206.61646500764607,62.414776205985945,1,5,1,2,1,17,55,0,87410,4,0,11
,,1,0,2,0,1,1,57,0,44000,2,0,11
,,0,2,0,0,0,10,54,1,61464,5,0,11
222.22017448458377,141.22017763209692,0,5,1,3,1,24,32,1,104203,5,0,11
178.67392481455536,65.27136329632101,1,2,0,1,0,20,49,1,38822,5,0,11
602.2950893478668,178.25076848062972,1,3,0,1,1,20,29,0,82417,5,0,11
382.2695383592979,,1,2,1,0,0,15,42,0,93344,3,0,11
482.11484249109736,110.10512247681316,1,3,0,2,0,5,39,1,95237,1,0,11
215.84679232472536,37.53732213882688,1,0,2,3,1,1,27,1,60921,3,1,11
520.9812281421807,22.083822256319596,1,3,0,2,1,7,35,0,37194,1,0,11
,76.24740912643698,1,3,0,0,1,4,28,1,73774,3,0,11
143.6677354240825,55.06880547399982,1,4,2,2,0,8,39,1,38383,4,0,11
451.717718515803,147.30955900867997,1,1,0,0,1,21,67,1,69731,5,0,11
223.2292335872478,93.9011304589258,1,2,1,2,1,19,47,1,57568,3,0,11
626.9459713540525,181.19048071136547,1,2,1,3,1,15,42,1,88799,3,0,11
98.746924998811,106.77851289576256,0,0,1,2,1,6,43,0,56147,3,0,11
,,1,4,1,3,1,21,25,1,28684,5,0,11
199.26235268905037,133.86223803962895,0,4,2,2,1,2,44,0,40546,2,0,11
201.8790584201547,4.101464285284373,1,3,1,2,1,10,27,0,31487,3,0,11
225.8474668773436,,0,3,1,3,1,16,46,1,44466,1,0,11
145.25487807532377,177.9881563958656,1,0,0,1,1,12,41,1,67853,2,0,11
123.21215352041426,52.40701190304435,1,5,1,0,0,19,56,1,45078,5,0,11
504.7723303450813,179.66794903053972,1,0,0,0,0,11,56,0,67925,3,0,11
99.27235291466708,34.52171244287143,1,4,2,2,1,14,66,0,65305,5,0,11
336.87601080930665,115.235547666065,1,0,1,1,1,8,36,0,75841,3,0,11
206.4015114198655,66.40507907695346,1,0,1,3,0,19,39,1,53618,4,0,11
579.4248634477879,,1,1,1,0,1,1,24,0,104355,2,0,11
694.458029003914,84.9117833250038,0,4,2,1,1,21,39,0,69579,4,0,11
222.12917106990028,,1,3,2,0,1,6,66,1,96009,5,0,11
992.7352118707116,92.98318182003509,1,2,2,3,1,7,66,1,102824,5,0,11
624.1620656343492,114.49950543908626,0,3,1,2,1,13,33,1,48733,4,0,11
,80.32653118783364,1,4,2,2,1,9,50,0,52130,2,0,11
296.57166875118656,153.29240373323137,0,5,0,3,1,5,34,1,77960,5,0,11
854.8406853625022,127.54473526486696,1,4,0,2,1,7,35,1,39821,9,1,11
816.1847470524569,130.26008809199888,1,2,1,1,0,15,46,0,110119,3,0,11
994.1045532906408,,0,2,2,3,0,14,37,0,104527,3,0,11
346.30316568196815,124.93386346256705,0,1,2,1,0,1,18,0,104841,3,0,11
294.08245769504117,,1,1,0,0,0,14,50,0,86475,4,0,11
422.67774352595166,,1,3,0,0,0,7,27,0,104580,1,0,11
,90.08075997487909,1,0,2,1,1,9,41,1,49292,4,0,11
10.08960374293466,126.920495322855,1,1,1,0,1,17,29,0,28822,5,1,11
,,1,3,0,0,0,7,57,1,70522,2,0,11
532.7674808341752,178.60238240462257,0,4,0,0,0,10,64,0,110900,2,0,11
650.302843851335,101.43899111060396,0,4,1,0,0,23,51,0,78934,5,0,11
113.9637563877619,36.80248904055834,1,0,2,3,1,7,18,1,97142,4,0,11
,108.57706501394952,0,2,0,2,1,11,46,1,99300,2,0,11
930.8424331334554,8.57695295836114,1,4,2,2,0,10,35,1,73960,3,0,11
,178.71962708452688,1,4,1,3,0,2,52,1,59746,3,1,11
,,1,2,2,3,1,18,43,0,57653,1,0,11
85.88189232285737,6.928995683933592,0,1,2,3,0,13,50,1,85352,2,0,11
362.40194937837134,69.06087449236622,1,2,0,0,1,24,26,1,74795,3,0,11
636.7894762725101,177.57614355361028,1,4,1,0,0,18,42,1,84913,4,0,11
,135.73164168115625,0,4,0,2,1,3,59,1,106838,1,0,11
,,0,4,2,3,1,10,21,0,44633,1,0,11
917.0379346990514,46.547450178722904,1,2,0,2,0,5,21,0,46006,1,0,11
317.9238889594842,176.99623439736487,0,4,0,0,0,24,28,1,86637,1,0,11
,150.81057436408315,1,4,1,2,0,20,29,0,75602,1,0,11
115.5485954234138,90.84184663163654,0,5,1,3,1,7,26,1,66266,3,0,11
676.1230959055578,,1,5,1,1,0,5,55,1,44263,2,0,11
909.6549905174488,174.90452727232017,1,4,0,2,0,3,40,0,95205,3,0,11
,130.98974312536023,1,1,0,2,1,13,53,1,85608,3,0,11
659.5600741019508,160.19407226008136,1,1,0,3,1,14,52,1,49957,4,0,11
884.4188746766143,,1,1,1,0,0,2,22,1,38853,4,0,11
486.708257683358,85.46637736349038,0,2,2,0,1,9,49,0,53008,4,0,11
927.7709631864926,132.17557926496676,1,2,2,2,0,15,42,1,110773,3,1,11
824.5773363624533,,0,4,2,2,1,19,31,1,68571,5,0,11
130.778367941194,118.02931466041724,1,3,1,1,0,4,68,0,41942,5,0,11
893.1005233911598,93.27116199680606,1,5,1,2,0,17,32,0,49239,4,1,11
369.766680772675,44.54857371748113,1,2,2,3,1,14,68,0,64212,2,1,11
,142.18725400331226,1,4,1,1,1,9,62,0,61616,2,0,11
659.8802973719659,137.08507045873128,0,4,0,3,1,24,24,1,86010,7,0,11
182.5150192895373,0.1212096437203325,1,4,2,1,1,24,67,0,70869,5,0,11
662.9624226718636,,1,5,0,0,0,18,37,0,52313,1,0,11
,,1,1,2,0,1,12,54,0,43623,4,0,11
,176.91071865664892,0,2,1,2,0,6,45,0,57555,5,0,11
79.11466075343876,198.3932716760036,0,2,1,2,1,4,45,0,40925,4,0,11
832.8917112111226,,1,0,1,2,0,7,29,1,84735,3,0,11
910.0197668344332,181.99775077591153,1,5,0,0,0,4,54,0,52120,3,0,11
,106.82410707382668,1,4,1,3,0,13,22,1,81852,5,0,11
598.0257213259906,98.20033180186545,1,0,1,2,1,10,35,0,83576,3,0,11
91.84518037398747,,1,1,1,3,1,9,55,0,71894,1,0,11
588.4600017185066,18.918492956135125,0,5,2,1,1,24,67,1,55593,7,0,11
,33.62268118005962,1,3,2,0,0,7,56,0,110549,1,0,11
,,1,2,1,1,0,21,25,1,37414,3,0,11
,6.672342270279086,1,2,0,3,1,20,41,0,98769,5,0,11
388.5036341134067,196.85515399065156,1,0,0,0,1,16,34,0,77584,3,0,11
,,0,2,0,2,1,3,32,0,43499,4,0,11
886.9266892716165,123.29140154864422,0,0,1,2,0,4,34,0,47760,4,0,11
704.8219405768834,45.679117658875,1,4,1,3,0,14,46,1,37701,7,0,11
,81.44491958454627,1,1,2,1,0,14,63,1,86963,4,0,11
603.3092239126886,18.78576789114026,0,3,1,0,0,24,26,0,65598,2,0,11
,,1,2,1,0,0,24,34,1,82459,1,0,11
519.4725828142963,,1,4,1,3,1,20,68,1,81058,2,0,11
832.9623936318463,36.88200931042407,1,3,2,1,0,24,28,1,103466,2,0,11
420.35907951747686,150.9997831023082,1,3,0,2,0,22,46,0,35275,1,0,11
845.5691164078487,176.6993828135728,1,0,0,3,0,20,55,1,114570,4,0,11
21.80222758746853,86.89880166392363,1,2,2,2,0,6,42,0,42395,4,0,11
,174.9085906588568,0,4,0,0,0,5,51,1,66514,3,0,11
640.1424833620938,,1,5,2,0,0,5,36,1,72420,3,0,11
159.5200361237067,156.96069520047274,0,4,0,2,1,10,42,1,87927,2,0,11
364.1086512757243,4.555116276231352,1,2,1,3,0,14,55,1,91513,3,0,11
42.818160392926295,4.057830158603215,1,4,0,3,1,21,65,1,57618,5,0,11
,65.42213892710438,0,1,1,0,1,6,27,0,70183,4,0,11
,88.34343244034375,1,1,2,2,0,13,60,1,57445,3,0,11
244.85993951633833,112.60431935739348,1,2,2,3,0,21,47,1,92494,3,0,11
438.90112046192297,48.56605584225424,1,2,2,3,1,8,25,1,87879,1,0,11
861.0439248670964,190.4922583076201,1,4,2,1,0,13,25,1,90898,3,0,11
38.305395623449144,73.00827204917582,1,0,0,2,0,12,60,1,42507,4,1,11
874.0508605899021,199.52894642258508,1,4,2,1,1,19,58,0,85580,5,0,11
20.04975032645573,115.5771751481225,0,1,2,0,0,16,53,0,79332,5,0,11
534.9548154697594,9.094418296744934,1,4,2,3,1,3,54,1,81597,5,0,11
451.2659444880136,134.3685570430093,1,0,1,2,1,4,43,1,90897,1,0,11
803.3894431729283,50.52020300042109,1,3,1,0,0,15,62,1,96713,3,0,11
,55.9295970403757,0,2,0,3,1,11,27,0,101118,1,0,11
493.1105276712915,74.18384046322528,1,1,0,2,1,5,53,0,112205,3,0,11
473.0586232729428,166.46848647721964,1,0,1,3,1,11,59,1,114731,2,0,11
,189.79305191274884,1,1,1,1,1,12,48,0,67064,1,0,11
604.4448153143686,43.80347866899159,1,5,1,3,1,5,25,1,89580,2,0,11
726.8531161802731,8.553413309827395,1,2,2,0,0,23,42,1,97070,3,0,11
689.865552935639,196.09809644714463,1,4,2,0,1,10,68,1,79964,2,1,11
402.65802532089225,152.6410288021995,1,5,2,3,0,2,57,0,57893,1,0,11
,92.4677158335427,1,1,0,0,0,21,55,1,84523,4,0,11
831.7332910562022,13.62936393967884,1,3,2,1,0,10,21,0,29953,3,0,11
46.19694269419505,169.44677913784955,1,4,0,3,0,23,60,1,85207,5,0,11
415.1034690992243,,1,5,2,1,0,21,61,0,49675,4,0,11
194.017606012319,168.19477678431954,0,4,0,1,0,4,19,0,38100,2,0,11
529.3780794259761,182.3147854467744,1,0,1,3,1,3,34,1,50186,1,0,11
368.1727602253767,31.872189473328795,1,2,2,3,0,18,41,0,65897,2,0,11
988.9954937284512,65.66758869578054,1,1,1,3,0,2,25,1,50742,2,1,11
,6.14970892730593,1,1,0,2,0,20,40,0,94140,4,0,11
809.9053431731518,83.38091773650756,0,1,0,2,1,9,20,0,103736,1,0,11
747.3757551704578,179.19759538483538,1,0,2,3,1,11,28,0,34992,4,0,11
190.4104384141052,19.127402320406414,0,0,1,3,1,13,25,1,59379,1,0,11
,,0,1,0,2,1,6,44,0,54999,5,0,11
432.12156089980215,165.32301729462284,1,4,2,3,0,14,23,1,55254,3,0,11
,177.52644829571628,1,3,0,3,0,22,53,0,46596,3,0,11
,64.45611349349392,1,5,0,3,0,16,37,1,68652,5,0,11
,,1,4,1,1,0,22,38,1,108927,3,1,11
553.3496052646688,69.81903469459485,1,5,1,3,1,18,36,0,70558,5,0,11
806.4261024203291,119.47631798675482,1,0,0,1,0,8,23,1,54846,4,0,11
975.9023754472825,189.8936988053773,0,0,2,0,0,8,41,1,88722,1,0,11
765.5306867727163,,0,5,2,2,0,9,24,0,95014,4,0,11
833.5671386873415,,1,3,0,0,0,14,38,0,103183,4,0,11
641.1819582462646,,1,0,1,2,0,9,65,1,91882,5,0,11
52.76427628831115,,1,0,0,3,1,24,47,1,67712,5,0,11
,5.127578240346775,1,3,2,0,0,11,33,1,33780,1,0,11
,180.6174833736006,1,1,1,2,1,14,54,0,76979,5,0,11
,62.81115247472717,1,3,1,0,1,15,43,0,42444,3,0,11
409.8721189256198,42.44513880885283,1,3,1,0,0,17,22,0,87056,2,0,11
578.3584907183318,49.26133996856339,0,2,1,0,1,12,28,0,107582,4,0,11
630.267996208398,28.42152570921403,1,2,1,3,1,20,60,1,65894,5,0,11
685.3141732659528,49.04576679121604,1,3,2,2,0,12,21,0,42296,4,0,11
972.501878439821,150.65675882031357,1,1,0,1,1,24,26,1,86131,1,0,11
716.3580232378438,64.76415479450148,0,5,1,0,0,6,35,0,63914,3,0,11
687.2488147364328,75.002083020424,1,1,1,3,0,4,37,0,83142,5,0,11
,33.353559458974715,1,0,1,3,0,2,62,0,115008,5,0,11
658.0875789025372,156.74739149274174,1,3,2,0,1,12,42,1,69756,2,0,11
,45.702664399771194,1,3,1,3,0,3,30,1,53982,4,0,11
,117.00134388718266,1,0,1,2,0,22,38,1,76569,2,0,11
647.2804011718582,24.71510879177834,1,1,1,0,1,14,57,1,61951,3,1,11
760.542278160695,24.020339238440023,0,1,2,1,0,3,31,1,78155,2,0,11
805.5086745762992,199.834578493011,0,2,2,1,1,22,63,0,91121,1,0,11
786.4783726201333,101.12490406078562,1,4,2,3,0,17,68,0,86296,5,1,11
53.73013956985551,176.0466655181067,1,2,2,2,0,13,66,1,111438,2,0,11
322.0355448878135,196.47592329931268,0,5,0,1,1,8,18,0,30832,1,0,11
7.591611528623643,38.31130860596013,1,1,1,1,1,19,63,1,95526,5,0,11
329.69359432808943,36.75421988129139,1,0,1,0,1,17,25,1,100379,2,0,11
550.8180588284824,87.03795543285327,1,1,1,3,0,21,47,0,100927,2,0,11
557.0119908235871,172.88367701604474,1,2,0,1,0,22,46,0,107552,3,0,11
935.6201923496347,171.96987774324512,0,3,1,1,1,6,46,0,59853,1,0,11
585.3350759479342,161.40693771426618,1,3,1,1,0,12,45,0,51290,4,0,11
418.7652613688535,,1,3,1,0,0,7,43,1,94232,5,0,11
973.5050652446704,25.838639514469406,1,6,2,2,1,13,50,1,109874,2,0,11
469.7386875042894,,1,3,2,0,0,12,26,0,56179,5,0,11
444.1642891487179,191.64153092259835,1,4,2,0,0,13,64,1,72062,2,1,11
154.8784816242842,188.66843289100336,1,0,1,1,1,17,48,1,83247,2,0,11
470.818593362376,41.27943107829122,1,5,0,3,1,4,51,1,94805,1,0,11
382.0988017710776,21.539715541298232,1,5,1,2,0,12,64,0,71050,1,0,11
860.8882186340838,17.77880367665201,1,0,0,1,1,23,32,0,48879,2,1,11
212.71407518303076,94.68431402362047,1,1,0,1,0,22,65,1,61697,5,0,11
404.5176301474296,38.21331195204672,1,1,2,0,0,1,65,0,96156,1,0,11
,161.59086659741553,1,0,0,3,1,4,20,1,79829,5,0,11
811.669400637294,144.9141085779634,0,3,2,3,1,17,25,1,39060,3,0,11
,,1,5,0,3,0,10,33,1,33788,3,1,11
306.7395335934864,,1,4,1,1,1,8,28,0,39121,5,0,11
683.1971824250345,,1,4,2,1,1,15,22,1,30287,5,0,11
120.43733539567911,116.75156005105424,1,2,2,0,0,16,49,0,66980,8,0,11
5.066994329449792,170.1165542816738,1,2,2,1,1,12,50,0,102619,1,0,11
,131.51146090912215,0,1,1,3,0,8,22,0,80858,3,0,11
536.0972253678106,16.694245105242867,1,4,1,2,1,5,42,1,62653,5,0,11
,92.80397214231238,1,3,0,0,0,9,27,1,51835,5,0,11
320.0229156288176,195.59363171470457,1,4,0,2,0,18,23,0,33474,1,0,11
353.13669381842294,111.27455152615936,1,2,1,2,0,11,48,0,49553,4,1,11
223.81319996097093,29.380480253600204,1,0,0,2,1,17,28,1,41175,1,0,11
,165.10489937908096,1,5,2,3,0,21,32,1,45361,3,1,11
162.2411425020941,,1,3,1,0,1,21,20,0,32623,5,0,11
534.8562077825878,126.70318694220737,0,0,2,3,0,8,67,0,112875,2,0,11
719.9334837777338,126.02377540087927,1,1,1,0,0,17,25,1,84758,1,0,11
153.17924485664358,91.45518456306358,1,0,0,1,0,24,56,1,81056,4,0,11
142.93896375589165,96.47720770182012,1,5,1,0,1,1,43,0,52129,4,0,11
,185.5641602543538,1,2,2,2,0,10,63,1,43711,1,0,11
594.7261776680314,125.62168538492348,1,4,2,0,1,2,36,0,99623,3,0,11
,86.87428119640622,0,5,2,0,0,6,43,1,64132,4,0,11
528.8581407560035,,1,2,1,3,0,20,55,1,91441,3,0,11
392.90354207431466,102.04488982135427,1,4,1,2,1,19,30,0,64781,3,0,11
136.27688636057965,12.16577238003107,1,3,0,1,0,16,68,1,77566,5,0,11
664.8332449124849,,1,4,2,0,0,16,50,1,50880,2,0,11
604.8227663228066,171.22910561879385,0,0,0,2,0,10,57,1,63603,5,0,11
,,1,4,0,0,0,11,34,0,95952,4,0,11
,156.73037887255578,1,2,1,3,0,10,42,1,81150,1,1,11
450.6423441122239,,1,3,0,1,1,22,58,1,81993,4,1,11
365.9327835123968,128.24865415199602,1,5,2,3,0,17,43,1,99629,1,0,11
85.08217346603553,181.02475672187845,0,2,0,2,1,21,31,1,44541,4,0,11
159.69977957891857,100.69900810010024,1,2,2,1,1,6,44,1,85690,2,0,11
86.58238859187418,16.694530554628106,1,2,2,2,1,16,61,1,104358,3,0,11
221.7639382323121,108.8991530617603,1,1,0,1,0,19,56,0,64704,5,0,11
,29.7279541139871,1,0,1,2,1,13,24,1,96198,1,0,11
88.17817948924922,12.573546715251885,0,0,2,2,0,21,59,0,111190,1,0,11
94.86996196829011,141.87898527797492,1,4,2,1,1,10,61,0,82315,1,0,11
,16.7816214990993,1,2,1,3,0,12,60,1,92679,3,0,11
,101.2970429551658,0,1,1,2,1,24,22,0,104710,5,0,11
343.3295779437555,19.207996139247665,1,4,1,0,1,22,39,0,107281,4,0,11
150.5500073606877,107.352765953155,1,5,0,0,0,8,51,0,85228,1,0,11
792.6046970227563,187.00650769473793,1,2,2,3,1,16,53,1,95149,3,0,11
,,1,5,1,1,1,13,42,0,46739,5,0,11
178.15889733441549,136.59497313364315,1,5,1,0,0,17,37,0,105513,1,1,11
367.80865985238944,55.94232597601974,1,5,0,3,1,1,58,1,59252,3,0,11
,,1,0,2,0,0,1,43,1,111914,2,0,11
554.1274977342731,11.419409183877471,1,5,2,3,0,11,29,0,95570,3,0,11
871.9571702567587,69.49195159397279,0,0,2,0,1,2,25,0,89568,5,0,11
,113.67232246587048,1,1,1,1,0,8,39,0,106606,2,0,11
682.0132380737689,90.82143456595438,0,3,1,2,0,2,49,0,64555,2,0,11
386.8079219270904,193.40575667658533,1,5,0,1,1,18,38,0,69512,4,0,11
809.1700928686647,,1,5,1,3,1,24,46,0,111110,8,0,11
327.9002602799799,81.83852092625996,1,4,1,0,1,7,39,1,100052,2,0,11
997.602930646549,110.2344463036828,0,4,1,0,1,19,56,1,86104,3,0,11
624.1400930390357,62.590348074890855,1,0,1,2,1,11,30,0,68341,5,0,11
50.2466978489039,95.5527702205176,1,1,1,1,0,8,34,0,76335,5,1,11
,107.62832682928315,1,0,0,2,1,18,20,1,86496,8,0,11
,,1,1,1,3,0,7,52,1,72900,1,0,11
551.9532795862643,,1,0,0,2,1,4,60,0,62184,2,0,11
931.572784774904,7.319518126891156,0,2,1,3,0,5,58,0,63083,5,0,11
834.5633407123722,,1,3,0,2,1,18,41,1,87861,1,0,11
155.00990311359342,127.09504868618212,0,0,2,1,0,3,24,0,48037,1,0,11
,154.366898152329,1,3,2,3,1,4,59,0,114606,1,0,11
276.27020933624345,82.40060428561502,1,4,2,2,1,18,50,1,83224,5,0,11
958.729827867335,165.68355974584975,1,2,2,2,0,19,20,0,63428,1,0,11
81.49851766264793,168.13594590278996,1,0,1,3,0,17,37,0,63416,5,0,11
471.69498397396194,,1,2,2,1,1,3,53,0,40856,2,0,11
213.018232505788,145.1318077816247,1,4,1,1,0,23,56,0,49640,3,1,11
495.9043633176684,104.97619224980326,1,2,0,0,0,22,20,1,55145,1,0,11
696.7607290171103,,0,2,0,1,0,13,61,1,47066,2,0,11
894.3903065307722,142.007569508892,1,2,2,1,0,19,54,1,87643,2,0,11
102.03132973382957,80.63093175864282,1,5,0,1,1,10,32,0,35897,4,0,11
901.6458746286248,,1,3,1,2,0,20,29,0,36813,2,0,11
417.65292107389496,125.67680616629322,1,1,2,0,0,8,41,1,105605,1,0,11
284.585656020229,158.4781401148614,1,2,2,2,1,10,57,0,49091,2,0,11
,43.304608604258846,1,4,0,3,0,9,67,0,97606,3,0,11
,,0,3,1,1,1,18,67,1,88795,4,1,11
743.5344653381931,16.091948998217887,0,1,0,3,1,12,36,1,54925,4,0,11
,141.70693294957877,1,5,2,0,1,14,37,0,45404,1,0,11
612.1217436470395,31.799922363908717,1,0,1,1,1,7,23,1,76015,4,0,11
,20.19975637724818,0,1,0,2,1,14,19,1,66043,4,0,11
,190.25772285856297,1,1,1,3,0,17,49,0,68418,5,0,11
588.0372024144427,29.40647940810255,0,2,2,2,0,16,59,1,89476,3,0,11
59.567072897220626,67.22731323694524,1,3,1,2,0,6,44,1,40964,4,1,11
,140.3732196004883,1,5,0,0,0,24,39,0,43427,4,0,11
305.3189310179845,145.27923608541485,1,5,0,2,0,19,41,1,59428,3,0,11
355.0498749148735,49.794984295135826,0,4,0,3,1,19,42,0,60683,4,1,11
,156.7998146119396,1,5,0,3,0,16,25,0,74600,2,0,11
924.4441952377442,180.10871622328193,0,1,2,0,1,23,23,1,92669,1,1,11
659.1606198798282,44.04409915990617,1,2,0,1,1,11,30,0,62653,3,0,11
865.0672798002624,145.69228357624996,1,4,2,3,1,4,54,0,107585,3,0,11
451.78614775241255,171.35235189699569,1,4,0,1,1,7,30,0,38740,1,0,11
291.0674759317541,186.81230014469983,1,3,1,0,1,15,20,0,39316,1,0,11
584.5096169066039,144.80984517856274,1,3,1,1,0,7,50,1,111665,2,0,11
,,1,2,0,0,0,19,46,0,91887,1,0,11
226.33747410939665,58.93104753129768,1,5,2,0,0,22,27,1,88004,3,0,11
738.6709441541047,159.80425300207804,0,3,1,1,0,20,67,0,64173,2,0,11
,89.95555704967346,1,4,2,0,1,17,36,0,76543,4,0,11
950.9028807724192,62.52681594110632,1,5,2,3,0,14,26,1,38543,3,0,11
108.33603624421583,49.37598451325833,1,0,0,0,1,16,35,1,39752,3,0,11
220.17779113737143,9.180399482002445,1,0,0,3,1,20,33,0,79646,4,0,11
,80.99168330608846,1,4,0,0,1,15,30,0,64352,5,0,11
9.815957574522692,,1,1,0,3,0,19,22,1,89756,1,0,11
441.48398003737657,,1,5,2,3,0,23,43,1,53415,5,0,11
502.2011035849633,135.27287645477554,1,5,0,1,0,10,60,0,79569,5,0,11
944.1525392063652,165.80914874988835,1,3,1,3,1,1,34,1,40110,5,0,11
497.09985165888406,5.435464000428181,0,0,1,2,0,11,65,0,114891,1,0,11
619.4597273663115,184.34277778935387,1,1,2,2,0,19,41,1,102960,4,0,11
218.02946727923077,31.368587946866565,1,2,2,3,1,22,18,1,88964,4,0,11
461.2211487599828,145.26272741359958,1,4,1,1,1,20,66,1,101710,1,0,11
813.2835576193071,,1,1,0,1,0,21,38,0,31540,2,0,11
24.124438697639583,,1,4,1,0,0,16,30,1,62784,2,0,11
17.85837423844372,74.2506297942709,1,0,1,0,1,9,50,1,85322,4,0,11
189.73229618691468,27.97007524565156,1,2,0,3,1,22,31,1,82620,3,0,11
274.8089080805692,18.06089698685211,1,3,1,2,1,13,30,0,88304,1,0,11
42.272557633174834,83.33744352579716,0,5,0,1,0,1,40,0,48742,3,1,11
877.0284766681477,199.2044056598137,1,0,2,1,0,11,66,0,97607,2,0,11
378.27849380015545,86.15192373597336,1,5,1,1,0,9,38,1,66936,2,0,11
236.37391545636189,116.61528957796162,1,4,1,3,1,1,30,1,57571,5,0,11
982.7805001291892,75.06016871074786,1,3,0,0,0,13,61,0,64800,3,0,11
292.8886643469976,132.36174099368216,1,1,0,2,1,2,33,1,32281,5,0,11
,4.997138263998102,1,3,2,3,0,23,19,1,71170,4,1,11
665.2485685360715,169.59478783377682,1,4,0,1,0,9,31,1,83825,4,1,11
700.0313537405736,,1,2,1,3,1,5,19,0,100244,4,0,11
777.2526286376342,121.18133852993608,0,5,2,1,0,20,22,0,63833,3,0,11
,147.05597353955233,1,1,2,3,1,21,46,0,104238,5,0,11
842.0205991286301,61.166871297912586,1,0,1,3,0,12,47,0,40043,2,0,11
139.74207724717925,,0,4,2,2,0,16,39,1,70677,3,0,11
13.846003456147947,110.2759055391053,0,5,0,3,0,10,65,0,84814,1,1,11
573.9835278356345,116.03917272415518,0,0,0,1,1,13,37,0,34646,7,1,11
,198.7382561785668,1,4,1,1,1,8,25,0,106481,2,0,11
175.8400079884851,115.53629010488108,1,3,2,1,0,15,23,0,29147,3,0,11
497.7381020916134,195.5294581053508,1,1,1,2,0,16,56,1,64023,2,0,11
615.0842200789489,,1,2,1,0,1,7,19,1,86244,4,0,11
538.5068297897411,138.3274598763575,1,3,2,3,0,13,27,0,64541,1,0,11
8.963670539929304,121.80014564454451,0,5,0,1,0,6,50,0,82562,2,0,11
,30.86779766126506,1,2,0,0,1,17,36,1,97594,3,0,11
141.13254549865982,121.96767471567424,1,0,1,2,1,17,40,1,109231,1,0,11
296.2029724961116,116.33249644274828,1,2,0,3,1,15,54,0,75389,4,0,11
673.5912130940899,174.74351437333323,1,3,1,0,0,17,21,1,35153,5,0,11
350.61597361410867,173.14615910367274,1,0,0,0,0,21,57,1,41030,5,0,11
,134.37340854895032,1,2,0,2,0,9,58,0,51449,2,0,11
330.19114902168786,160.7723871896758,1,5,2,0,1,13,61,0,107182,6,0,11
161.59959807547108,118.69557566760616,1,5,1,1,1,19,26,0,39240,2,0,11
406.581225399951,64.96483995901141,1,1,2,0,1,9,39,1,62277,5,0,11
,161.30925183600695,1,4,1,3,1,15,36,1,91564,2,0,11
782.2468865688857,63.424467595295454,1,3,2,0,1,4,45,1,57772,4,0,11
355.0766890552377,13.632217170385852,0,3,0,1,0,23,44,1,95745,1,0,11
,,1,1,1,0,1,15,43,0,34943,2,0,11
1.2268495710995309,95.16866564610164,1,3,2,1,0,14,60,1,59959,4,0,11
,29.3346870868068,1,3,0,1,0,10,46,1,57508,8,0,11
751.0763449387686,151.38021709610717,1,2,0,0,0,12,50,1,68726,4,0,11
11.709928026329198,181.5751853696107,1,4,1,1,0,3,54,0,102001,4,0,11
959.1573572466388,,1,5,2,1,1,22,56,1,106664,3,0,11
,107.52267771118936,1,3,2,3,0,1,46,0,75539,3,0,11
,,1,0,1,1,1,7,22,0,31958,3,0,11
92.17164794208688,,1,3,0,3,1,1,62,0,59521,2,0,11
210.47570991771792,152.04272126774237,1,2,1,0,0,4,56,0,43568,2,0,11
277.4624703716397,97.08420659301808,0,2,0,0,1,15,27,1,72469,5,0,11
1.6233595852113147,,1,3,2,1,1,8,59,0,44485,3,0,11
442.2775578465648,,1,3,2,2,1,17,36,0,67677,2,0,11
,193.51096255602144,1,0,0,0,0,12,44,0,98174,5,0,11
644.7249853692751,,1,4,2,1,1,10,57,0,103253,5,0,11
366.4516262437125,85.41461552675433,1,1,1,3,0,10,37,1,98682,2,0,11
187.8144223429009,88.20417762549846,0,4,0,0,0,24,41,1,78705,3,0,11
,,1,2,1,0,0,9,24,0,88603,3,0,11
816.3963207905109,155.88956464151212,1,5,0,3,0,10,36,0,32688,5,1,11
822.3512473653212,22.79593296141997,1,2,0,3,0,2,61,1,70565,5,0,11
582.1685535574138,143.4162396635672,1,2,0,1,1,11,37,0,85154,1,0,11
612.7753151718356,93.5345603166709,1,2,1,3,1,10,68,0,99295,1,0,11
938.1840786981716,,1,3,2,1,0,2,20,1,89770,5,0,11
,47.69792219839783,1,3,0,3,0,13,36,1,53122,5,0,11
762.9285960053161,64.72749606335061,1,3,2,3,1,18,18,1,99363,4,1,11
608.562690653429,168.2743948299644,0,1,2,1,1,13,43,1,88074,2,0,11
81.31718973597602,,1,1,2,0,1,4,23,1,40137,5,0,11
424.1431099331268,76.89871263426124,1,0,0,3,0,17,20,0,53345,4,0,11
872.150649591334,,1,2,0,1,1,1,19,1,60613,2,0,11
265.2742351762702,175.42966422562802,1,4,2,1,1,3,66,1,97657,3,0,11
560.2639982243903,60.344449669378285,1,5,1,0,0,11,49,0,59666,5,0,11
893.4365085830461,7.797174617083713,1,4,1,3,0,3,32,1,67402,3,0,11
590.6195367487916,156.21389869131224,1,0,1,2,0,23,66,0,81017,3,0,11
252.43353658287697,,1,2,1,3,1,14,25,1,92193,2,0,11
,,0,2,0,1,1,19,48,1,52110,5,0,11
113.5825642034941,186.13446823885317,0,0,1,3,0,23,65,0,48511,1,0,11
,161.0077201508773,1,3,2,2,1,5,28,0,72557,5,0,11
,101.42951785065266,1,5,1,3,1,17,58,0,50584,1,0,11
,169.0130053520796,1,1,2,3,0,21,55,0,76415,5,0,11
6.752565556279233,113.305886854394,1,4,2,1,0,11,20,0,81777,3,0,11
424.1042101300031,31.868952024084795,0,2,0,0,0,6,62,0,43225,4,0,11
820.8737069323607,103.11578749584096,0,2,0,2,0,14,47,0,111094,7,0,11
146.2896423980282,19.899038709612498,1,5,2,3,0,14,20,0,51656,2,0,11
,29.76426055322341,0,2,2,1,1,23,50,1,53455,3,0,11
66.00201198110123,84.16897774711542,1,4,2,2,0,15,34,0,96807,2,0,11
694.5615627160291,198.76729365246652,1,0,2,1,0,14,61,1,41304,2,0,11
,123.472725992056,0,5,1,0,1,21,29,1,60806,5,0,11
945.8928056036456,64.01235330716726,1,4,1,2,0,18,53,1,90545,5,1,11
959.2337435789516,187.76583265875965,0,2,0,2,1,11,69,1,94829,3,0,11
319.4640545065962,107.82240451835436,1,3,0,3,0,20,21,1,43604,2,0,11
185.88320750576403,,1,0,2,3,1,15,22,0,35975,1,1,11
416.16217044629,87.96212386803342,1,0,1,1,1,6,61,0,97670,5,0,11
233.42210069033263,174.03778991073824,1,5,2,3,1,8,24,0,92253,3,0,11
627.7294858139173,,1,0,1,2,1,2,24,1,89283,1,0,11
,91.72310164825348,1,5,0,0,1,3,20,0,65932,4,0,11
360.8933098170808,191.65624890789692,1,5,0,2,1,8,18,1,50823,1,0,11
19.44876730314604,36.96401392884605,1,0,1,2,0,1,43,1,71103,4,0,11
231.2648586376777,22.35969425076581,1,1,2,0,0,17,25,1,106604,7,0,11
615.5448872096929,39.76734070894279,1,4,2,3,1,16,51,1,92519,3,0,11
,139.97637998811953,1,2,0,0,1,19,34,1,32217,2,0,11
544.7805928803598,39.843282356855966,1,5,0,1,1,9,56,0,50846,2,0,11
263.9527696135633,39.41660602164277,1,5,2,3,0,9,32,1,87183,1,0,11
969.4922454719732,7.4534475322950655,1,4,2,3,0,23,55,1,93897,5,1,11
163.88706471186765,107.18966669125372,1,5,1,2,1,6,31,1,45988,4,0,11
349.1194661268201,31.018415192309305,1,1,0,2,0,15,34,1,35311,3,0,11
686.1640236631647,56.966480266333505,0,1,2,1,1,20,37,0,52935,2,0,11
71.35766991932068,151.74395872281104,0,5,1,2,1,18,65,0,80590,5,1,11
240.3300281109991,144.90357186802188,1,1,0,1,1,16,38,1,70315,5,0,11
791.0339902217878,29.15769681576512,1,1,2,0,1,6,20,0,47403,3,0,11
670.7650223195147,149.4092323290455,1,5,1,0,1,17,36,0,103820,1,0,11
763.6081912083306,,1,2,1,1,0,7,28,1,56152,5,0,11
19.79800706007062,37.36783684616463,1,0,2,3,1,4,29,0,36731,4,0,11
475.2820890541708,3.024292721033972,1,3,2,0,0,12,26,0,36733,5,0,11
214.6245088541527,77.53833217376842,1,1,1,3,0,15,48,1,49933,4,0,11
442.98221548902393,105.21529888974266,1,1,2,2,1,3,32,1,53089,4,0,11
310.66331689037474,177.87796445497273,0,0,0,1,0,24,27,1,99437,5,0,11
759.9501140103038,8.37605650458948,1,5,0,1,1,11,47,0,100019,5,0,11
807.5045352029039,126.14782967944072,0,4,2,0,1,21,23,1,37226,1,0,11
150.70873958403195,25.296238548448557,0,2,0,2,0,1,48,0,76210,5,0,11
710.138741078954,9.633227700951895,1,5,2,0,1,17,46,0,58834,4,1,11
,,1,4,0,1,1,3,65,1,102229,1,0,11
67.59748585491543,,1,0,1,3,0,11,66,0,89051,2,0,11
795.6049881175261,,1,1,1,0,0,24,51,0,65025,4,0,11
836.0829269277045,145.4125471540758,1,1,2,1,0,14,51,0,89838,5,0,11
264.53351885784605,,1,4,1,2,1,2,35,1,102816,1,0,11
449.605223448202,18.187132825717555,1,3,1,0,1,24,40,0,40976,1,0,11
45.02713867653863,181.957828461831,1,2,2,1,0,22,57,1,70794,5,1,11
935.493874678153,66.17871969248287,1,2,2,2,1,1,63,1,50066,3,0,11
476.4204058661594,52.83044872363685,1,2,0,0,1,11,61,1,116668,5,0,11
367.94280345936625,150.03482279071918,1,2,2,2,1,20,48,0,98825,1,0,11
171.1079835201983,,1,1,2,2,1,16,47,0,44857,1,1,11
973.54856370031,21.09822486622106,1,4,0,3,1,1,26,0,91440,3,0,11
27.611378984717216,0.4362517949147326,1,2,2,3,0,10,23,1,56151,3,0,11
364.3293965712075,43.2427615614752,1,1,2,0,0,1,34,0,56191,1,0,11
,187.11779214360348,1,3,1,2,1,16,29,0,69677,3,0,11
682.8840922509112,154.80329690583903,1,0,0,1,1,11,22,0,89870,3,0,11
281.86333730771094,77.97916538462715,1,4,0,1,0,9,47,0,57460,5,0,12
721.9424781723455,120.34243977985402,1,3,0,2,1,13,51,1,80120,2,0,12
963.0546573708318,159.02426054411734,1,0,2,2,1,5,36,1,81747,1,0,12
,,0,1,0,3,1,13,53,0,77975,4,0,12
706.5038079644237,91.9288078460803,1,2,1,1,1,15,31,1,35677,2,0,12
847.023228331435,,0,1,1,1,1,7,38,1,64426,5,0,12
553.496660910907,,1,0,2,1,0,1,64,0,115480,4,0,12
402.05575688936966,,1,3,2,2,1,3,47,1,84644,4,0,12
990.1987683795747,14.603063363071843,1,4,0,3,0,23,22,1,104393,3,0,12
,147.18917897895474,0,5,0,2,0,24,60,0,96137,2,0,12
309.8287608906637,,1,4,0,3,0,23,50,1,72489,2,0,12
231.13192346241473,143.11409615185127,0,2,0,3,1,13,40,1,50480,5,0,12
265.57679308409246,130.01224177953537,0,3,0,2,1,14,62,1,103142,1,0,12
702.6614787171283,36.09021303659983,1,0,1,0,0,10,61,1,116448,5,0,12
89.47988714470645,143.17626521028973,1,4,0,3,1,18,20,1,32274,2,0,12
744.1936477912288,133.3070268116385,1,3,1,1,0,1,63,1,116929,3,0,12
,67.8825313079831,1,3,0,0,0,19,28,1,92689,4,0,12
934.402242685626,157.49327878909625,1,4,2,0,1,11,58,1,103320,4,0,12
463.19646431750095,,0,3,2,1,0,11,25,0,59428,3,0,12
,131.70936028665787,1,2,1,0,0,24,18,1,50939,2,0,12
815.6123905912424,197.98148119418843,1,2,0,2,1,1,35,0,93583,5,0,12
91.96347030647776,,1,1,0,1,1,20,57,0,62821,5,0,12
,189.03723259884936,1,4,0,0,0,17,63,0,108633,1,0,12
679.858221590732,167.6605267616762,1,1,1,0,1,18,20,0,69654,3,0,12
488.5420784583104,185.6145844678456,1,0,2,3,1,16,52,1,104771,2,0,12
,117.80959425652304,0,1,1,2,0,14,55,1,69723,1,0,12
,,1,2,2,2,0,12,22,1,97006,4,0,12
270.67640379011704,144.04921836466406,1,4,0,2,0,7,46,1,111968,1,0,12
546.2648148942221,,1,2,2,1,0,14,49,1,47385,1,0,12
819.5859531022385,145.56061951381855,1,2,0,0,1,10,44,1,47053,3,0,12
,116.72587074979376,1,2,0,3,0,13,30,1,29263,2,0,12
64.92327431546674,84.08122709824531,1,4,0,0,1,23,30,1,32293,2,1,12
167.85543692512294,192.7868581297117,1,0,2,2,0,22,55,0,48344,2,0,12
290.43855509423287,,1,4,0,2,0,23,64,0,51078,1,0,12
73.99757234668681,,1,1,2,2,0,14,18,0,45752,5,0,12
31.482771044058723,38.35177026715382,0,4,0,3,1,1,63,0,59371,2,0,12
989.4184855941434,178.80873703462694,1,2,2,1,0,11,27,1,103620,3,0,12
538.588373369116,88.68345774978228,1,3,0,0,1,6,39,0,38614,2,0,12
678.1098683282002,,1,2,2,0,1,17,32,0,84525,5,0,12
575.5314706533422,110.36657873787192,1,0,1,0,1,10,42,1,110417,3,0,12
15.958400115004157,,1,4,2,1,0,20,65,0,54170,5,0,12
,98.84914355042372,1,0,2,1,1,1,59,0,113421,4,0,12
286.1411342786845,12.077853748085277,0,4,0,0,0,22,36,1,58639,1,0,12
686.2045368873453,57.96821909683854,1,3,0,2,0,10,25,0,35019,2,1,12
620.471478000372,,1,4,1,2,1,5,57,0,79553,1,0,12
,187.0496124718615,1,2,1,0,1,4,30,0,55027,4,1,12
355.7143951732414,29.7532433218866,1,2,0,0,1,10,38,0,52662,2,0,12
309.5071583124893,64.48829180770177,1,4,2,1,1,11,38,0,50560,2,0,12
,0.7903897784201197,1,1,1,3,0,18,62,1,51383,5,0,12
,43.510984286425945,0,0,2,2,1,18,47,0,113887,1,0,12
592.6776255986301,140.71685383642856,1,4,2,3,0,10,29,0,85264,5,0,12
577.2822677231073,,1,2,1,0,0,10,69,1,53795,5,0,12
227.15337848306615,1.133919229280944,1,2,2,3,0,19,69,0,96641,5,0,12
,146.9703834842241,1,3,1,3,0,12,24,0,102173,5,0,12
,8.392692703752225,1,1,0,3,0,21,28,1,28645,1,0,12
371.7517532395005,115.83520508988204,1,2,2,1,0,22,60,1,89521,3,1,12
535.776360971056,94.04532260936617,1,2,1,3,0,24,52,0,102789,2,0,12
467.2035253906662,45.17228565978533,1,0,2,1,1,23,62,0,41588,4,1,12
701.5055008301567,,1,2,0,0,0,12,23,0,105821,5,0,12
416.0608392660267,,1,5,1,2,0,6,68,1,90128,5,0,12
297.283049069034,134.05247467359695,0,2,0,3,1,21,52,0,107153,2,0,12
487.0506860440248,153.51724340081333,1,2,2,0,1,2,64,1,40551,5,0,12
440.273304754365,,1,3,0,1,1,2,38,1,86622,5,0,12
650.0494095882908,142.83241291959962,1,0,1,1,1,16,64,0,77322,2,0,12
983.2827606055768,1.2188758016953738,1,5,0,3,1,8,21,1,53323,3,0,12
557.9396723968221,154.70154653508004,0,2,0,1,0,19,42,0,77146,4,0,12
996.4995574608454,59.70515772924223,1,1,0,2,0,24,60,0,43918,6,0,12
639.6555451816807,141.8565960568683,1,5,0,2,0,12,21,1,56150,4,0,12
707.6422721902703,138.85067686407874,1,0,2,0,0,13,42,0,51572,3,0,12
157.9521284128218,62.84290886785555,1,2,1,1,0,7,35,1,51496,3,0,12
495.5437502518718,118.9064925913105,0,2,1,0,1,6,61,0,74199,7,0,12
348.41089761658804,156.47543341867302,1,0,2,0,0,22,48,1,76350,3,0,12
242.7597936591408,122.43049975804254,1,4,0,1,1,11,20,1,35755,2,0,12
,,1,3,0,2,1,20,45,1,50083,3,1,12
351.4361611428516,0.4476244352737968,1,3,1,3,1,8,48,0,34997,3,0,12
274.2599271002555,,0,3,1,0,0,15,64,1,69931,3,0,12
,,0,1,0,1,1,2,24,0,30047,1,0,12
319.4824992921338,,1,5,0,0,1,4,48,1,99882,5,0,12
382.6866391930095,108.58592716532674,1,0,2,3,0,2,69,1,79199,3,0,12
,80.41822382216812,0,0,2,1,0,21,26,1,63059,4,0,12
376.4127345061548,28.814320532859593,0,5,1,3,1,23,32,1,109374,3,0,12
,156.8907470934048,0,1,1,1,1,9,56,1,78608,2,0,12
815.3742948229316,53.90382358241128,1,2,2,2,1,10,39,1,100026,9,0,12
176.9074684240768,75.23505070180765,0,4,1,1,0,15,37,1,55333,1,1,12
763.1217000580955,69.85613850092804,1,0,2,0,1,11,25,1,94245,5,0,12
,151.81426557440176,1,1,2,3,1,11,24,0,58884,1,0,12
529.9174597589368,,0,1,0,1,1,19,45,1,38443,1,0,12
468.71511290481993,80.14047082285384,1,4,2,1,1,6,35,1,48322,1,0,12
419.7505972722264,180.29853051601725,0,4,0,1,1,2,62,0,64071,2,0,12
,41.192177201273125,1,1,1,1,1,15,67,0,71263,3,0,12
675.6049567184318,51.4961508658452,1,0,2,3,1,21,33,1,42192,4,0,12
366.8826537169814,,1,5,0,0,1,4,31,0,30046,3,0,12
718.8143909568554,,1,1,2,2,1,24,51,0,86260,5,0,12
599.0634067169049,176.9677766458303,1,5,1,0,1,9,36,1,74783,5,0,12
187.59345234055647,187.4218642719516,0,4,0,0,1,5,51,0,74858,3,0,12
627.4084882228831,134.0000019421057,1,4,2,2,1,23,38,1,32141,3,0,12
756.2947242042305,92.9138119205867,1,4,1,0,0,13,29,1,77373,2,0,12
948.6010690303164,,1,1,1,0,0,4,23,0,106057,4,0,12
881.0505145603144,149.98947593644704,1,2,0,2,0,24,40,0,95206,2,1,12
98.00369971084989,147.58171359846594,1,2,1,2,0,12,66,0,49977,5,0,12
443.43373351853745,144.75174751052677,1,5,0,2,1,20,35,0,44715,5,0,12
919.9379598716135,,0,4,2,3,1,11,28,1,50359,3,0,12
145.1748590771168,72.65631116197267,1,2,2,0,1,12,24,0,54668,4,0,12
,141.9356794040971,1,5,1,1,1,5,54,0,79486,1,0,12
861.8907596220008,50.988331064338354,1,4,1,0,1,8,25,0,61001,5,0,12
,82.58390289754811,1,5,2,1,1,7,60,1,62580,2,0,12
564.8170722665703,75.00366967432028,1,3,1,1,1,18,55,1,72670,1,0,12
612.790912615566,22.02130916785756,1,4,2,2,1,17,39,1,110524,3,0,12
733.8659306235586,102.10158512149523,1,1,2,0,0,21,66,1,110720,3,0,12
394.5658106149343,,1,2,1,0,1,10,67,0,87339,2,0,12
269.0593705128872,10.729756890674302,1,4,2,3,1,10,43,1,61345,1,0,12
,58.81520011774728,1,3,0,2,0,3,38,0,84224,4,1,12
450.0232342145419,,1,4,1,3,1,3,41,0,74097,4,0,12
907.3027929183072,51.36203181868335,0,4,1,0,1,4,37,1,71825,1,0,12
,,1,5,2,0,1,15,64,1,77997,2,0,12
957.6242894535992,65.32686790607605,0,0,2,3,0,13,69,0,96434,5,0,12
32.313989224408644,28.664236886143215,1,3,2,2,1,2,52,1,106454,2,0,12
164.7363105169778,,1,2,0,2,0,11,69,0,93641,3,1,12
,,1,2,2,3,0,16,54,0,91668,1,0,12
778.38934958168,112.82575547267872,1,0,2,2,1,21,33,1,59948,4,0,12
239.89513345659108,109.94347836745358,1,0,0,1,1,3,47,1,113255,3,0,12
173.34743294429344,,1,5,1,0,0,13,35,1,46785,1,0,12
739.9631348438955,195.22525863119043,1,1,1,2,1,18,63,0,52515,1,0,12
116.5814310949398,124.50543184140142,0,1,0,0,1,11,64,0,79335,1,0,12
,50.65005978613628,1,0,2,0,0,5,29,1,91878,5,0,12
496.26336054393573,26.18316057519565,1,1,1,0,1,23,63,0,101953,1,0,12
519.439324267309,134.94843957085365,1,2,0,3,0,20,56,0,67092,3,0,12
353.3057783825088,,1,0,1,0,0,9,38,1,108879,2,0,12
246.62710179413617,19.61357798012915,1,2,2,1,1,19,47,0,107260,2,0,12
995.0129464784836,14.716866691761044,0,5,0,0,1,23,44,1,90855,3,0,12
344.02513672326216,171.42503796040344,1,2,2,0,1,8,19,1,46361,3,0,12
429.1113693009587,75.15311152706836,0,0,0,3,1,8,49,0,71671,4,0,12
749.0036427230174,159.6504170948649,1,1,0,1,0,10,57,1,73734,2,0,12
,49.36964669305417,0,2,2,2,0,20,39,1,63922,5,0,12
386.5947947666405,192.21483167672525,1,5,0,1,1,8,36,1,58866,2,0,12
,128.429484250611,0,3,0,0,0,13,21,1,98337,1,0,12
588.361705882382,,1,5,1,1,1,1,35,0,99275,3,0,12
,188.58775246204456,1,3,0,2,1,19,41,0,67210,4,0,12
737.7113305993944,6.640027312400942,0,5,2,1,0,21,59,0,41631,1,0,12
,,0,2,1,0,0,19,50,1,70678,4,0,12
686.2937931232493,101.86946093250444,1,2,1,2,1,1,29,1,101658,4,1,12
999.2912445357524,125.24706447009606,1,5,1,2,1,20,51,0,51938,3,0,12
260.42527848430916,118.24750197258432,1,5,1,3,1,15,37,1,39937,3,0,12
397.8486604997168,177.7007327050051,1,0,0,3,0,21,22,0,71044,6,0,12
350.42652769882466,45.59033529953436,1,0,1,0,0,18,40,0,51439,2,0,12
245.78969152362396,,1,3,2,2,0,19,34,1,84944,2,0,12
641.8086853391277,60.29220792561703,1,3,1,1,0,2,64,1,86420,1,0,12
195.6196456717163,106.2351603003346,1,2,2,1,0,9,44,1,110566,1,0,12
476.8798786577021,61.469602628488175,1,4,0,1,0,7,22,0,78679,4,0,12
651.2017910089717,195.6719819282099,1,4,1,3,0,14,63,0,60098,4,0,12
,144.93701773520897,1,4,2,3,0,23,53,1,38254,2,0,12
924.9109616222976,36.94992620223236,1,1,0,2,0,21,61,1,112281,3,0,12
746.0045636530989,24.649317787647917,1,4,1,2,1,14,39,0,98897,3,0,12
735.90580385497,,1,2,2,2,1,21,43,0,83047,3,0,12
643.5942008742011,56.93863947274267,1,1,1,3,0,24,32,1,44149,3,0,12
586.0338472021723,180.665460980618,1,1,2,0,1,24,49,0,40796,4,0,12
882.0890791039842,26.69148047173533,1,2,1,1,0,21,40,1,40589,5,0,12
887.2303567914206,29.668470290632975,1,1,0,3,0,8,65,0,91631,2,0,12
485.9867839038082,184.87108639144935,1,2,2,0,1,3,21,1,92740,3,0,12
647.1946586117549,,1,0,2,3,0,7,44,0,53957,5,0,12
306.96345235871746,,1,4,2,2,0,5,61,1,47666,3,0,12
310.0816839423752,81.74765601618319,1,2,1,2,0,4,45,1,40382,3,1,12
568.2420743176451,73.91663289145463,1,0,2,3,0,1,37,1,97808,5,0,12
495.8254227834799,84.52248737911057,1,0,0,2,1,9,30,1,43270,5,0,12
823.6013904917772,177.91379824647404,1,4,0,3,0,21,23,0,89472,5,0,12
853.5136938666292,185.3001086644664,1,2,0,2,1,15,59,1,111369,5,0,12
63.2768973833846,116.7697518695137,0,5,0,0,1,5,69,1,118592,5,0,12
700.9080631412705,161.37008203939337,0,1,0,3,1,9,42,1,82599,1,0,12
303.93734598579226,169.6338613801467,1,4,0,1,1,15,69,0,106420,2,0,12
835.8969844610625,11.505238428102738,1,4,2,0,1,1,62,0,78202,3,0,12
94.15112031312378,,1,0,0,0,0,6,61,1,66135,4,0,12
87.86269376892719,195.3212996396833,1,2,1,2,1,21,44,1,96415,2,0,12
3.49758839817349,,0,4,1,3,0,8,49,0,74512,5,0,12
562.769163067265,,1,4,1,0,1,2,53,1,40339,1,0,12
510.4551575883883,,1,1,0,1,0,12,46,0,87063,4,0,12
581.5547507682612,,1,5,1,1,0,2,39,1,68958,2,0,12
16.460541915248594,,1,3,0,2,0,12,57,0,65246,3,0,12
495.06252610594714,121.1175831442673,1,3,0,1,1,1,55,1,85123,2,0,12
165.18715782959126,22.54047538643553,1,4,2,1,1,11,44,1,112172,2,0,12
917.8281506074042,,1,4,1,3,1,16,48,0,90112,3,0,12
996.3526226410404,183.40766644892153,0,0,1,0,0,6,35,0,107401,3,0,12
317.71196219707343,,0,4,2,1,1,18,36,1,44311,4,0,12
238.88675901526457,57.388202578094074,1,0,1,3,0,21,18,1,76160,5,0,12
408.443453230284,196.6767908058114,1,1,2,2,0,3,57,1,84740,5,0,12
527.5913358070303,2.418960732653064,1,2,0,2,1,12,21,1,105427,5,0,12
294.8649155085492,93.74937376617255,1,3,2,1,1,5,55,0,94715,2,0,12
730.4473849803611,107.6492958683305,1,5,1,1,1,3,32,1,71571,3,0,12
723.1517260158963,13.137916502808778,1,2,2,3,0,16,18,1,91492,3,0,12
400.3483863303064,190.00268079633872,0,0,0,0,1,9,65,1,73552,5,0,12
517.1574875270226,193.16192811155273,0,0,2,3,0,19,19,0,81491,3,0,12
879.2775370752561,165.2125277875482,1,2,2,1,0,3,21,0,95519,5,0,12
937.5413978920402,52.19241667235017,1,0,1,2,1,20,69,0,67533,5,0,12
984.0310885016232,127.0072834226668,1,4,1,1,0,2,57,1,40428,1,0,12
849.2311062590051,11.549690516817844,1,5,2,2,0,22,55,0,42164,3,0,12
,,1,1,2,1,1,4,62,1,51956,3,0,12
778.3885809644,112.92869197593537,1,0,0,1,1,17,29,0,38968,2,0,12
692.4564316090103,170.07240566761365,0,3,1,1,1,6,49,1,108284,2,0,12
,,0,0,0,2,1,24,54,0,64497,2,1,12
14.081505737565836,158.61561473651616,1,4,1,2,0,2,63,1,75867,3,0,12
295.33915341630444,,1,0,0,0,0,23,32,1,30202,2,0,12
303.44675934675024,119.53429393890336,1,4,1,3,0,11,31,1,52668,4,0,12
50.98211360929839,,1,2,0,2,1,17,27,0,101994,2,0,12
158.96856969544558,47.918614311453325,0,0,1,2,1,8,35,1,103292,4,0,12
703.4584866855016,44.78778438684286,1,3,2,3,0,1,21,1,46887,1,0,12
157.21230836821198,18.909238326516096,0,2,1,2,0,14,23,0,29749,1,0,12
503.26309084277176,32.71187792037067,1,5,0,0,1,16,55,0,75321,1,1,12
,63.693846539352265,1,5,1,1,0,9,31,0,75375,1,0,12
145.1047278367519,46.3064741680393,0,4,2,2,0,14,43,1,33887,4,0,12
581.7100362771206,,1,1,2,2,0,5,50,1,72475,2,0,12
768.7884843043961,,1,3,0,0,0,12,30,1,70380,3,0,12
59.91426472277928,79.58263047851848,1,0,2,2,0,16,58,1,44094,2,0,12
137.6794867563873,119.40678248688378,1,0,0,3,1,21,49,0,97948,2,0,12
776.1674974502113,99.84528596935871,1,2,2,0,0,14,51,0,78287,2,0,12
675.4388265343761,43.94198557856554,1,2,0,2,1,5,51,0,40647,4,0,12
498.46467243205575,,1,5,0,2,0,10,69,0,119882,2,0,12
331.2472206338103,,1,3,1,1,0,4,45,0,89896,2,0,12
434.8562720742721,,0,4,0,0,0,24,60,1,117943,1,0,12
582.3484659526384,113.06418752933396,1,3,1,2,1,19,56,0,68039,1,0,12
297.26165551343354,66.68372819977884,0,3,0,1,0,15,52,1,72779,2,0,12
,178.31248712267833,1,2,0,3,0,1,42,0,44100,5,0,12
,88.24435135352888,1,3,1,1,1,24,61,1,71939,2,0,12
266.35752442627427,81.40558733321741,1,0,2,1,1,8,55,0,80535,3,0,12
577.9947597871151,21.367863615364225,1,0,2,0,0,18,24,1,75154,4,0,12
549.5000008505831,179.11888963427816,1,0,0,1,0,9,55,0,95634,5,0,12
721.2385882729211,132.37949083815917,0,3,1,3,0,13,19,1,37207,5,0,12
,47.42195874066917,1,2,2,0,0,15,31,0,102362,3,0,12
,123.41979313360576,1,1,0,3,1,21,30,0,72697,1,0,12
417.1925335838088,64.53853872625794,1,2,0,1,1,7,69,1,43133,4,0,12
790.0425707318296,1.5127962676002582,1,5,1,3,0,16,64,0,67770,4,0,12
791.9333073223002,119.44691627246468,1,2,2,3,0,11,41,1,68649,3,0,12
584.4063465839677,94.4505917285462,1,0,2,3,1,12,35,1,36754,9,0,12
731.8556802492427,61.88901924905355,1,0,1,0,1,10,32,0,47282,5,1,12
797.0447445341387,86.327649947857,1,0,0,3,1,2,40,1,105740,7,0,12
863.8460015825425,79.58223263774704,1,5,0,0,0,9,62,1,104483,6,0,12
989.327108323856,,1,1,2,1,0,1,39,1,67262,3,0,12
582.7543998622141,75.9430315487266,1,0,1,3,0,16,55,0,87132,2,0,12
140.33813500620963,53.493041939239646,1,4,2,3,0,19,61,1,58213,3,0,12
238.82291760601836,,1,5,0,0,0,1,22,0,60785,3,0,12
,22.090559945384804,1,3,2,0,1,24,37,0,46747,5,0,12
208.23505734902048,173.5819077959748,1,0,2,3,0,17,58,0,45287,2,0,12
23.872791242408265,1.4086802141305643,0,3,0,2,0,4,61,1,55375,5,0,12
627.4743071084787,,0,4,2,3,0,1,24,0,99956,5,0,12
591.054160893054,162.0910961352934,0,1,0,1,0,11,45,1,61753,1,0,12
18.261889851366895,,1,2,2,1,1,11,39,0,93918,1,0,12
739.9189813033136,145.82640328589898,1,1,2,0,0,12,60,0,104507,1,0,12
65.80151799179113,176.33147993574724,1,5,1,3,1,24,22,1,87967,2,0,12
615.1357938409978,,1,4,1,3,1,23,25,1,36971,4,0,12
980.3865162921164,113.97561371622038,1,0,0,3,1,3,33,0,77165,1,0,12
,117.7051777402341,0,4,1,3,1,20,34,0,94362,1,0,12
921.6726446267176,53.72099610577059,1,1,2,2,0,8,52,0,68830,5,0,12
525.0096137437394,,1,4,1,0,0,18,42,1,65566,4,0,12
432.2578182388943,,1,5,1,2,1,16,51,0,112478,5,0,12
608.0232938269558,119.26925030491904,1,0,2,0,1,2,63,0,100111,3,0,12
386.05894566141905,152.4476762901253,1,1,2,2,0,21,46,0,84363,3,0,12
90.43583944504708,,0,4,1,3,1,17,52,1,74673,7,1,12
976.3729551704224,133.55630708364376,1,5,2,2,0,19,54,0,74524,2,0,12
341.21981516950126,155.96198854707345,0,0,0,0,0,13,62,0,101839,4,0,12
655.6143226743034,126.30541194128293,1,0,0,0,1,3,21,1,86517,1,0,12
590.5501153348711,35.18119331830116,1,4,0,0,1,12,40,0,107050,4,1,12
,85.13653319777148,0,5,2,2,0,21,34,1,61840,4,0,12
818.4481039521349,48.61750331771832,1,4,2,1,0,13,23,0,100176,1,0,12
731.6797121520364,131.22623870735956,1,1,2,2,0,3,66,1,107345,3,1,12
843.5193748556137,193.42107442860816,1,5,2,2,0,15,34,0,31331,2,0,12
785.6211197190798,34.40557382197205,1,3,0,0,1,13,42,1,40193,1,0,12
435.90699605809857,18.88096773036365,1,4,2,2,0,13,25,0,71458,1,0,12
168.0843582429401,,1,2,0,2,1,10,63,1,77677,5,0,12
579.2594912417652,172.2219425746603,1,4,1,3,1,15,46,0,79837,2,1,12
633.298569678083,173.92644326644754,1,5,1,0,0,6,60,0,67330,5,0,12
713.6255570414083,131.58894696724164,1,1,0,0,1,18,46,1,76531,4,0,12
728.0134980841358,129.77686571130013,0,1,2,2,1,12,61,1,99111,4,1,12
318.1150584389875,110.41534798721338,1,3,0,3,0,6,44,0,67207,3,0,12
420.2393688926719,40.32159097201094,1,0,1,3,0,19,41,1,87070,4,0,12
873.2951734221008,182.95301888163112,1,4,0,1,0,16,33,1,101455,1,0,12
683.0210441035445,53.62837823103519,1,5,1,0,1,15,29,0,60846,5,0,12
286.6449788992812,,1,0,0,1,1,4,38,0,45339,8,0,12
,55.62341751116915,1,0,1,2,0,5,68,0,100934,1,0,12
520.110259885042,68.6475591909422,1,0,1,1,0,2,42,1,50119,4,0,12
362.1452976856969,1.496689630134096,0,0,2,3,0,17,32,0,49575,1,0,12
652.6139330791824,11.77248680474461,1,4,1,1,1,14,50,0,102078,4,0,12
740.3362685992587,46.53826065339028,1,2,1,0,0,12,35,0,97014,4,0,12
168.62901581977363,161.62245273148574,1,2,0,1,0,16,42,0,71499,5,0,12
476.3103839278943,159.28531031199475,0,0,1,2,0,15,39,1,60499,6,0,12
724.7395429698598,91.98262399279578,1,1,2,1,1,23,44,1,83874,2,0,12
300.18231662994543,152.74482562820833,0,2,2,2,0,11,34,0,88067,4,0,12
513.0042824417264,116.46596984327282,1,5,0,0,0,15,60,1,60988,1,0,12
,4.47591754157004,1,5,0,3,0,18,54,1,92387,4,0,12
,172.17386528406797,1,1,0,3,0,11,33,1,97225,1,1,12
352.5277048280074,1.5362487665076865,1,3,1,3,1,2,63,1,54759,4,0,12
774.5181752307329,132.9009221434553,0,5,1,2,1,23,47,0,83794,3,0,12
285.41418334657675,111.01574973354292,1,1,0,2,1,1,36,0,58081,4,0,12
774.0635447819886,99.15175249280566,1,3,1,1,0,20,25,1,87993,5,0,12
493.0268593323309,,1,5,1,0,1,5,39,1,75391,3,0,12
669.7090628291396,108.8050251104699,1,2,0,1,0,14,51,1,77389,2,0,12
366.0273926986894,198.35848386927947,1,2,1,0,1,3,65,1,110326,1,0,12
650.4800407561096,128.60402216355814,1,1,2,3,0,8,30,0,35751,3,0,12
416.9022668004845,99.50966370797155,1,0,0,3,0,20,61,1,55921,1,0,12
466.0435320423419,,1,2,2,2,1,2,25,0,40665,2,0,12
476.4391385966792,183.5522236942178,0,2,1,3,0,23,69,0,104214,5,0,12
,60.94352559979619,0,2,1,1,0,13,56,1,47593,5,0,12
,109.62439400224368,0,5,1,2,1,10,67,0,78096,3,0,12
135.37985274885435,27.548241717951804,1,2,1,3,1,8,52,0,103148,3,0,12
542.4871179512583,,1,4,1,0,1,23,26,1,82769,3,0,12
,150.11677852489132,1,0,0,1,1,3,33,1,107091,2,0,12
584.1970704028005,138.50297659839055,0,1,1,3,0,24,36,0,56069,3,1,12
704.6183279315172,125.14914328670292,1,4,1,2,1,5,29,0,87995,3,0,12
,171.59795870341165,0,1,2,0,0,6,23,0,75924,6,0,12
680.6308369592838,,1,0,1,1,1,8,42,1,89929,2,1,12
,43.53330888306972,1,2,0,1,1,18,64,1,47177,4,0,12
575.7076676578151,42.38852882309314,1,5,1,3,0,22,33,1,86281,1,0,12
973.4659420232614,55.36367136054121,1,1,0,1,0,7,28,1,83301,2,0,12
445.8776849234839,164.25832045030168,1,0,2,1,0,20,39,0,41917,4,0,12
,81.5157777217803,0,4,1,0,0,5,57,0,86720,3,0,12
641.9999534923647,195.63899110293917,1,1,0,3,1,4,31,1,89781,5,0,12
244.1478062580239,55.17688591376244,1,1,2,2,1,4,31,0,87204,3,0,12
448.6309178826914,31.24805416979626,1,4,1,0,1,10,26,0,80602,5,0,12
554.1214959005212,116.08887621115257,1,4,2,0,0,21,46,0,99760,2,0,12
829.1449326258364,187.80471057002953,0,5,1,3,0,20,56,0,111719,4,0,12
,140.8215056142334,1,4,0,2,1,1,52,0,67916,5,0,12
,120.0109213322532,1,3,2,0,0,1,26,0,85295,5,0,12
,22.899507040643343,1,4,0,2,0,24,31,1,51665,5,0,12
202.22813533875916,130.99405037515152,1,1,0,2,0,19,54,0,55002,2,0,12
418.3729812076642,66.62026449469485,1,1,0,2,0,19,53,1,67723,2,0,12
185.2120673266672,23.386957947641807,1,1,0,3,0,22,57,0,83713,2,0,12
370.416335163024,,1,5,0,1,0,20,19,0,48452,4,0,12
515.2787263305678,175.37059108224895,0,2,0,0,0,4,43,0,81807,2,0,12
813.0797020556793,190.09399166849076,1,2,2,1,0,9,58,0,88413,4,0,12
,165.75250880651978,1,1,2,3,1,8,51,1,78239,2,1,12
818.9146935122174,194.11519870712303,1,3,2,3,1,8,25,1,32449,1,0,12
777.6752207360393,9.38893456896328,1,3,1,3,0,15,25,1,95643,4,0,12
85.38969054470036,,1,5,1,2,1,23,22,1,40046,5,0,12
202.2237608871785,,1,1,2,0,0,7,65,1,59482,4,0,12
,142.91451187780288,1,4,0,1,1,22,50,1,68703,4,0,12
774.6954014365804,142.24150976855995,0,3,0,3,1,9,37,1,95431,3,0,12
18.499656844589207,185.04633777335852,1,5,1,2,0,18,41,0,83188,2,0,12
121.6374717265597,,0,3,1,2,1,2,49,0,47930,3,0,12
,36.77717337669135,1,2,0,2,0,18,58,1,41511,5,0,12
,123.29352045615798,1,3,0,3,1,11,69,1,71459,1,0,12
1.5201950063263858,33.355192755819175,1,4,1,2,0,21,58,1,99262,5,0,12
199.3654456266125,14.38895603846866,1,3,1,3,1,21,53,1,62002,5,0,12
603.5805575807038,49.6557421932698,0,2,2,3,0,10,58,1,74883,3,1,12
261.3689813894232,9.809295940632731,0,0,0,2,1,17,37,1,108267,5,0,12
690.320925345308,10.336573752877488,1,3,1,3,1,19,32,0,96053,3,1,12
76.1793298287161,112.97690150567514,0,3,0,3,0,4,44,0,63060,5,0,12
501.6443403302431,175.48708869915995,1,2,1,1,1,23,29,0,75888,1,1,12
765.9809860158606,90.5181188962587,0,0,0,0,0,18,67,1,65010,4,0,12
,,1,2,1,1,1,21,18,1,47490,3,0,12
713.2243096042273,138.5770197520646,1,5,1,2,1,16,18,0,52105,3,0,12
433.3383757952878,34.64246392429755,1,0,2,3,0,1,30,0,69191,5,0,12
213.94387046546348,20.142905711797397,1,5,1,2,1,7,58,0,102571,5,0,12
,123.12520467448384,1,5,0,1,1,17,21,0,93988,2,0,12
310.97379732422604,196.8793459094178,1,5,0,1,0,18,29,0,83481,5,1,12
,30.114232236454264,1,5,0,3,1,11,60,0,63237,3,1,12
158.3206506915038,31.255142256191615,0,1,2,1,0,15,38,0,65329,2,0,12
804.005723737614,162.447869251345,1,2,2,3,1,7,60,1,95987,2,0,12
802.0125221006913,82.54658437771359,1,0,0,0,1,3,44,1,56669,4,1,12
281.76398001354875,95.68506455606136,1,2,2,0,1,14,40,0,37217,2,0,12
,,1,1,2,0,1,12,21,0,100865,1,0,12
407.04538433296545,32.16585403452336,1,5,2,1,0,11,41,0,33509,5,1,12
823.9537025589377,105.02107720352592,1,3,1,1,0,21,20,1,29405,4,0,12
915.0247002773718,169.27556253890037,0,2,1,3,1,11,51,1,43755,5,0,12
301.212290809307,153.81581488971835,0,1,2,1,0,11,30,0,29836,5,0,12
485.9384037477329,106.98232197838168,1,2,1,1,1,19,63,1,84900,4,0,12
915.7753018187726,,0,5,1,0,1,3,59,1,50322,1,1,12
295.10779747157136,90.07451004051504,1,3,1,0,1,11,22,0,41834,1,0,12
353.23146304806374,113.18868882324308,0,2,0,3,0,1,30,1,32704,5,0,12
251.95749568407467,,1,1,1,3,0,20,68,0,112166,1,0,12
249.74866472477697,142.14159805959994,1,2,1,0,1,2,67,1,119398,2,0,12
786.072427995827,188.34917579376733,1,2,0,1,1,19,59,1,66061,4,0,12
293.4997751700246,61.10717146029467,0,1,2,1,1,4,63,0,60535,3,0,12
579.5083781424975,121.99533675283472,0,4,2,1,1,10,45,0,69686,2,0,12
876.8084324759653,172.6007072382725,0,5,1,2,1,23,26,1,105218,4,0,12
,165.61925610603254,0,1,1,3,1,10,62,0,79505,2,0,12
,132.29917160474955,1,0,0,1,1,8,42,1,106076,4,0,12
686.6971995532418,51.22431939750476,1,3,0,0,1,23,18,0,79575,8,0,12
145.73789836031813,,0,0,0,1,1,12,47,0,86993,4,0,12
32.30339433131169,152.16685751026282,1,2,0,0,0,12,31,0,35875,1,0,12
177.61219752121693,,1,2,1,0,1,24,51,1,58693,4,0,12
360.4960241461228,56.32826134508593,0,6,2,0,1,23,69,0,42577,1,0,12
328.65657679507063,75.86974908028668,0,5,2,3,1,16,41,1,85786,4,0,12
,182.1955265155999,1,3,2,0,0,3,54,0,50825,1,1,12
892.7116244363101,,1,4,0,2,1,2,22,1,33371,5,0,12
,,1,1,0,2,0,14,52,0,80807,2,1,12
650.3368773763357,75.77248757953103,1,0,2,2,1,3,54,0,72165,5,0,12
184.46559953426933,109.9864207087093,1,4,1,1,0,2,65,0,78778,5,1,12
654.4030667152304,98.69091804742688,1,3,2,3,1,11,32,1,44712,2,0,12
768.0144061961939,83.25522385038894,0,5,1,2,0,19,49,0,54761,4,0,12
304.66563538607005,5.146469409122556,1,3,0,1,1,18,51,1,65285,1,0,12
339.92334329436005,180.5211286082559,0,0,1,2,0,11,42,1,92716,5,0,12
224.90100134653449,91.41289601915176,1,0,1,0,0,21,64,0,49794,5,0,12
248.1306664961771,99.95360225265657,0,4,2,1,1,1,56,0,58983,2,0,12
478.0094999409786,179.53518512831238,1,5,0,3,1,10,39,1,44684,4,0,12
,147.54829702637858,1,1,0,2,1,24,43,0,88678,5,0,12
919.3119022440444,94.03932487905573,1,4,1,3,0,8,23,1,73046,1,0,12
869.6545750314787,,1,2,0,3,1,20,49,1,54905,3,1,12
,28.5327396952328,0,1,0,1,0,20,57,0,52731,5,0,12
64.65055580486923,,1,1,0,0,0,12,56,1,51805,5,0,12
597.3051698454294,21.287179374124587,1,3,1,2,0,20,52,0,44003,1,0,12
151.9798874642886,31.21654623812669,1,0,1,2,0,15,45,1,36117,2,0,12
,39.72672647894979,1,2,0,0,1,1,31,1,52676,3,0,12
733.604751776625,,1,0,0,2,1,22,27,1,100474,4,0,12
622.6344454880158,124.67788962291696,1,1,1,0,1,15,27,1,38128,2,0,12
,,1,3,2,1,0,20,23,1,31780,5,0,12
816.2160528844208,160.7471664895791,1,2,2,2,1,24,20,1,91077,1,0,12
475.1533740835884,,0,4,2,1,0,11,28,1,100548,5,1,12
7.1200406709004405,,0,4,1,1,0,6,68,1,93017,4,0,12
430.62873153606887,,0,3,2,3,1,12,37,0,59594,6,1,12
113.5774580607828,,0,3,2,0,0,3,22,0,36147,3,0,12
96.60642421797138,,1,4,0,0,0,17,40,0,52758,1,0,12
88.7288710909565,172.3539773020711,1,4,1,0,0,1,42,1,56483,3,0,12
,85.69970496874733,0,4,0,0,1,3,25,0,61046,1,0,12
493.9906190203284,68.60669796096171,1,4,2,3,0,23,51,1,49988,3,0,12
422.9624265790527,109.89245963207472,1,2,2,1,1,1,53,0,115019,2,0,12
946.74670909462,190.69540666730165,1,3,1,3,1,20,44,1,72681,1,0,12
933.9700057118264,191.52023197691787,0,3,0,0,0,7,57,1,55148,1,0,12
230.33567304348256,73.06913464561147,1,1,0,0,1,14,30,1,66085,5,0,12
959.2289331560256,77.32873899790029,1,0,1,2,1,23,47,1,57799,5,0,12
540.9800218226941,171.92837268920974,1,2,0,2,0,2,54,0,89526,2,0,12
264.7605043111716,84.55521929749636,0,2,0,1,0,2,19,0,52865,1,0,12
121.2340167564102,102.27942725614928,1,3,1,2,0,3,20,0,26298,3,0,12
,,0,0,0,3,1,6,38,1,91496,5,0,12
527.5920143431675,20.874599038752308,1,5,1,1,1,21,20,1,28672,5,0,12
180.07963634013703,139.48325388187436,1,1,1,1,1,8,27,0,78679,2,0,12
812.1338770251261,44.01247170060749,1,0,1,1,0,11,28,1,44035,4,0,12
650.8690563698774,68.95331652853203,1,4,1,2,0,6,34,0,44656,2,0,12
,104.62031308651302,1,2,1,3,1,1,63,0,92323,3,0,12
178.2049753189716,115.55968941974233,1,4,2,1,1,18,42,0,102993,1,0,12
,89.75726630402615,1,1,2,1,1,23,54,1,79932,3,0,12
,161.158945170551,1,5,1,0,1,9,66,1,49481,2,0,12
893.2146592426508,140.90406074691714,0,1,0,1,0,23,47,1,45166,3,0,12
873.6568954371435,124.17444150926212,0,4,0,0,1,8,47,1,46317,7,0,12
24.2415279941548,53.12522410874985,1,4,0,1,1,24,38,0,92728,5,0,12
725.2799907771755,93.00508978103193,1,3,2,2,0,17,56,1,102563,2,0,12
19.658233062545328,,1,1,2,1,0,7,61,0,98349,2,0,12
192.30224934007543,187.8202999053879,1,4,2,2,1,7,63,1,103917,1,0,12
75.71844161639119,33.663230712443415,1,5,2,0,1,3,35,0,65972,4,0,12
645.7900381395607,81.78106328382684,1,2,2,3,1,22,32,0,77420,5,0,12
,,1,1,2,3,1,2,49,0,41516,5,0,12
,,1,3,0,0,1,5,18,1,80025,4,0,12
38.904187311838314,,1,2,1,0,0,7,28,0,37635,4,0,12
332.0713241570887,153.93495367316933,0,4,1,0,0,15,25,1,88862,5,0,12
,88.60316515430063,1,4,1,0,1,24,20,1,80129,2,0,12
918.3144620186034,,1,4,0,1,0,7,44,1,49791,8,0,12
708.6807949576179,93.99681590552396,1,4,0,2,1,15,39,0,56753,4,0,12
456.50418235624426,78.97472676496149,1,4,2,1,0,12,49,1,69519,2,0,12
,147.78985799114025,1,1,1,3,0,4,35,1,82897,5,1,12
62.66117926047154,,0,4,1,2,0,5,31,1,80917,1,0,12
421.6471786978797,114.63398920868858,0,4,2,2,1,1,38,1,51622,1,0,12
,196.00449459257655,1,3,1,0,1,23,50,0,113697,1,0,12
310.15510925993095,130.83608491077752,0,1,2,3,0,13,41,1,111425,4,0,12
,175.21402890548933,1,6,1,2,0,14,26,1,104083,5,0,12
101.0388780874365,147.14726244227825,1,5,1,2,1,23,20,0,70777,1,0,12
,197.854284465618,1,3,1,3,0,4,47,0,73180,4,0,12
47.15496022864541,7.839054591725758,0,2,0,0,1,3,60,0,60927,1,0,12
,114.45178226013172,1,3,0,3,0,18,60,1,80309,4,0,12
143.61418800352476,7.581449443506383,0,5,1,1,1,23,47,1,85237,3,0,12
941.6195136520844,68.80653592745362,1,2,1,2,0,5,52,0,36812,2,0,12
969.2914361326395,,1,5,1,1,0,17,58,0,52649,5,0,12
916.9627834475006,133.8568916113021,1,2,1,3,1,9,43,1,51057,3,0,12
976.3616167596356,135.42302884914207,0,2,0,2,0,23,69,1,53688,3,0,12
375.92640408213686,30.973346246680535,1,5,1,0,1,22,20,1,55012,4,0,12
713.8838146804566,14.601576683554509,1,2,1,3,1,15,39,0,37368,5,0,12
808.3734391046644,42.42318244744416,0,5,1,2,1,22,51,0,49769,5,0,12
926.0053062386528,,1,2,0,1,0,6,60,0,89810,3,0,12
,152.99507733601337,1,2,2,2,0,19,59,1,91041,5,0,12
549.114086747713,182.45973877859913,1,1,2,0,1,19,28,1,33082,5,0,12
303.7366166369756,140.82547914474358,1,0,0,1,0,2,28,0,52810,2,0,12
175.06168668930545,34.680487331821894,1,4,1,1,1,22,63,0,51049,5,1,12
592.663338694334,103.93328324262994,0,3,0,1,1,17,69,1,70805,1,0,12
22.512119456466028,91.84595910108378,1,1,0,2,1,10,29,1,65216,1,0,12
360.180881716847,,1,4,2,0,0,22,29,1,30120,1,0,12
397.04320048339815,79.48631563206976,1,5,2,0,0,18,55,0,53520,2,0,12
691.6438699590065,188.03353543548795,0,5,1,0,1,9,53,1,89371,5,0,12
283.21816930397006,146.08894012880504,1,4,0,3,0,10,18,1,42307,5,1,12
,19.10862617893112,0,3,0,1,1,14,26,0,30766,4,0,12
,25.261610305239547,1,1,0,0,0,22,18,1,57728,4,0,12
,196.15143710304957,1,5,0,3,0,5,46,0,43254,4,0,12
,,1,3,1,0,0,3,47,1,77525,3,0,12
877.3253395292047,,1,5,2,2,0,13,54,1,107444,3,0,12
,175.46101062603375,1,2,1,2,1,9,68,0,71007,2,0,12
590.1395447082981,111.51672625691118,1,3,1,1,0,12,50,1,77557,5,0,12
,184.45466594997671,1,0,0,0,1,11,63,0,103462,3,0,12
,103.67379874564658,1,0,2,0,0,4,19,0,49600,2,0,12
965.8324952771972,45.94127778357577,0,5,0,2,0,6,22,0,49222,2,0,12
,122.62640034169144,1,2,0,0,0,20,27,1,71510,2,0,12
316.18831523283484,140.29924719557718,1,2,0,1,1,23,43,1,40548,5,0,12
,24.27707848087801,1,1,0,3,0,2,35,1,95064,2,0,12
836.0146210312596,8.914873610527142,1,1,1,3,1,7,37,1,46790,4,0,12
,,1,1,0,1,0,9,50,0,69101,3,1,12
639.529191168933,105.47357998021438,1,1,1,1,0,8,41,1,96163,4,0,12
181.45973530741296,167.94929241322504,1,2,1,0,1,2,19,0,69767,1,0,12
781.8441789043418,142.32575283002066,1,5,0,1,1,6,36,1,63878,1,1,12
181.87349396357487,0.99251253463295,0,1,0,3,0,22,43,0,106098,5,0,12
230.47560167941893,,1,0,0,2,0,12,19,0,99415,1,0,12
71.80387690799806,119.37762441003036,0,4,0,2,1,20,67,0,46863,1,0,12
749.3368252791734,25.086589609588493,1,3,1,1,1,24,52,0,104697,2,0,12
991.0350653919676,151.51955956816394,0,0,0,1,0,1,59,0,107521,2,0,12
175.64232555433622,105.60325332895898,1,1,2,2,1,23,43,1,48695,1,0,12
701.1064401239105,,1,2,1,0,0,3,47,0,109808,3,0,12
,103.1866337854748,1,1,0,1,0,24,23,1,34975,2,0,12
,75.48255486021138,1,1,0,0,1,11,43,0,90058,5,0,12
198.0700002177731,162.18303199902925,1,3,2,3,1,7,28,1,94830,3,0,12
321.21063602557996,136.35385167858917,1,5,2,2,0,10,25,0,90199,3,0,12
233.36694513522215,154.92605660184657,0,5,0,3,1,17,33,1,46680,7,0,12
556.4816080397396,71.0284609379344,0,5,0,1,0,1,52,0,69892,2,1,12
452.4846692045819,,1,2,0,3,1,9,67,0,115475,2,0,12
96.48352237715874,62.59543142402373,1,5,1,2,1,3,69,0,86516,5,0,12
73.60285403393519,54.05582072297035,1,5,2,2,0,16,66,1,94654,3,0,12
620.4933545290629,9.466138424098691,1,4,0,0,1,19,23,0,80711,1,1,12
231.04016987876463,198.78942693601095,1,2,1,1,0,5,36,1,68951,3,0,12
283.7972873506469,79.10409882752296,1,2,0,0,0,6,55,1,73491,3,0,12
,19.886467134867015,1,4,2,2,1,5,38,0,63832,2,0,12
599.8995859517801,,1,6,1,3,1,2,40,0,37670,5,0,12
221.27208005984232,,1,2,2,2,0,7,55,1,89379,6,0,12
878.3503642755272,105.71256163204606,1,4,0,1,0,4,21,0,38023,2,0,12
,157.9717001039335,0,1,2,1,1,23,66,0,94757,2,0,12
649.9554785511746,20.094774952598616,1,1,2,3,0,17,38,0,54073,5,0,12
746.526475948247,91.13305480093412,0,3,1,1,1,7,45,0,34164,3,0,12
774.6102084098515,119.36153871171052,0,4,0,0,1,1,62,1,88406,5,0,12
881.5432844957749,64.93887374606686,0,2,2,1,1,23,20,0,82449,3,0,12
367.5233206132038,71.58436890019155,1,2,1,0,0,5,60,1,45494,1,0,12
657.7054570906342,25.97710541970033,1,5,0,2,1,7,62,1,100695,2,0,12
,,1,4,0,2,0,7,43,0,41984,5,0,12
,,1,5,0,3,0,12,40,1,74731,2,0,12
87.26043979626009,97.90450910052766,1,1,0,2,0,14,60,0,68155,4,0,12
,144.0080014066314,1,2,2,0,0,7,34,0,56876,1,0,12
984.3230693292736,83.14731138461096,1,4,2,3,0,16,53,0,47468,1,0,12
683.1583682746187,199.6696364402417,0,4,2,1,1,12,34,0,56032,1,0,12
,53.325890230024186,1,5,2,0,1,9,51,1,89239,5,0,12
227.01816790503193,4.939028433096104,1,3,2,1,1,15,60,1,67265,3,0,12
,151.48770213223509,1,0,1,3,0,11,39,1,74059,3,0,12
730.8043379722878,,1,2,2,3,1,16,21,0,88380,5,0,12
,198.76253663137635,1,0,1,1,0,1,33,1,84541,3,0,12
,75.83659102208031,1,4,0,1,0,13,31,1,92410,4,0,12
626.4608748732576,101.0369278189972,1,5,1,1,0,16,62,0,44180,1,0,12
688.2384344301074,10.783570330890724,1,5,0,1,0,10,39,0,61875,5,0,12
,38.77402851835157,1,3,1,1,0,5,37,0,46650,1,0,12
322.47363614094013,158.64167002938564,1,0,0,3,0,1,38,0,80094,2,0,12
254.95847543119945,115.6710243138545,1,3,0,3,1,6,39,0,99928,4,0,12
907.4921611847858,82.21057141420276,1,5,1,1,1,9,30,0,92788,5,0,12
578.509545985517,185.54913802375913,1,1,2,1,1,5,23,1,94427,2,0,12
,114.5538277635248,1,2,2,1,1,11,44,1,67791,5,0,12
811.6102707035135,93.96210553768726,1,1,1,1,0,13,43,0,74279,4,0,12
148.26454578624904,62.289128008103624,1,3,1,1,0,22,43,0,84296,3,0,12
376.1328256302861,56.14359529553301,1,3,2,2,1,4,60,0,54132,3,0,12
895.5117923707145,85.92194104526271,1,3,2,3,1,3,51,0,44321,4,0,12
,,1,4,2,2,1,22,38,1,85091,4,0,12
988.1137530532646,111.49143191235336,0,2,1,2,1,14,46,1,50735,5,0,12
496.0422805946493,104.61686843007692,1,3,2,0,1,21,57,0,53544,1,0,12
354.9086490225066,31.44514396854714,0,0,0,3,1,11,58,1,52228,5,1,12
549.4574728459579,79.20629533369632,1,3,0,1,0,23,53,0,88731,5,0,12
33.81898358244617,,1,3,2,1,1,9,44,0,104973,1,0,12
515.1771109482743,131.70669726730887,1,1,0,3,0,6,47,1,79532,5,1,12
758.4613338225606,,1,0,2,3,0,5,64,0,102862,5,0,12
344.52050578548733,80.43559289083433,1,2,2,0,1,24,48,1,49566,4,0,12
315.0884764703283,132.13814110088975,1,0,0,3,1,4,36,0,104204,1,0,12
791.929957439946,9.7562531994412,1,4,0,0,0,12,62,0,52860,3,0,12
889.9399361809795,24.782959256746807,0,3,2,0,1,4,62,0,109253,1,0,12
757.1925847612699,169.0556135499676,1,2,1,0,1,2,68,0,89010,1,0,12
828.0557146038998,87.5437803913105,0,4,0,3,1,5,59,1,56852,1,0,12
62.38512070021152,179.59065934861954,1,4,2,3,1,20,18,1,73745,3,0,12
38.98215750402167,132.53485490105132,1,5,0,3,0,12,60,1,41758,4,0,12
921.1953424386602,12.654180326104436,1,2,2,2,0,24,50,1,109581,2,0,12
404.4523209115449,20.67368176944737,1,0,2,3,1,21,39,0,62475,1,0,12
478.7101681408511,85.01630044872081,1,3,1,0,1,8,25,1,36864,4,0,12
,106.7770112918264,1,4,0,2,0,12,42,0,68850,3,0,12
143.6129037730146,165.6038154187638,1,1,1,0,1,17,35,0,96634,5,0,12
224.54787697080104,85.38018629401414,1,1,0,0,1,14,48,0,112901,2,0,12
213.18961304186124,65.92344544979636,1,4,1,1,0,1,44,1,68725,5,0,12
,28.51224446664899,1,4,1,3,1,15,30,0,103341,4,0,12
285.2056171961813,117.04985729111354,1,5,0,2,0,10,18,1,67994,3,0,12
844.5906596338125,128.66576214795091,1,3,0,1,1,21,32,1,95556,2,1,12
113.23113606717992,,1,0,2,3,0,19,68,0,78402,1,0,12
,,1,3,2,0,0,19,35,1,105251,4,0,12
190.0116930866137,22.950134588751855,1,1,0,0,1,15,50,0,92052,3,0,12
412.988972608092,,1,4,0,3,1,8,61,1,53287,3,0,12
143.36940175056833,,0,1,0,1,1,1,19,0,35153,1,0,12
73.17264029539139,98.66197214409138,0,5,2,0,0,16,51,1,113601,5,1,12
203.34841033166936,184.22281597012417,1,0,0,2,0,10,57,0,40191,3,0,12
,80.78938558379289,1,5,1,1,1,15,52,0,47075,2,0,12
952.9432484454538,128.37774157665947,0,2,0,3,1,23,28,1,92249,2,0,12
285.46917782934213,123.69160042924688,1,1,0,2,1,10,36,0,62726,2,0,12
932.0194445840468,173.1266666798324,1,5,0,1,1,4,38,0,78984,6,0,12
590.885908882989,46.93029675219065,1,4,1,3,0,14,50,0,43780,2,0,12
998.4163777622274,169.19519979652532,0,0,0,2,0,11,42,0,109298,3,1,12
384.1245611314852,105.747993430378,1,3,0,2,1,23,62,1,63146,8,1,12
148.2341055211478,90.93787981946971,0,1,2,0,1,22,43,1,60378,3,0,12
249.96522928797427,79.22912759807662,1,4,2,2,0,1,30,1,98660,5,0,12
790.9426357727395,35.77297875967738,1,2,0,1,1,14,22,1,97880,2,0,12
855.1907220018328,128.03124440678042,1,5,2,2,0,8,50,0,57126,5,0,12
,143.60486871366496,1,4,0,3,0,3,69,1,117095,3,0,12
664.1080920014672,83.57621390895204,1,0,1,0,1,1,38,1,51002,3,0,12
259.2283177630975,160.361821490389,0,2,2,1,0,10,53,0,95629,4,0,12
672.5016613971991,174.35425127642526,1,5,1,1,0,21,23,1,79301,2,0,12
105.37568342035308,119.59135097916452,0,0,1,0,1,23,54,0,74423,2,0,12
,132.20753852930096,1,3,2,0,0,4,35,1,38455,2,0,12
,,1,0,1,2,1,22,51,1,40168,1,0,12
241.28494437823832,186.44221739299311,0,5,1,3,1,18,47,0,39781,2,0,12
,,1,3,0,0,1,16,56,0,87510,5,0,12
,104.7175219459136,1,5,2,3,0,24,18,0,82952,5,1,12
642.0378451150636,49.04130316113176,1,0,2,3,1,11,48,0,52657,7,0,12
166.92278037883867,46.89668160074887,1,0,0,3,0,9,34,1,43369,1,0,12
321.35345105206534,43.51333806506015,1,1,1,1,0,12,37,0,110391,3,0,12
985.2587440211886,14.472910921493632,1,3,0,0,0,16,69,1,116898,4,0,12
340.8081674436538,,1,2,2,3,0,21,65,1,45620,1,0,12
504.2480649969895,10.035016370466154,1,5,2,3,0,16,56,1,82902,1,1,12
222.1114280346478,103.26434733511394,1,0,0,0,1,2,59,0,62245,3,1,12
73.47464282420191,75.08031401794084,1,4,0,0,1,24,69,1,73324,2,0,12
260.09598179941963,144.87551779114668,1,1,2,0,1,6,46,1,62289,4,0,12
113.48865776831818,93.82109036732298,1,5,2,2,0,22,44,1,105451,3,0,12
387.42805291435087,91.02866815465072,0,2,2,1,0,22,68,0,73158,5,0,12
482.1823671078832,101.5106879008916,1,4,2,1,1,11,47,0,71897,5,0,12
963.2283198987144,117.03099628540446,1,1,1,3,1,16,37,0,104883,5,0,12
79.03476582876512,62.78397255974664,0,1,1,0,0,2,49,1,38597,3,0,12
334.2967671694304,51.1784122068289,1,2,1,0,1,2,68,0,85881,3,0,12
559.1299453454169,,1,0,0,3,0,15,39,0,52571,3,0,12
725.227725052146,,1,3,0,0,1,3,26,0,62740,2,1,12
663.9685577707235,158.74510282324584,1,3,2,2,0,16,69,0,81023,1,0,12
353.55344306830517,1.6848715490148214,1,0,0,3,0,9,59,0,40091,2,0,12
154.9128580973822,,1,3,0,2,1,11,49,0,51172,5,0,12
,153.3536000642719,1,0,2,1,0,10,66,0,44470,3,0,12
957.7247383454196,10.360141322102724,1,4,2,3,1,19,45,0,54367,6,0,12
707.1388537392445,195.2484291341833,0,3,2,0,0,10,66,1,110571,1,0,12
937.0402571116616,163.04393947000017,1,3,1,2,1,14,52,0,70808,3,0,12
,,1,3,2,2,1,8,33,1,96578,2,0,12
144.94971298498393,,0,3,1,0,1,19,29,0,105511,3,0,12
448.57723195362865,24.723667430166607,1,4,2,3,1,7,68,0,69954,4,1,12
,44.6295265555231,0,3,1,1,0,2,24,0,59127,1,0,12
,59.77814702057025,0,2,2,3,0,5,65,1,67437,4,0,12
565.6492678511711,,1,1,2,1,1,7,46,1,60300,4,0,12
167.59612325120176,,1,5,0,3,0,9,41,1,36585,1,0,12
879.9293461663491,173.22362415706343,1,0,2,2,1,4,26,1,81253,2,0,12
492.08830764710143,49.787162130765594,1,4,0,2,0,22,32,1,98615,5,0,12
568.0229044162073,66.0426946224031,0,0,2,3,1,10,28,0,62633,3,0,12
,133.03040070878103,1,0,2,3,1,3,20,0,57632,1,0,12
353.545988688814,104.83547633197168,1,4,0,3,1,10,55,0,54051,4,0,12
693.6367516786385,,0,3,0,3,0,22,55,0,63715,4,0,12
306.01574226625297,102.81287186876716,1,5,0,2,0,19,61,1,73848,4,0,12
460.00226066669023,73.2916159083731,1,4,2,2,0,11,52,1,108387,3,0,12
,,0,1,0,3,1,14,56,1,112320,5,0,12
,151.03670357119356,0,4,2,2,1,21,21,0,81029,4,0,12
,165.35426847066913,1,4,0,3,0,22,25,0,87059,4,0,12
653.7314636184306,,1,0,2,0,1,10,30,1,95640,2,0,12
637.8625049363374,,1,2,1,2,0,6,48,1,55033,4,0,12
,41.86211306395376,1,2,2,2,0,13,38,1,51032,5,0,12
817.1168200424826,159.33861668168672,1,2,0,3,1,4,54,0,59157,4,1,12
775.3338490775955,191.6634818973828,1,3,2,3,1,22,47,1,89501,5,0,12
424.1980953995812,,1,2,0,0,1,15,21,0,54598,7,0,12
575.2769560638799,,1,4,0,2,0,22,50,0,107879,4,0,12
305.2796437482296,184.4547464392825,1,5,2,0,1,20,56,0,104503,3,0,12
,101.15097578462829,1,0,2,2,1,13,52,0,100903,4,0,12
932.2941420247532,178.54516163836956,1,3,1,2,1,7,40,0,35701,8,0,12
599.1005391826588,141.7635976613143,1,5,2,2,1,23,39,1,63761,2,0,12
958.7002714609782,69.94018233366195,1,0,2,2,0,23,43,0,70182,3,0,12
516.2984820972189,23.29894256541969,0,2,1,0,0,14,41,0,47065,2,0,12
682.7154445595404,107.29064045913542,1,0,1,2,0,22,48,1,102042,3,0,12
249.23233836708013,186.6088686500792,1,3,2,1,0,12,28,1,69805,2,0,12
,88.79468067922703,0,4,1,3,1,8,29,1,86704,5,0,12
693.7408363625184,,1,4,2,2,1,19,36,0,43733,2,0,12
710.9177442026257,51.56241478743257,1,2,1,3,1,2,41,1,103366,2,0,12
,,1,2,1,1,1,20,21,0,63205,3,0,12
691.3183134750082,40.900998603263375,1,5,0,1,0,11,24,0,71823,1,0,12
,106.49505438803102,1,5,2,1,1,13,36,0,51329,1,0,12
,101.33696542190518,1,0,2,2,1,9,69,1,80605,2,0,12
118.29910550170086,59.96550832189755,0,3,0,3,1,24,67,0,110736,4,0,12
710.4088567118852,3.1142657119578088,1,2,0,3,0,10,52,0,91942,4,0,12
20.533547161124876,57.341840470927075,0,2,0,3,0,24,38,0,62332,1,0,12
430.28991062955447,,1,0,2,1,0,24,38,0,52331,4,0,12
24.424010019783115,,1,0,2,0,0,9,41,0,103728,1,0,12
212.68234764953763,56.86991587966719,1,5,2,0,0,13,30,1,47112,3,0,12
632.8513429966814,81.5743713388932,1,3,0,2,0,13,31,1,63573,5,0,12
93.67865171015066,72.8816474085898,1,0,1,0,0,22,22,1,98708,2,0,12
119.13962923489818,128.9624180691216,1,2,2,2,0,14,66,0,49092,1,0,12
661.5850987072412,51.33830559564425,0,0,1,1,1,17,67,1,109578,5,0,12
,106.07993766794208,1,0,0,0,0,12,63,1,67823,4,0,12
317.3604827651406,132.06931026729765,0,0,2,1,1,23,62,1,93229,3,0,12
586.4871963630536,177.0255609264713,1,4,1,2,1,22,29,0,71726,2,0,12
,93.13440510624596,0,2,2,3,0,6,62,1,101666,4,0,12
300.47602023224397,49.604888390876866,1,5,2,0,1,7,25,1,107315,4,0,12
,174.32120403355162,1,5,2,0,1,16,33,0,96030,1,1,12
616.5744248466984,148.10393320250594,1,3,2,3,0,15,39,0,84314,2,0,12
64.95298511733449,28.626910616612577,1,0,0,2,1,6,34,1,75058,1,0,12
781.2526639109332,160.57160863052297,1,0,0,0,0,22,45,1,57814,5,0,12
687.913657679246,111.79801489363405,1,5,0,3,0,8,33,1,39336,3,0,12
,167.76154363103166,1,5,1,3,1,15,30,1,64632,5,0,12
725.331240577588,14.88306080759896,1,4,1,1,0,14,36,1,103722,2,0,12
524.375818867708,69.94274459780978,1,2,0,3,1,2,53,0,61317,2,0,12
11.471023637970587,54.95704326549391,1,1,2,0,1,21,21,1,43628,4,0,12
612.9802307229895,111.25138566178912,1,1,2,0,0,24,56,0,72310,4,0,12
938.0578747132608,86.59397927640062,0,2,0,0,0,8,45,1,77405,2,0,12
514.8326719093379,192.81264678492388,1,1,1,3,1,7,59,1,97818,4,0,12
869.3109284748615,173.80077371699213,0,1,0,3,1,21,54,0,48834,3,0,12
17.087281872698036,113.02889022570378,0,4,2,2,0,1,59,0,81306,1,0,12
172.69517520637757,128.94564727061712,1,0,0,3,0,4,44,0,35683,5,0,12
409.3460281883443,,0,4,2,1,1,1,23,1,30943,4,1,12
543.1379317153975,77.95412350267175,1,0,1,3,1,4,67,1,100272,3,0,12
945.7071524267552,31.10771125511418,1,4,0,3,1,22,41,0,82045,4,0,12
145.68289916832688,35.56664221779846,1,2,1,1,0,2,57,0,95589,4,0,12
262.3887611732095,107.23895698114671,1,3,2,3,0,17,22,1,71293,4,0,12
460.1521580065978,57.72030463060218,1,5,2,1,0,20,49,1,73169,2,0,12
342.7288887422647,186.96777345187263,1,1,1,3,0,17,24,1,61196,1,0,12
702.8991377703334,47.74763235958517,1,4,1,2,1,15,45,1,88593,1,0,12
241.0664027907643,189.6111820194133,1,3,0,2,1,14,20,1,40156,4,0,12
425.16427040263494,51.06130822304274,1,0,2,2,1,9,48,1,92840,2,1,12
,179.5785213047532,1,0,2,3,0,20,25,0,95198,4,0,12
134.66992459864346,,1,3,1,3,1,2,22,1,65947,5,0,12
187.82942909334088,29.54833413495084,1,5,2,2,1,2,45,1,89129,5,0,12
404.4223184174992,,1,3,0,0,0,18,47,1,109205,4,0,12
91.34147926025426,,1,3,1,3,1,7,47,0,95642,2,0,12
,,1,3,0,0,1,2,38,0,78484,4,0,12
422.1194091456463,23.103987172720977,1,2,1,3,1,11,61,0,80902,1,0,12
267.8198117845287,65.00719957254103,1,2,0,0,0,11,58,0,91494,1,1,12
610.1944208600596,130.01667289491127,1,0,2,2,0,7,57,0,89865,5,0,12
638.3962324498555,176.55894306648733,1,4,2,0,1,5,31,1,109277,4,1,12
907.9186728669064,106.22738029035352,1,4,2,2,1,19,23,1,87191,3,0,12
37.94252831902334,56.46262964587476,1,4,2,3,1,5,54,1,88370,1,0,12
947.9928544312108,,1,5,1,1,1,3,44,1,44525,1,0,12
403.0219896124207,34.74817726661672,1,4,1,1,1,9,24,1,30230,3,1,12
276.0369390073223,161.45338178835112,1,3,1,2,1,20,64,0,69229,5,0,12
239.51549372325997,53.791664470091845,0,5,2,1,1,19,53,0,113047,2,0,12
828.9756281543046,,1,1,2,3,0,2,47,0,110681,2,0,12
347.7517747511251,177.3495749845206,1,1,2,0,1,10,47,0,41317,2,0,12
83.76846358583956,140.47124848264974,1,1,0,2,0,14,29,0,43741,4,0,12
484.8124332414474,127.4661215867954,1,3,2,1,0,6,49,0,66807,5,0,12
575.0797601170501,107.14582140906204,1,4,0,2,0,1,32,1,60883,5,0,12
,64.23332664203238,1,2,1,3,0,9,56,0,87829,3,0,12
657.9591710534015,,1,2,0,1,1,4,69,1,103057,1,0,12
947.8029229875856,86.30532040084182,1,3,2,2,0,10,67,0,41460,4,0,12
876.9399794687254,156.34239581699043,1,2,2,1,0,3,64,1,72008,2,0,12
991.0025783680362,100.79774950536545,0,4,1,1,0,24,49,1,54865,4,0,12
634.784331715723,2.9069284272982054,1,0,1,3,1,18,47,1,87526,5,0,12
164.99338616923654,93.5230313460868,1,4,1,3,0,20,30,0,62820,1,1,12
,,1,3,1,1,0,14,27,1,75194,6,0,12
,143.8322964727031,1,3,1,3,0,22,31,1,79463,2,0,12
503.28544257111906,178.68518983772125,0,4,1,0,1,4,24,1,56156,3,0,12
331.5388959556237,69.90402144949795,1,3,1,3,0,14,21,1,54802,5,0,12
445.33339495739943,102.959545286174,1,1,2,3,0,9,21,0,67774,5,0,12
,20.376192056415565,1,4,1,2,1,16,34,1,76968,2,0,12
790.8200836395087,113.30349786510683,1,2,0,0,0,24,52,0,84883,5,0,12
889.4985856640885,74.99133934669564,1,3,1,1,1,10,63,0,118224,3,0,12
,187.9814634845995,1,1,0,1,1,6,39,1,85490,4,0,12
694.8740186194169,108.32467218445828,1,5,0,2,1,1,48,1,72674,4,0,12
94.79219463853173,178.18470352948202,1,0,1,2,1,1,18,0,31402,5,0,12
532.1285460689633,1.4931615547194357,1,4,2,1,0,13,24,0,54451,2,0,12
399.7733102911239,50.5201986347864,1,0,1,1,0,1,48,0,81168,1,0,12
,93.53234517530376,1,0,0,2,1,17,64,0,59649,3,0,12
224.1243583207607,,1,0,0,2,1,23,43,1,85306,4,0,12
316.09767268003185,109.90850183687785,1,1,2,0,0,10,35,1,94692,5,0,12
22.19923530591239,,0,4,0,0,0,20,39,0,60725,4,0,12
214.50526580852943,116.36920896341742,1,1,2,3,1,21,55,0,38798,5,1,12
988.5482812583696,3.500371963739246,1,3,1,1,1,5,48,1,101021,1,0,12
,,1,0,0,3,0,12,37,1,41676,2,0,12
611.7832575605632,,1,1,2,2,1,15,21,1,43263,5,0,12
995.694992741169,,1,0,2,2,1,6,48,1,86485,4,0,12
754.8444590947655,52.7791411860544,0,3,1,0,1,16,27,0,102636,5,0,12
931.9080719473576,,0,3,1,2,1,5,30,1,36391,5,0,12
826.0574731890363,35.103375978622765,1,1,2,3,1,21,42,1,88355,1,0,12
138.64079744333003,88.45230054140292,1,0,2,1,1,18,21,0,27892,1,0,12
623.6155374087166,,0,2,1,1,0,11,26,0,93473,4,0,12
446.9281615148151,,0,5,1,0,1,14,55,0,84519,2,0,12
,34.395412846524984,1,5,1,2,0,3,48,1,76218,1,0,12
711.0417509198875,,1,2,0,3,0,6,38,1,55791,4,0,12
,134.66966175032255,1,0,0,2,1,1,49,0,85112,4,0,12
895.4260245192162,197.5171467661489,0,5,2,3,0,24,55,0,57915,3,0,12
674.9138217501861,31.220693091095097,0,4,1,1,0,2,44,1,88064,1,0,12
360.49077641644567,84.57736986896887,1,4,1,2,1,14,60,0,51001,5,0,12
205.23906314960672,88.96512459512276,1,2,0,1,0,9,29,1,54838,3,0,12
814.5170428103247,46.04715573287075,1,1,0,3,1,5,24,1,42978,1,0,12
269.52563973922685,9.399572277656688,1,1,1,0,1,8,51,1,39648,5,0,12
,32.12305947621912,1,5,0,1,1,2,44,0,104632,1,0,12
908.9732069811404,83.75785958660921,0,0,1,2,0,1,36,1,47637,2,0,12
450.5830331535717,,1,3,2,3,1,9,41,0,111336,4,0,12
197.6484030271254,67.40305541564328,0,5,1,0,1,19,39,0,60500,2,0,12
675.9685390655712,194.89556248114644,1,1,2,1,1,10,43,0,55012,3,0,12
834.4550694989047,95.75076425928376,0,5,2,0,1,22,28,1,101126,2,0,12
669.6655202705733,90.97747817726398,1,4,2,2,0,9,65,1,91962,2,0,12
54.7871520012404,183.16001619898643,1,4,2,1,1,3,28,0,90275,3,1,12
577.8465208756774,61.63884393193853,1,5,1,0,1,16,20,0,98831,4,0,12
,182.8872149422066,1,5,1,1,1,3,68,1,82719,1,0,12
998.012308358328,,1,5,1,0,1,23,44,0,78285,5,0,12
522.4340309416968,149.71568162228817,1,1,1,1,1,14,61,0,50853,8,0,12
674.463999832854,,1,1,1,1,1,10,19,0,58468,3,0,12
927.336634229046,61.59909774292478,0,3,0,0,0,13,37,0,57134,4,1,12
375.7896007189564,163.76983406564634,1,4,0,1,1,3,59,1,42828,4,0,12
752.7776908349285,,1,5,0,0,0,9,29,0,98732,3,0,12
,160.3308383853106,0,2,2,3,1,1,57,0,95217,5,0,12
615.897842254149,0.7815579281002405,1,4,2,0,1,17,29,1,29359,3,0,12
562.1463363812595,,1,4,2,2,1,20,38,0,110730,2,0,12
734.3443659203149,111.69494851895094,1,3,0,1,1,16,51,0,79264,2,0,12
92.84123119196784,144.1044593152319,1,4,1,3,1,9,35,1,89198,2,0,12
,7.221419026220999,1,3,2,0,0,18,19,0,80855,5,0,12
243.0119847630312,54.23813916233098,1,4,0,3,0,8,52,0,54068,4,0,12
614.0290324973956,10.66872495459581,0,0,2,3,0,14,27,0,101236,5,0,12
272.9725785011472,,1,4,0,3,1,2,38,1,61775,4,0,12
648.1869355780987,19.22418097712908,1,2,0,1,0,23,62,1,65789,2,0,12
,42.9463014863952,1,2,0,1,0,2,40,0,43605,1,1,12
335.062919554873,2.9760106266905506,1,5,1,0,0,14,25,0,100305,5,0,12
886.6680746466554,,1,2,1,0,0,13,24,1,91257,1,0,12
743.1277751155537,58.06479925520796,1,2,0,3,1,5,18,1,27332,4,0,12
274.13697529408796,,0,3,0,2,1,14,42,1,93887,4,0,12
,106.5589224093988,1,0,0,3,0,9,41,0,81065,1,0,12
662.7903692629346,,1,3,2,3,1,12,57,0,83874,1,1,12
726.5737249375636,158.01181003911378,1,1,1,0,1,18,64,1,119007,3,0,12
212.5696776289382,,1,5,0,0,1,17,63,0,70130,1,1,12
928.5799014546473,37.64355577327516,1,1,2,0,1,3,42,1,93251,5,0,12
604.9341492378876,,1,3,2,1,0,1,65,1,68220,1,0,12
845.6716251293675,174.4896852612221,1,1,2,2,1,5,57,1,92552,3,0,12
297.7531533035781,33.09004662290009,1,0,0,1,1,5,66,0,90045,4,0,12
809.4520201711089,108.28211986860016,1,0,1,1,0,21,36,1,65572,3,0,12
852.4638869459725,193.9744698503443,1,3,0,2,1,3,61,0,60279,4,1,12
219.45215612583905,130.59857234184517,1,0,2,1,0,19,54,0,91939,2,0,12
530.5581664030242,,1,3,1,0,1,2,24,0,75538,1,0,12
223.99485363868465,8.556824856699109,1,1,0,3,0,13,19,0,90073,5,0,12
45.08814790887483,125.57823006443564,0,0,1,3,1,17,45,1,110634,5,0,12
,,0,2,0,2,0,17,36,1,87441,5,0,12
954.4157883610616,55.369630093791635,1,1,2,2,1,11,54,0,112423,4,0,12
183.58976775950583,158.24718442542255,1,0,0,0,1,9,42,1,91668,4,0,12
478.78050953861975,95.91276378640772,1,0,0,0,1,23,53,0,63556,2,0,12
800.0970596449977,73.46240571134123,1,5,1,2,1,19,30,0,80741,5,0,12
34.737007740442415,142.44846670318177,0,1,2,3,0,23,66,1,79858,2,0,12
965.4421332554182,13.152638742356038,1,2,2,0,1,19,30,1,85993,3,1,12
661.6185166061207,,1,2,1,2,0,2,40,0,97398,3,0,12
,89.5856765843609,1,3,1,2,0,18,56,1,78034,1,0,12
455.3580375050508,190.9775686322332,1,1,1,0,0,18,37,1,35535,5,0,12
110.9874072582322,184.52087362701397,0,1,1,1,1,24,32,0,42621,2,0,12
856.8905682283095,72.87623051412504,1,0,0,2,0,11,27,0,41548,2,0,12
,36.57153510703146,1,1,1,0,0,1,23,0,43878,1,0,12
611.101853864728,69.52160639864964,1,0,2,2,1,8,19,0,83061,1,0,12
807.3629068713524,199.9037689030079,1,1,0,2,0,5,37,0,40398,4,0,12
499.4165895034885,10.134711954768516,1,1,1,2,1,24,46,1,42883,1,0,12
901.3838246269084,52.856115064794395,1,0,1,3,0,2,35,1,35798,4,0,12
456.7694302694413,157.12111716799285,1,1,2,2,1,4,60,0,113934,1,0,12
,154.17027652326937,1,2,0,1,0,24,68,0,45171,5,0,12
356.8806639157407,,1,4,1,1,1,1,29,1,108508,1,0,12
647.6474339992807,116.02492722972184,1,0,1,0,0,5,36,1,39184,4,0,12
437.61190530545247,15.236440620532598,1,3,2,0,1,15,55,0,82904,1,0,12
78.60466022502955,,0,2,1,1,1,1,68,0,42325,4,0,12
124.7423515444407,124.0335631203485,0,1,2,2,1,7,20,0,67969,3,0,12
19.844239691545027,50.0979431655173,1,2,0,3,1,21,66,0,106419,2,0,12
128.8486296933946,81.26771292384991,1,2,1,0,1,10,61,1,54442,5,0,12
,,1,2,2,3,0,3,62,0,87575,1,0,12
,68.57794585440344,1,0,0,0,0,13,46,1,74031,1,0,12
,52.78509365557549,1,2,2,0,1,11,33,0,41435,3,0,12
,102.91268478470764,1,3,2,3,1,16,50,0,46894,4,0,12
550.135098155346,16.575846397096683,1,2,1,2,0,6,62,1,45237,1,0,12
853.5542607282962,42.33462651007809,1,5,0,2,0,20,61,1,96144,3,0,12
597.4754150412813,9.030656266755988,1,0,2,2,1,15,31,1,97811,4,0,12
999.8695399143596,64.43403625440692,1,0,0,0,0,10,45,1,88741,4,1,12
,75.71797055930966,1,4,2,3,1,5,69,1,49620,1,0,12
243.48244241336093,159.35534273235513,1,4,2,0,1,18,41,0,64988,5,0,12
889.992259194753,165.9957377225797,1,1,1,1,0,10,26,0,57129,6,0,12
,,1,4,2,2,0,12,38,1,108630,2,0,12
132.270564698875,145.42826731217733,1,0,0,2,1,15,45,1,49215,5,1,12
,19.82705489329357,1,5,1,2,0,12,20,0,102485,4,0,12
341.299113836107,140.1387761072584,0,1,0,3,1,12,39,1,81652,5,0,12
,,0,2,0,0,0,24,45,0,105167,4,0,12
932.127745745697,171.65381825908753,1,1,2,0,0,22,34,1,81070,1,0,12
629.882507398148,111.34447512637342,1,1,1,3,1,2,67,1,57119,3,0,12
,24.502143168646672,1,1,0,2,1,18,60,1,43728,2,0,12
,162.2327732654506,1,3,0,1,1,14,26,1,52440,2,0,12
883.1209934270577,,1,5,0,2,1,21,26,1,98489,1,0,12
292.20357747633665,141.2455971799399,1,1,0,3,0,2,58,1,61060,3,0,12
727.8450751678233,159.9755048154855,1,2,2,0,1,9,20,0,96284,4,0,12
405.83348640511593,105.74481603188974,1,0,0,0,1,13,32,1,79770,3,0,12
198.28780567884095,119.74502996009078,1,0,1,0,1,7,62,1,60824,2,0,12
295.62310172742,27.408472465267188,1,1,1,1,0,8,62,1,64673,5,0,12
198.29968877687077,183.5503788478663,1,4,2,2,0,21,59,1,80226,1,0,12
,,1,5,2,3,0,12,60,1,39048,2,0,12
894.7428331125494,133.61978734937873,1,4,2,0,0,17,34,1,74783,5,0,12
905.6737331899774,20.990273695008167,0,4,1,0,0,3,36,1,64609,4,0,12
58.05135809398876,69.1623990220966,0,3,0,1,1,8,38,1,98719,5,0,12
232.6053904109808,81.85812163652251,0,5,1,0,0,23,33,0,89395,1,0,12
832.095508622793,187.63552106002655,1,4,2,3,1,14,65,0,58817,2,0,12
296.76103375811937,187.34375672851135,1,0,1,2,0,19,52,1,79817,2,1,12
,146.43415115183333,1,0,0,1,0,24,27,1,42736,5,0,12
33.274017187190694,4.045945985283272,0,1,0,0,0,5,48,1,63315,3,0,12
293.99600263173187,81.19384587796212,0,1,0,1,0,14,33,0,41012,3,0,12
,98.75823234908168,1,5,0,1,0,13,61,1,77109,1,0,12
,180.6676274353324,1,0,2,2,0,5,22,1,37091,5,1,12
684.6587946858749,157.76818853146267,1,1,2,2,0,8,54,0,55980,2,0,12
245.5538296417459,39.42951443594631,1,5,0,2,1,12,21,0,36293,5,0,12
,,1,3,0,3,1,20,22,0,31248,2,0,12
250.37954069818392,189.6412982421488,0,0,0,0,0,6,33,1,80845,3,0,12
153.18542712157702,116.10654686374798,1,2,0,2,1,12,24,0,71551,6,0,12
,117.3421503251194,1,1,2,0,0,22,59,0,47470,1,0,12
215.35127093807415,,0,2,0,2,0,19,57,0,93915,1,0,12
627.884950499842,187.2949026917612,1,4,0,0,0,23,63,1,63718,2,0,12
182.3639136266492,21.40449154888897,1,5,2,0,0,1,54,0,115875,5,0,12
336.63486652235173,97.29628725628471,1,1,0,0,1,17,28,0,90985,5,0,12
240.0982137396084,45.212028806067586,1,0,1,3,0,7,54,1,40564,3,0,12
,53.79504566731157,1,0,2,2,1,3,59,1,59559,2,0,12
,162.11785659475072,1,3,0,3,0,23,20,0,32688,5,0,12
945.855327579792,156.63258072830743,1,3,0,1,0,5,45,0,91906,1,0,12
315.883094979045,164.5827365321283,1,3,2,0,1,24,36,0,54092,3,0,12
804.2716515507029,61.61085478341137,1,0,2,0,0,10,60,1,46690,3,0,12
750.7395244278937,26.540802709796417,0,1,2,3,0,5,32,0,52731,3,0,12
826.5721954878112,45.17818488942957,1,3,0,0,1,24,53,1,40651,3,0,12
537.343726219128,9.380151725728968,0,5,1,2,1,8,31,1,80540,1,0,12
937.240708157002,18.770695763085964,1,4,0,0,0,16,39,0,69705,3,1,12
,121.3138225736513,1,3,0,0,1,22,30,0,87244,3,0,12
327.35783924915575,28.467879497690006,1,4,0,0,0,12,24,1,50043,2,0,12
891.8257911805426,11.71231845533085,1,1,1,3,1,17,19,1,96335,4,0,12
767.784521899103,,1,3,1,1,1,20,41,1,93928,2,0,12
758.6896582403224,94.91344260981568,1,3,1,1,1,5,26,0,31239,1,0,12
856.0059383777037,178.1080512877547,0,4,0,0,0,15,40,1,99916,2,0,12
,34.74791312714203,0,0,1,2,0,12,38,0,56295,3,0,12
620.5184078986006,93.38873725337416,0,5,1,1,1,6,36,1,57163,2,0,12
802.150232142218,,1,2,0,3,0,5,42,0,35392,1,0,12
456.1658990877906,124.07978545455497,1,3,1,3,0,10,68,0,85350,5,0,12
569.6877298232431,187.24969512151503,1,1,1,1,0,24,25,0,98301,3,0,12
296.248877305077,51.88886757394309,1,2,1,3,1,7,26,0,39146,5,0,12
240.80210070294152,8.2492881081609,1,4,2,0,1,19,61,1,90333,5,0,12
,90.622869912556,1,0,2,1,0,8,21,1,103524,3,0,12
586.7595012594265,183.2368729234812,1,0,0,3,0,16,21,0,75491,3,1,12
107.88018243795872,195.60459002431065,1,5,1,0,0,21,41,0,51160,5,0,12
9.016691772035458,38.21697232159678,1,3,0,1,0,2,40,0,41697,2,0,12
106.6501121491591,30.801473481401565,1,4,1,1,1,10,33,0,70616,4,0,12
41.82883262806192,,0,5,0,3,0,2,24,1,62061,1,0,12
795.3039342888901,163.74736837017957,1,2,1,0,0,15,49,0,42086,5,0,12
,150.73265183752983,1,1,2,0,0,3,50,1,49947,2,0,12
981.47714800058,155.6885859609125,0,0,0,0,1,8,46,1,103555,5,0,12
722.0334744296475,62.28411870883195,1,1,2,3,0,22,66,1,107636,5,0,12
356.4402531784162,140.46175463328382,0,5,2,1,0,1,42,1,54320,3,0,12
,30.83233667195866,1,5,2,3,1,22,49,1,49567,4,0,12
,70.56783245055283,0,3,2,0,1,1,33,1,73569,3,0,12
75.86639744389633,,1,3,2,3,0,9,31,0,71090,5,0,12
313.1753743238734,19.350726295195383,1,1,1,3,0,3,47,1,57727,3,0,12
,,1,1,0,2,0,20,55,1,93964,1,0,12
707.7027345140917,114.916970949554,0,5,0,1,1,21,68,0,101472,5,0,12
485.32844149491626,144.06084832826082,1,0,0,2,0,13,41,0,70767,1,0,12
141.87613475084504,,1,4,2,2,1,3,47,1,38239,2,0,12
154.4232824015903,171.87389892565136,0,0,0,1,1,18,30,1,98868,4,0,12
708.2670225382116,131.30752132371825,1,2,1,1,0,20,34,1,39701,2,0,12
,14.159491033368775,0,3,0,2,1,22,28,1,48517,3,0,12
547.3910369115089,140.31858755237246,1,0,2,3,0,9,32,1,54051,3,0,12
636.4055732860986,,1,1,2,2,1,8,67,0,99035,5,0,12
78.7060652187086,29.21530392826233,1,5,2,3,1,5,66,0,82585,2,0,12
417.1845251938666,115.07435320328024,1,0,0,2,1,15,18,1,79481,5,0,12
679.3004647851963,111.70693193294436,1,4,0,3,1,19,23,1,44781,5,0,12
620.4995786228134,156.89875132280997,1,2,2,1,0,9,22,0,56160,3,0,12
,10.042833838410026,1,4,2,2,1,21,55,0,74492,1,0,12
277.39500393594096,189.18458785767612,0,4,2,2,0,4,65,0,117625,4,0,12
449.1143632706749,,1,4,0,1,1,16,33,1,41096,1,1,12
487.5233674492172,,1,1,0,3,0,3,61,1,50419,5,0,12
,93.88129259208571,1,0,0,2,1,17,61,1,101309,2,0,12
,,1,3,1,3,1,15,50,1,70234,5,1,12
195.23186549736192,160.95073655706324,1,4,2,1,0,16,67,1,67779,4,0,12
,85.41074598768772,1,5,2,1,0,9,22,1,102371,2,1,12
,148.96970640385402,0,0,2,2,0,17,59,1,93351,5,0,12
408.3584711585475,,1,1,1,1,0,14,23,0,52925,3,0,12
,90.4442887721206,1,1,2,1,0,4,36,0,69814,3,0,12
978.2290942173504,23.13178124364157,1,1,1,1,0,17,48,1,109707,2,0,12
398.5818199782537,152.9089673332282,1,3,0,2,0,6,41,0,37874,1,0,12
71.42500039880461,6.438516193543009,1,1,1,3,0,12,32,0,69330,4,0,12
,175.545694392708,1,5,1,3,0,9,25,1,35270,3,0,12
,98.47023005710346,1,0,2,0,1,19,64,0,112010,4,0,12
869.430658392305,133.93516113780538,1,3,2,3,1,9,19,0,61674,1,0,12
342.83503898910186,79.42644551423565,1,4,1,0,1,14,52,0,65327,2,0,12
997.8757492735452,134.04863828588373,1,3,2,2,1,18,26,0,70494,5,0,12
879.4467952323236,41.853251406055826,1,1,1,1,0,14,22,0,54117,5,0,12
595.0545731035985,150.41837473555307,1,5,0,3,1,15,53,0,61014,4,1,12
919.1425296157151,,1,5,0,0,0,3,59,0,48114,5,0,12
319.06917205971564,105.76441425201396,1,1,0,3,1,19,40,0,87482,4,0,12
,120.0465600056892,1,3,1,0,0,22,53,1,82482,1,0,12
877.5391072349983,,0,5,0,3,1,2,22,1,78798,3,0,12
693.8299972477723,110.22808687284854,1,3,1,0,0,17,30,1,107078,5,0,12
942.7754121220012,20.27016574840883,1,0,2,2,1,8,57,0,104367,1,0,12
,,1,1,0,3,0,15,33,1,86799,1,1,12
,63.77870640200671,1,3,0,0,1,17,50,0,95769,5,0,12
,154.9911567404949,1,2,1,3,0,17,24,1,60265,3,0,12
376.7983807488105,122.28176972228856,1,1,0,3,1,5,68,0,72069,3,1,12
999.3810064679597,65.51618528338201,1,3,0,1,1,15,53,1,37423,3,0,12
732.1937803646077,106.02377956858626,1,1,0,3,0,2,59,0,103475,4,0,12
468.7633684815055,,1,0,0,2,1,3,40,1,106793,5,0,12
817.9667717663772,112.98853110018688,1,2,2,0,1,9,57,0,76279,5,0,12
815.761532890584,129.35315309727042,0,5,1,3,0,13,69,0,95143,5,0,12
497.2569030995024,,1,4,0,2,0,11,18,0,89017,5,0,12
741.6808308016499,111.73720541175814,0,2,2,2,0,21,34,0,81953,5,0,12
121.80486360444088,19.64949157441489,1,3,1,1,0,17,46,1,108233,4,0,12
60.531767227071654,97.60246221002384,1,3,2,2,0,14,44,1,55231,5,0,12
,95.7930645346756,1,2,1,0,0,13,48,0,82683,1,0,12
155.8856266895108,,1,5,0,1,1,14,53,1,51548,2,0,12
565.5503659624183,184.59587557552192,0,2,1,2,0,13,57,1,72556,5,0,12
464.4722113064684,173.6718263080537,0,1,0,1,0,22,28,0,94191,3,0,12
744.3314842322425,166.08428604600502,1,3,2,1,0,21,58,1,100919,3,0,12
4.98792232811085,81.73701503922098,0,3,0,3,0,5,42,0,42708,4,1,12
569.6112959156443,189.3124780878647,1,2,0,1,0,18,67,1,46358,4,0,12
,156.05617290496653,1,2,2,2,0,13,57,1,59548,3,0,12
923.2525216035996,172.070270302457,1,3,0,2,0,8,47,1,109751,2,0,12
,137.90852486237716,1,4,2,1,0,9,23,0,58293,2,0,12
,20.637983214587784,1,4,2,2,1,12,39,0,104040,5,0,12
,3.0468868321297693,1,5,2,1,0,20,25,1,48459,4,0,12
596.2036305687319,123.55682225116855,1,5,0,0,1,5,64,0,82689,2,0,12
,,0,2,1,0,1,6,52,1,107164,4,0,12
323.4977587387563,197.1304783659465,1,4,0,3,1,13,40,0,73472,3,0,12
364.75645596469474,9.02287859976514,1,3,1,3,0,15,43,1,99056,4,1,12
631.6228915845312,138.0578131698755,1,4,1,0,1,12,34,1,91958,3,0,12
535.3269653558524,144.4335772664261,0,2,0,3,0,4,63,0,108853,4,0,12
241.19488790073308,104.22518252937292,1,2,1,3,1,11,44,0,95761,1,0,12
679.2551989899487,20.09487412131248,1,2,2,1,0,3,44,0,102287,5,1,12
,,0,0,2,1,1,20,59,0,56736,3,1,12
